near_group_id,image_a,image_b,hash_distance,dataset_a,dataset_b,label_a,label_b,same_label,review_status,recommended_action
NEAR_GRP_0001,Healthy Skin Images by Zahid Jamali\IMG_20250504_122230.jpg,Healthy Skin Images by Zahid Jamali\IMG_20250504_122231.jpg,2,Healthy Skin Images by Zahid Jamali,Healthy Skin Images by Zahid Jamali,Normal,Normal,True,Flagged for Review,Retain one or keep in same split
NEAR_GRP_0002,Healthy Skin Images by Zahid Jamali\IMG_20250504_123103.jpg,Healthy Skin Images by Zahid Jamali\IMG_20250504_123105.jpg,4,Healthy Skin Images by Zahid Jamali,Healthy Skin Images by Zahid Jamali,Normal,Normal,True,Flagged for Review,Retain one or keep in same split
NEAR_GRP_0003,Skin-Disease-Dataset by Subir Biswas\Chickenpox\0_VI-chickenpox (2).jpeg,Skin-Disease-Dataset by Subir Biswas\Chickenpox\105_VI-chickenpox (2).jpeg,0,Skin-Disease-Dataset by Subir Biswas,Skin-Disease-Dataset by Subir Biswas,Chickenpox,Chickenpox,True,Flagged for Review,Retain one or keep in same split
NEAR_GRP_0004,Skin-Disease-Dataset by Subir Biswas\Chickenpox\0_VI-chickenpox (2).jpeg,Skin-Disease-Dataset by Subir Biswas\Chickenpox\106_VI-chickenpox (2).jpeg,0,Skin-Disease-Dataset by Subir Biswas,Skin-Disease-Dataset by Subir Biswas,Chickenpox,Chickenpox,True,Flagged for Review,Retain one or keep in same split
NEAR_GRP_0005,Skin-Disease-Dataset by Subir Biswas\Chickenpox\0_VI-chickenpox (2).jpeg,Skin-Disease-Dataset by Subir Biswas\Chickenpox\30_VI-chickenpox (26).jpg,0,Skin-Disease-Dataset by Subir Biswas,Skin-Disease-Dataset by Subir Biswas,Chickenpox,Chickenpox,True,Flagged for Review,Retain one or keep in same split
NEAR_GRP_0006,Skin-Disease-Dataset by Subir Biswas\Chickenpox\0_VI-chickenpox (2).jpeg,Skin-Disease-Dataset by Subir Biswas\Chickenpox\4_VI-chickenpox (2).jpeg,0,Skin-Disease-Dataset by Subir Biswas,Skin-Disease-Dataset by Subir Biswas,Chickenpox,Chickenpox,True,Flagged for Review,Retain one or keep in same split
NEAR_GRP_0007,Skin-Disease-Dataset by Subir Biswas\Chickenpox\0_VI-chickenpox (2).jpeg,Skin-Disease-Dataset by Subir Biswas\Chickenpox\74_VI-chickenpox (26).jpg,0,Skin-Disease-Dataset by Subir Biswas,Skin-Disease-Dataset by Subir Biswas,Chickenpox,Chickenpox,True,Flagged for Review,Retain one or keep in same split
NEAR_GRP_0008,Skin-Disease-Dataset by Subir Biswas\Chickenpox\100_VI-chickenpox (2).jpg,Skin-Disease-Dataset by Subir Biswas\Chickenpox\77_VI-chickenpox (2).jpg,0,Skin-Disease-Dataset by Subir Biswas,Skin-Disease-Dataset by Subir Biswas,Chickenpox,Chickenpox,True,Flagged for Review,Retain one or keep in same split
NEAR_GRP_0009,Skin-Disease-Dataset by Subir Biswas\Chickenpox\101_VI-chickenpox (12).jpg,Skin-Disease-Dataset by Subir Biswas\Chickenpox\161_VI-chickenpox (12).jpg,0,Skin-Disease-Dataset by Subir Biswas,Skin-Disease-Dataset by Subir Biswas,Chickenpox,Chickenpox,True,Flagged for Review,Retain one or keep in same split
NEAR_GRP_0010,Skin-Disease-Dataset by Subir Biswas\Chickenpox\101_VI-chickenpox (12).jpg,Skin-Disease-Dataset by Subir Biswas\Chickenpox\1_VI-chickenpox (12).jpg,2,Skin-Disease-Dataset by Subir Biswas,Skin-Disease-Dataset by Subir Biswas,Chickenpox,Chickenpox,True,Flagged for Review,Retain one or keep in same split
NEAR_GRP_0011,Skin-Disease-Dataset by Subir Biswas\Chickenpox\101_VI-chickenpox (12).jpg,Skin-Disease-Dataset by Subir Biswas\Chickenpox\60_VI-chickenpox (12).jpg,0,Skin-Disease-Dataset by Subir Biswas,Skin-Disease-Dataset by Subir Biswas,Chickenpox,Chickenpox,True,Flagged for Review,Retain one or keep in same split
NEAR_GRP_0012,Skin-Disease-Dataset by Subir Biswas\Chickenpox\102_VI-chickenpox (2).jpeg,Skin-Disease-Dataset by Subir Biswas\Chickenpox\113_VI-chickenpox (26).jpg,0,Skin-Disease-Dataset by Subir Biswas,Skin-Disease-Dataset by Subir Biswas,Chickenpox,Chickenpox,True,Flagged for Review,Retain one or keep in same split
NEAR_GRP_0013,Skin-Disease-Dataset by Subir Biswas\Chickenpox\102_VI-chickenpox (2).jpeg,Skin-Disease-Dataset by Subir Biswas\Chickenpox\117_VI-chickenpox (2).jpeg,0,Skin-Disease-Dataset by Subir Biswas,Skin-Disease-Dataset by Subir Biswas,Chickenpox,Chickenpox,True,Flagged for Review,Retain one or keep in same split
NEAR_GRP_0014,Skin-Disease-Dataset by Subir Biswas\Chickenpox\102_VI-chickenpox (2).jpeg,Skin-Disease-Dataset by Subir Biswas\Chickenpox\126_VI-chickenpox (26).jpg,4,Skin-Disease-Dataset by Subir Biswas,Skin-Disease-Dataset by Subir Biswas,Chickenpox,Chickenpox,True,Flagged for Review,Retain one or keep in same split
NEAR_GRP_0015,Skin-Disease-Dataset by Subir Biswas\Chickenpox\102_VI-chickenpox (2).jpeg,Skin-Disease-Dataset by Subir Biswas\Chickenpox\150_VI-chickenpox (2).jpeg,4,Skin-Disease-Dataset by Subir Biswas,Skin-Disease-Dataset by Subir Biswas,Chickenpox,Chickenpox,True,Flagged for Review,Retain one or keep in same split
NEAR_GRP_0016,Skin-Disease-Dataset by Subir Biswas\Chickenpox\102_VI-chickenpox (2).jpeg,Skin-Disease-Dataset by Subir Biswas\Chickenpox\155_VI-chickenpox (2).jpeg,0,Skin-Disease-Dataset by Subir Biswas,Skin-Disease-Dataset by Subir Biswas,Chickenpox,Chickenpox,True,Flagged for Review,Retain one or keep in same split
NEAR_GRP_0017,Skin-Disease-Dataset by Subir Biswas\Chickenpox\102_VI-chickenpox (2).jpeg,Skin-Disease-Dataset by Subir Biswas\Chickenpox\25_VI-chickenpox (2).jpeg,0,Skin-Disease-Dataset by Subir Biswas,Skin-Disease-Dataset by Subir Biswas,Chickenpox,Chickenpox,True,Flagged for Review,Retain one or keep in same split
NEAR_GRP_0018,Skin-Disease-Dataset by Subir Biswas\Chickenpox\102_VI-chickenpox (2).jpeg,Skin-Disease-Dataset by Subir Biswas\Chickenpox\89_VI-chickenpox (26).jpg,0,Skin-Disease-Dataset by Subir Biswas,Skin-Disease-Dataset by Subir Biswas,Chickenpox,Chickenpox,True,Flagged for Review,Retain one or keep in same split
NEAR_GRP_0019,Skin-Disease-Dataset by Subir Biswas\Chickenpox\102_VI-chickenpox (2).jpeg,Skin-Disease-Dataset by Subir Biswas\Chickenpox\90_VI-chickenpox (26).jpg,2,Skin-Disease-Dataset by Subir Biswas,Skin-Disease-Dataset by Subir Biswas,Chickenpox,Chickenpox,True,Flagged for Review,Retain one or keep in same split
NEAR_GRP_0020,Skin-Disease-Dataset by Subir Biswas\Chickenpox\102_VI-chickenpox (2).jpeg,Skin-Disease-Dataset by Subir Biswas\Chickenpox\99_VI-chickenpox (2).jpeg,0,Skin-Disease-Dataset by Subir Biswas,Skin-Disease-Dataset by Subir Biswas,Chickenpox,Chickenpox,True,Flagged for Review,Retain one or keep in same split
NEAR_GRP_0021,Skin-Disease-Dataset by Subir Biswas\Chickenpox\103_VI-chickenpox (20).jpg,Skin-Disease-Dataset by Subir Biswas\Chickenpox\127_VI-chickenpox (20).jpg,0,Skin-Disease-Dataset by Subir Biswas,Skin-Disease-Dataset by Subir Biswas,Chickenpox,Chickenpox,True,Flagged for Review,Retain one or keep in same split
NEAR_GRP_0022,Skin-Disease-Dataset by Subir Biswas\Chickenpox\103_VI-chickenpox (20).jpg,Skin-Disease-Dataset by Subir Biswas\Chickenpox\31_VI-chickenpox (20).jpg,0,Skin-Disease-Dataset by Subir Biswas,Skin-Disease-Dataset by Subir Biswas,Chickenpox,Chickenpox,True,Flagged for Review,Retain one or keep in same split
NEAR_GRP_0023,Skin-Disease-Dataset by Subir Biswas\Chickenpox\103_VI-chickenpox (20).jpg,Skin-Disease-Dataset by Subir Biswas\Chickenpox\54_VI-chickenpox (20).jpg,0,Skin-Disease-Dataset by Subir Biswas,Skin-Disease-Dataset by Subir Biswas,Chickenpox,Chickenpox,True,Flagged for Review,Retain one or keep in same split
NEAR_GRP_0024,Skin-Disease-Dataset by Subir Biswas\Chickenpox\103_VI-chickenpox (20).jpg,Skin-Disease-Dataset by Subir Biswas\Chickenpox\59_VI-chickenpox (20).jpg,0,Skin-Disease-Dataset by Subir Biswas,Skin-Disease-Dataset by Subir Biswas,Chickenpox,Chickenpox,True,Flagged for Review,Retain one or keep in same split
NEAR_GRP_0025,Skin-Disease-Dataset by Subir Biswas\Chickenpox\104_VI-chickenpox (11).jpg,Skin-Disease-Dataset by Subir Biswas\Chickenpox\130_VI-chickenpox (11).jpg,0,Skin-Disease-Dataset by Subir Biswas,Skin-Disease-Dataset by Subir Biswas,Chickenpox,Chickenpox,True,Flagged for Review,Retain one or keep in same split
NEAR_GRP_0026,Skin-Disease-Dataset by Subir Biswas\Chickenpox\104_VI-chickenpox (11).jpg,Skin-Disease-Dataset by Subir Biswas\Chickenpox\51_VI-chickenpox (11).jpg,0,Skin-Disease-Dataset by Subir Biswas,Skin-Disease-Dataset by Subir Biswas,Chickenpox,Chickenpox,True,Flagged for Review,Retain one or keep in same split
NEAR_GRP_0027,Skin-Disease-Dataset by Subir Biswas\Chickenpox\104_VI-chickenpox (11).jpg,Skin-Disease-Dataset by Subir Biswas\Chickenpox\97_VI-chickenpox (11).jpg,2,Skin-Disease-Dataset by Subir Biswas,Skin-Disease-Dataset by Subir Biswas,Chickenpox,Chickenpox,True,Flagged for Review,Retain one or keep in same split
NEAR_GRP_0028,Skin-Disease-Dataset by Subir Biswas\Chickenpox\105_VI-chickenpox (2).jpeg,Skin-Disease-Dataset by Subir Biswas\Chickenpox\106_VI-chickenpox (2).jpeg,0,Skin-Disease-Dataset by Subir Biswas,Skin-Disease-Dataset by Subir Biswas,Chickenpox,Chickenpox,True,Flagged for Review,Retain one or keep in same split
NEAR_GRP_0029,Skin-Disease-Dataset by Subir Biswas\Chickenpox\105_VI-chickenpox (2).jpeg,Skin-Disease-Dataset by Subir Biswas\Chickenpox\30_VI-chickenpox (26).jpg,0,Skin-Disease-Dataset by Subir Biswas,Skin-Disease-Dataset by Subir Biswas,Chickenpox,Chickenpox,True,Flagged for Review,Retain one or keep in same split
NEAR_GRP_0030,Skin-Disease-Dataset by Subir Biswas\Chickenpox\105_VI-chickenpox (2).jpeg,Skin-Disease-Dataset by Subir Biswas\Chickenpox\4_VI-chickenpox (2).jpeg,0,Skin-Disease-Dataset by Subir Biswas,Skin-Disease-Dataset by Subir Biswas,Chickenpox,Chickenpox,True,Flagged for Review,Retain one or keep in same split
NEAR_GRP_0031,Skin-Disease-Dataset by Subir Biswas\Chickenpox\105_VI-chickenpox (2).jpeg,Skin-Disease-Dataset by Subir Biswas\Chickenpox\74_VI-chickenpox (26).jpg,0,Skin-Disease-Dataset by Subir Biswas,Skin-Disease-Dataset by Subir Biswas,Chickenpox,Chickenpox,True,Flagged for Review,Retain one or keep in same split
NEAR_GRP_0032,Skin-Disease-Dataset by Subir Biswas\Chickenpox\106_VI-chickenpox (2).jpeg,Skin-Disease-Dataset by Subir Biswas\Chickenpox\30_VI-chickenpox (26).jpg,0,Skin-Disease-Dataset by Subir Biswas,Skin-Disease-Dataset by Subir Biswas,Chickenpox,Chickenpox,True,Flagged for Review,Retain one or keep in same split
NEAR_GRP_0033,Skin-Disease-Dataset by Subir Biswas\Chickenpox\106_VI-chickenpox (2).jpeg,Skin-Disease-Dataset by Subir Biswas\Chickenpox\4_VI-chickenpox (2).jpeg,0,Skin-Disease-Dataset by Subir Biswas,Skin-Disease-Dataset by Subir Biswas,Chickenpox,Chickenpox,True,Flagged for Review,Retain one or keep in same split
NEAR_GRP_0034,Skin-Disease-Dataset by Subir Biswas\Chickenpox\106_VI-chickenpox (2).jpeg,Skin-Disease-Dataset by Subir Biswas\Chickenpox\74_VI-chickenpox (26).jpg,0,Skin-Disease-Dataset by Subir Biswas,Skin-Disease-Dataset by Subir Biswas,Chickenpox,Chickenpox,True,Flagged for Review,Retain one or keep in same split
NEAR_GRP_0035,Skin-Disease-Dataset by Subir Biswas\Chickenpox\107_VI-chickenpox (17).jpg,Skin-Disease-Dataset by Subir Biswas\Chickenpox\111_VI-chickenpox (17).jpg,2,Skin-Disease-Dataset by Subir Biswas,Skin-Disease-Dataset by Subir Biswas,Chickenpox,Chickenpox,True,Flagged for Review,Retain one or keep in same split
NEAR_GRP_0036,Skin-Disease-Dataset by Subir Biswas\Chickenpox\107_VI-chickenpox (17).jpg,Skin-Disease-Dataset by Subir Biswas\Chickenpox\158_VI-chickenpox (17).jpg,0,Skin-Disease-Dataset by Subir Biswas,Skin-Disease-Dataset by Subir Biswas,Chickenpox,Chickenpox,True,Flagged for Review,Retain one or keep in same split
NEAR_GRP_0037,Skin-Disease-Dataset by Subir Biswas\Chickenpox\107_VI-chickenpox (17).jpg,Skin-Disease-Dataset by Subir Biswas\Chickenpox\3_VI-chickenpox (17).jpg,2,Skin-Disease-Dataset by Subir Biswas,Skin-Disease-Dataset by Subir Biswas,Chickenpox,Chickenpox,True,Flagged for Review,Retain one or keep in same split
NEAR_GRP_0038,Skin-Disease-Dataset by Subir Biswas\Chickenpox\107_VI-chickenpox (17).jpg,Skin-Disease-Dataset by Subir Biswas\Chickenpox\48_VI-chickenpox (17).jpg,0,Skin-Disease-Dataset by Subir Biswas,Skin-Disease-Dataset by Subir Biswas,Chickenpox,Chickenpox,True,Flagged for Review,Retain one or keep in same split
NEAR_GRP_0039,Skin-Disease-Dataset by Subir Biswas\Chickenpox\107_VI-chickenpox (17).jpg,Skin-Disease-Dataset by Subir Biswas\Chickenpox\70_VI-chickenpox (17).jpg,2,Skin-Disease-Dataset by Subir Biswas,Skin-Disease-Dataset by Subir Biswas,Chickenpox,Chickenpox,True,Flagged for Review,Retain one or keep in same split
NEAR_GRP_0040,Skin-Disease-Dataset by Subir Biswas\Chickenpox\108_VI-chickenpox (9).jpg,Skin-Disease-Dataset by Subir Biswas\Chickenpox\147_VI-chickenpox (25).jpg,2,Skin-Disease-Dataset by Subir Biswas,Skin-Disease-Dataset by Subir Biswas,Chickenpox,Chickenpox,True,Flagged for Review,Retain one or keep in same split
NEAR_GRP_0041,Skin-Disease-Dataset by Subir Biswas\Chickenpox\108_VI-chickenpox (9).jpg,Skin-Disease-Dataset by Subir Biswas\Chickenpox\156_VI-chickenpox (9).jpg,0,Skin-Disease-Dataset by Subir Biswas,Skin-Disease-Dataset by Subir Biswas,Chickenpox,Chickenpox,True,Flagged for Review,Retain one or keep in same split
NEAR_GRP_0042,Skin-Disease-Dataset by Subir Biswas\Chickenpox\108_VI-chickenpox (9).jpg,Skin-Disease-Dataset by Subir Biswas\Chickenpox\87_VI-chickenpox (25).jpg,2,Skin-Disease-Dataset by Subir Biswas,Skin-Disease-Dataset by Subir Biswas,Chickenpox,Chickenpox,True,Flagged for Review,Retain one or keep in same split
NEAR_GRP_0043,Skin-Disease-Dataset by Subir Biswas\Chickenpox\109_VI-chickenpox (19).jpg,Skin-Disease-Dataset by Subir Biswas\Chickenpox\144_VI-chickenpox (19).jpg,4,Skin-Disease-Dataset by Subir Biswas,Skin-Disease-Dataset by Subir Biswas,Chickenpox,Chickenpox,True,Flagged for Review,Retain one or keep in same split
NEAR_GRP_0044,Skin-Disease-Dataset by Subir Biswas\Chickenpox\109_VI-chickenpox (19).jpg,Skin-Disease-Dataset by Subir Biswas\Chickenpox\153_VI-chickenpox (19).jpg,4,Skin-Disease-Dataset by Subir Biswas,Skin-Disease-Dataset by Subir Biswas,Chickenpox,Chickenpox,True,Flagged for Review,Retain one or keep in same split
NEAR_GRP_0045,Skin-Disease-Dataset by Subir Biswas\Chickenpox\109_VI-chickenpox (19).jpg,Skin-Disease-Dataset by Subir Biswas\Chickenpox\62_VI-chickenpox (19).jpg,4,Skin-Disease-Dataset by Subir Biswas,Skin-Disease-Dataset by Subir Biswas,Chickenpox,Chickenpox,True,Flagged for Review,Retain one or keep in same split
NEAR_GRP_0046,Skin-Disease-Dataset by Subir Biswas\Chickenpox\10_VI-chickenpox (27).jpg,Skin-Disease-Dataset by Subir Biswas\Chickenpox\17_VI-chickenpox (27).jpg,0,Skin-Disease-Dataset by Subir Biswas,Skin-Disease-Dataset by Subir Biswas,Chickenpox,Chickenpox,True,Flagged for Review,Retain one or keep in same split
NEAR_GRP_0047,Skin-Disease-Dataset by Subir Biswas\Chickenpox\110_VI-chickenpox (12).jpg,Skin-Disease-Dataset by Subir Biswas\Chickenpox\11_VI-chickenpox (12).jpg,2,Skin-Disease-Dataset by Subir Biswas,Skin-Disease-Dataset by Subir Biswas,Chickenpox,Chickenpox,True,Flagged for Review,Retain one or keep in same split
NEAR_GRP_0048,Skin-Disease-Dataset by Subir Biswas\Chickenpox\110_VI-chickenpox (12).jpg,Skin-Disease-Dataset by Subir Biswas\Chickenpox\148_VI-chickenpox (12).jpg,0,Skin-Disease-Dataset by Subir Biswas,Skin-Disease-Dataset by Subir Biswas,Chickenpox,Chickenpox,True,Flagged for Review,Retain one or keep in same split
NEAR_GRP_0049,Skin-Disease-Dataset by Subir Biswas\Chickenpox\110_VI-chickenpox (12).jpg,Skin-Disease-Dataset by Subir Biswas\Chickenpox\149_VI-chickenpox (12).jpg,0,Skin-Disease-Dataset by Subir Biswas,Skin-Disease-Dataset by Subir Biswas,Chickenpox,Chickenpox,True,Flagged for Review,Retain one or keep in same split
NEAR_GRP_0050,Skin-Disease-Dataset by Subir Biswas\Chickenpox\110_VI-chickenpox (12).jpg,Skin-Disease-Dataset by Subir Biswas\Chickenpox\67_VI-chickenpox (12).jpg,0,Skin-Disease-Dataset by Subir Biswas,Skin-Disease-Dataset by Subir Biswas,Chickenpox,Chickenpox,True,Flagged for Review,Retain one or keep in same split
NEAR_GRP_0051,Skin-Disease-Dataset by Subir Biswas\Chickenpox\111_VI-chickenpox (17).jpg,Skin-Disease-Dataset by Subir Biswas\Chickenpox\158_VI-chickenpox (17).jpg,2,Skin-Disease-Dataset by Subir Biswas,Skin-Disease-Dataset by Subir Biswas,Chickenpox,Chickenpox,True,Flagged for Review,Retain one or keep in same split
NEAR_GRP_0052,Skin-Disease-Dataset by Subir Biswas\Chickenpox\111_VI-chickenpox (17).jpg,Skin-Disease-Dataset by Subir Biswas\Chickenpox\3_VI-chickenpox (17).jpg,2,Skin-Disease-Dataset by Subir Biswas,Skin-Disease-Dataset by Subir Biswas,Chickenpox,Chickenpox,True,Flagged for Review,Retain one or keep in same split
NEAR_GRP_0053,Skin-Disease-Dataset by Subir Biswas\Chickenpox\111_VI-chickenpox (17).jpg,Skin-Disease-Dataset by Subir Biswas\Chickenpox\48_VI-chickenpox (17).jpg,2,Skin-Disease-Dataset by Subir Biswas,Skin-Disease-Dataset by Subir Biswas,Chickenpox,Chickenpox,True,Flagged for Review,Retain one or keep in same split
NEAR_GRP_0054,Skin-Disease-Dataset by Subir Biswas\Chickenpox\111_VI-chickenpox (17).jpg,Skin-Disease-Dataset by Subir Biswas\Chickenpox\70_VI-chickenpox (17).jpg,2,Skin-Disease-Dataset by Subir Biswas,Skin-Disease-Dataset by Subir Biswas,Chickenpox,Chickenpox,True,Flagged for Review,Retain one or keep in same split
NEAR_GRP_0055,Skin-Disease-Dataset by Subir Biswas\Chickenpox\112_VI-chickenpox (10).jpg,Skin-Disease-Dataset by Subir Biswas\Chickenpox\23_VI-chickenpox (10).jpg,0,Skin-Disease-Dataset by Subir Biswas,Skin-Disease-Dataset by Subir Biswas,Chickenpox,Chickenpox,True,Flagged for Review,Retain one or keep in same split
NEAR_GRP_0056,Skin-Disease-Dataset by Subir Biswas\Chickenpox\112_VI-chickenpox (10).jpg,Skin-Disease-Dataset by Subir Biswas\Chickenpox\92_VI-chickenpox (10).jpg,0,Skin-Disease-Dataset by Subir Biswas,Skin-Disease-Dataset by Subir Biswas,Chickenpox,Chickenpox,True,Flagged for Review,Retain one or keep in same split
NEAR_GRP_0057,Skin-Disease-Dataset by Subir Biswas\Chickenpox\113_VI-chickenpox (26).jpg,Skin-Disease-Dataset by Subir Biswas\Chickenpox\117_VI-chickenpox (2).jpeg,0,Skin-Disease-Dataset by Subir Biswas,Skin-Disease-Dataset by Subir Biswas,Chickenpox,Chickenpox,True,Flagged for Review,Retain one or keep in same split
NEAR_GRP_0058,Skin-Disease-Dataset by Subir Biswas\Chickenpox\113_VI-chickenpox (26).jpg,Skin-Disease-Dataset by Subir Biswas\Chickenpox\126_VI-chickenpox (26).jpg,4,Skin-Disease-Dataset by Subir Biswas,Skin-Disease-Dataset by Subir Biswas,Chickenpox,Chickenpox,True,Flagged for Review,Retain one or keep in same split
NEAR_GRP_0059,Skin-Disease-Dataset by Subir Biswas\Chickenpox\113_VI-chickenpox (26).jpg,Skin-Disease-Dataset by Subir Biswas\Chickenpox\150_VI-chickenpox (2).jpeg,4,Skin-Disease-Dataset by Subir Biswas,Skin-Disease-Dataset by Subir Biswas,Chickenpox,Chickenpox,True,Flagged for Review,Retain one or keep in same split
NEAR_GRP_0060,Skin-Disease-Dataset by Subir Biswas\Chickenpox\113_VI-chickenpox (26).jpg,Skin-Disease-Dataset by Subir Biswas\Chickenpox\155_VI-chickenpox (2).jpeg,0,Skin-Disease-Dataset by Subir Biswas,Skin-Disease-Dataset by Subir Biswas,Chickenpox,Chickenpox,True,Flagged for Review,Retain one or keep in same split
NEAR_GRP_0061,Skin-Disease-Dataset by Subir Biswas\Chickenpox\113_VI-chickenpox (26).jpg,Skin-Disease-Dataset by Subir Biswas\Chickenpox\25_VI-chickenpox (2).jpeg,0,Skin-Disease-Dataset by Subir Biswas,Skin-Disease-Dataset by Subir Biswas,Chickenpox,Chickenpox,True,Flagged for Review,Retain one or keep in same split
NEAR_GRP_0062,Skin-Disease-Dataset by Subir Biswas\Chickenpox\113_VI-chickenpox (26).jpg,Skin-Disease-Dataset by Subir Biswas\Chickenpox\89_VI-chickenpox (26).jpg,0,Skin-Disease-Dataset by Subir Biswas,Skin-Disease-Dataset by Subir Biswas,Chickenpox,Chickenpox,True,Flagged for Review,Retain one or keep in same split
NEAR_GRP_0063,Skin-Disease-Dataset by Subir Biswas\Chickenpox\113_VI-chickenpox (26).jpg,Skin-Disease-Dataset by Subir Biswas\Chickenpox\90_VI-chickenpox (26).jpg,2,Skin-Disease-Dataset by Subir Biswas,Skin-Disease-Dataset by Subir Biswas,Chickenpox,Chickenpox,True,Flagged for Review,Retain one or keep in same split
NEAR_GRP_0064,Skin-Disease-Dataset by Subir Biswas\Chickenpox\113_VI-chickenpox (26).jpg,Skin-Disease-Dataset by Subir Biswas\Chickenpox\99_VI-chickenpox (2).jpeg,0,Skin-Disease-Dataset by Subir Biswas,Skin-Disease-Dataset by Subir Biswas,Chickenpox,Chickenpox,True,Flagged for Review,Retain one or keep in same split
NEAR_GRP_0065,Skin-Disease-Dataset by Subir Biswas\Chickenpox\114_VI-chickenpox (22).jpg,Skin-Disease-Dataset by Subir Biswas\Chickenpox\159_VI-chickenpox (22).jpg,0,Skin-Disease-Dataset by Subir Biswas,Skin-Disease-Dataset by Subir Biswas,Chickenpox,Chickenpox,True,Flagged for Review,Retain one or keep in same split
NEAR_GRP_0066,Skin-Disease-Dataset by Subir Biswas\Chickenpox\114_VI-chickenpox (22).jpg,Skin-Disease-Dataset by Subir Biswas\Chickenpox\40_VI-chickenpox (22).jpg,0,Skin-Disease-Dataset by Subir Biswas,Skin-Disease-Dataset by Subir Biswas,Chickenpox,Chickenpox,True,Flagged for Review,Retain one or keep in same split
NEAR_GRP_0067,Skin-Disease-Dataset by Subir Biswas\Chickenpox\115_VI-chickenpox (27).jpg,Skin-Disease-Dataset by Subir Biswas\Chickenpox\136_VI-chickenpox (27).jpg,2,Skin-Disease-Dataset by Subir Biswas,Skin-Disease-Dataset by Subir Biswas,Chickenpox,Chickenpox,True,Flagged for Review,Retain one or keep in same split
NEAR_GRP_0068,Skin-Disease-Dataset by Subir Biswas\Chickenpox\115_VI-chickenpox (27).jpg,Skin-Disease-Dataset by Subir Biswas\Chickenpox\140_VI-chickenpox (27).jpg,2,Skin-Disease-Dataset by Subir Biswas,Skin-Disease-Dataset by Subir Biswas,Chickenpox,Chickenpox,True,Flagged for Review,Retain one or keep in same split
NEAR_GRP_0069,Skin-Disease-Dataset by Subir Biswas\Chickenpox\116_VI-chickenpox (1).jpeg,Skin-Disease-Dataset by Subir Biswas\Chickenpox\15_VI-chickenpox (1).jpeg,0,Skin-Disease-Dataset by Subir Biswas,Skin-Disease-Dataset by Subir Biswas,Chickenpox,Chickenpox,True,Flagged for Review,Retain one or keep in same split
NEAR_GRP_0070,Skin-Disease-Dataset by Subir Biswas\Chickenpox\116_VI-chickenpox (1).jpeg,Skin-Disease-Dataset by Subir Biswas\Chickenpox\21_VI-chickenpox (1).jpeg,0,Skin-Disease-Dataset by Subir Biswas,Skin-Disease-Dataset by Subir Biswas,Chickenpox,Chickenpox,True,Flagged for Review,Retain one or keep in same split
NEAR_GRP_0071,Skin-Disease-Dataset by Subir Biswas\Chickenpox\116_VI-chickenpox (1).jpeg,Skin-Disease-Dataset by Subir Biswas\Chickenpox\22_VI-chickenpox (24).jpg,2,Skin-Disease-Dataset by Subir Biswas,Skin-Disease-Dataset by Subir Biswas,Chickenpox,Chickenpox,True,Flagged for Review,Retain one or keep in same split
NEAR_GRP_0072,Skin-Disease-Dataset by Subir Biswas\Chickenpox\116_VI-chickenpox (1).jpeg,Skin-Disease-Dataset by Subir Biswas\Chickenpox\37_VI-chickenpox (24).jpg,0,Skin-Disease-Dataset by Subir Biswas,Skin-Disease-Dataset by Subir Biswas,Chickenpox,Chickenpox,True,Flagged for Review,Retain one or keep in same split
NEAR_GRP_0073,Skin-Disease-Dataset by Subir Biswas\Chickenpox\116_VI-chickenpox (1).jpeg,Skin-Disease-Dataset by Subir Biswas\Chickenpox\5_VI-chickenpox (1).jpeg,0,Skin-Disease-Dataset by Subir Biswas,Skin-Disease-Dataset by Subir Biswas,Chickenpox,Chickenpox,True,Flagged for Review,Retain one or keep in same split
NEAR_GRP_0074,Skin-Disease-Dataset by Subir Biswas\Chickenpox\116_VI-chickenpox (1).jpeg,Skin-Disease-Dataset by Subir Biswas\Chickenpox\86_VI-chickenpox (24).jpg,0,Skin-Disease-Dataset by Subir Biswas,Skin-Disease-Dataset by Subir Biswas,Chickenpox,Chickenpox,True,Flagged for Review,Retain one or keep in same split
NEAR_GRP_0075,Skin-Disease-Dataset by Subir Biswas\Chickenpox\116_VI-chickenpox (1).jpeg,Skin-Disease-Dataset by Subir Biswas\Chickenpox\98_VI-chickenpox (1).jpeg,0,Skin-Disease-Dataset by Subir Biswas,Skin-Disease-Dataset by Subir Biswas,Chickenpox,Chickenpox,True,Flagged for Review,Retain one or keep in same split
NEAR_GRP_0076,Skin-Disease-Dataset by Subir Biswas\Chickenpox\117_VI-chickenpox (2).jpeg,Skin-Disease-Dataset by Subir Biswas\Chickenpox\126_VI-chickenpox (26).jpg,4,Skin-Disease-Dataset by Subir Biswas,Skin-Disease-Dataset by Subir Biswas,Chickenpox,Chickenpox,True,Flagged for Review,Retain one or keep in same split
NEAR_GRP_0077,Skin-Disease-Dataset by Subir Biswas\Chickenpox\117_VI-chickenpox (2).jpeg,Skin-Disease-Dataset by Subir Biswas\Chickenpox\150_VI-chickenpox (2).jpeg,4,Skin-Disease-Dataset by Subir Biswas,Skin-Disease-Dataset by Subir Biswas,Chickenpox,Chickenpox,True,Flagged for Review,Retain one or keep in same split
NEAR_GRP_0078,Skin-Disease-Dataset by Subir Biswas\Chickenpox\117_VI-chickenpox (2).jpeg,Skin-Disease-Dataset by Subir Biswas\Chickenpox\155_VI-chickenpox (2).jpeg,0,Skin-Disease-Dataset by Subir Biswas,Skin-Disease-Dataset by Subir Biswas,Chickenpox,Chickenpox,True,Flagged for Review,Retain one or keep in same split
NEAR_GRP_0079,Skin-Disease-Dataset by Subir Biswas\Chickenpox\117_VI-chickenpox (2).jpeg,Skin-Disease-Dataset by Subir Biswas\Chickenpox\25_VI-chickenpox (2).jpeg,0,Skin-Disease-Dataset by Subir Biswas,Skin-Disease-Dataset by Subir Biswas,Chickenpox,Chickenpox,True,Flagged for Review,Retain one or keep in same split
NEAR_GRP_0080,Skin-Disease-Dataset by Subir Biswas\Chickenpox\117_VI-chickenpox (2).jpeg,Skin-Disease-Dataset by Subir Biswas\Chickenpox\89_VI-chickenpox (26).jpg,0,Skin-Disease-Dataset by Subir Biswas,Skin-Disease-Dataset by Subir Biswas,Chickenpox,Chickenpox,True,Flagged for Review,Retain one or keep in same split
NEAR_GRP_0081,Skin-Disease-Dataset by Subir Biswas\Chickenpox\117_VI-chickenpox (2).jpeg,Skin-Disease-Dataset by Subir Biswas\Chickenpox\90_VI-chickenpox (26).jpg,2,Skin-Disease-Dataset by Subir Biswas,Skin-Disease-Dataset by Subir Biswas,Chickenpox,Chickenpox,True,Flagged for Review,Retain one or keep in same split
NEAR_GRP_0082,Skin-Disease-Dataset by Subir Biswas\Chickenpox\117_VI-chickenpox (2).jpeg,Skin-Disease-Dataset by Subir Biswas\Chickenpox\99_VI-chickenpox (2).jpeg,0,Skin-Disease-Dataset by Subir Biswas,Skin-Disease-Dataset by Subir Biswas,Chickenpox,Chickenpox,True,Flagged for Review,Retain one or keep in same split
NEAR_GRP_0083,Skin-Disease-Dataset by Subir Biswas\Chickenpox\118_VI-chickenpox (18).jpg,Skin-Disease-Dataset by Subir Biswas\Chickenpox\121_VI-chickenpox (18).jpg,0,Skin-Disease-Dataset by Subir Biswas,Skin-Disease-Dataset by Subir Biswas,Chickenpox,Chickenpox,True,Flagged for Review,Retain one or keep in same split
NEAR_GRP_0084,Skin-Disease-Dataset by Subir Biswas\Chickenpox\118_VI-chickenpox (18).jpg,Skin-Disease-Dataset by Subir Biswas\Chickenpox\152_VI-chickenpox (18).jpg,0,Skin-Disease-Dataset by Subir Biswas,Skin-Disease-Dataset by Subir Biswas,Chickenpox,Chickenpox,True,Flagged for Review,Retain one or keep in same split
NEAR_GRP_0085,Skin-Disease-Dataset by Subir Biswas\Chickenpox\119_VI-chickenpox (15).jpg,Skin-Disease-Dataset by Subir Biswas\Chickenpox\141_VI-chickenpox (15).jpg,0,Skin-Disease-Dataset by Subir Biswas,Skin-Disease-Dataset by Subir Biswas,Chickenpox,Chickenpox,True,Flagged for Review,Retain one or keep in same split
NEAR_GRP_0086,Skin-Disease-Dataset by Subir Biswas\Chickenpox\119_VI-chickenpox (15).jpg,Skin-Disease-Dataset by Subir Biswas\Chickenpox\142_VI-chickenpox (5).jpg,0,Skin-Disease-Dataset by Subir Biswas,Skin-Disease-Dataset by Subir Biswas,Chickenpox,Chickenpox,True,Flagged for Review,Retain one or keep in same split
NEAR_GRP_0087,Skin-Disease-Dataset by Subir Biswas\Chickenpox\119_VI-chickenpox (15).jpg,Skin-Disease-Dataset by Subir Biswas\Chickenpox\160_VI-chickenpox (5).jpg,0,Skin-Disease-Dataset by Subir Biswas,Skin-Disease-Dataset by Subir Biswas,Chickenpox,Chickenpox,True,Flagged for Review,Retain one or keep in same split
NEAR_GRP_0088,Skin-Disease-Dataset by Subir Biswas\Chickenpox\119_VI-chickenpox (15).jpg,Skin-Disease-Dataset by Subir Biswas\Chickenpox\163_VI-chickenpox (15).jpg,2,Skin-Disease-Dataset by Subir Biswas,Skin-Disease-Dataset by Subir Biswas,Chickenpox,Chickenpox,True,Flagged for Review,Retain one or keep in same split
NEAR_GRP_0089,Skin-Disease-Dataset by Subir Biswas\Chickenpox\119_VI-chickenpox (15).jpg,Skin-Disease-Dataset by Subir Biswas\Chickenpox\34_VI-chickenpox (15).jpg,0,Skin-Disease-Dataset by Subir Biswas,Skin-Disease-Dataset by Subir Biswas,Chickenpox,Chickenpox,True,Flagged for Review,Retain one or keep in same split
NEAR_GRP_0090,Skin-Disease-Dataset by Subir Biswas\Chickenpox\119_VI-chickenpox (15).jpg,Skin-Disease-Dataset by Subir Biswas\Chickenpox\45_VI-chickenpox (5).jpg,0,Skin-Disease-Dataset by Subir Biswas,Skin-Disease-Dataset by Subir Biswas,Chickenpox,Chickenpox,True,Flagged for Review,Retain one or keep in same split
NEAR_GRP_0091,Skin-Disease-Dataset by Subir Biswas\Chickenpox\11_VI-chickenpox (12).jpg,Skin-Disease-Dataset by Subir Biswas\Chickenpox\148_VI-chickenpox (12).jpg,2,Skin-Disease-Dataset by Subir Biswas,Skin-Disease-Dataset by Subir Biswas,Chickenpox,Chickenpox,True,Flagged for Review,Retain one or keep in same split
NEAR_GRP_0092,Skin-Disease-Dataset by Subir Biswas\Chickenpox\11_VI-chickenpox (12).jpg,Skin-Disease-Dataset by Subir Biswas\Chickenpox\149_VI-chickenpox (12).jpg,2,Skin-Disease-Dataset by Subir Biswas,Skin-Disease-Dataset by Subir Biswas,Chickenpox,Chickenpox,True,Flagged for Review,Retain one or keep in same split
NEAR_GRP_0093,Skin-Disease-Dataset by Subir Biswas\Chickenpox\11_VI-chickenpox (12).jpg,Skin-Disease-Dataset by Subir Biswas\Chickenpox\67_VI-chickenpox (12).jpg,2,Skin-Disease-Dataset by Subir Biswas,Skin-Disease-Dataset by Subir Biswas,Chickenpox,Chickenpox,True,Flagged for Review,Retain one or keep in same split
NEAR_GRP_0094,Skin-Disease-Dataset by Subir Biswas\Chickenpox\120_VI-chickenpox (3).jpg,Skin-Disease-Dataset by Subir Biswas\Chickenpox\125_VI-chickenpox (3).jpg,2,Skin-Disease-Dataset by Subir Biswas,Skin-Disease-Dataset by Subir Biswas,Chickenpox,Chickenpox,True,Flagged for Review,Retain one or keep in same split
NEAR_GRP_0095,Skin-Disease-Dataset by Subir Biswas\Chickenpox\120_VI-chickenpox (3).jpg,Skin-Disease-Dataset by Subir Biswas\Chickenpox\38_VI-chickenpox (3).jpg,2,Skin-Disease-Dataset by Subir Biswas,Skin-Disease-Dataset by Subir Biswas,Chickenpox,Chickenpox,True,Flagged for Review,Retain one or keep in same split
NEAR_GRP_0096,Skin-Disease-Dataset by Subir Biswas\Chickenpox\120_VI-chickenpox (3).jpg,Skin-Disease-Dataset by Subir Biswas\Chickenpox\68_VI-chickenpox (3).jpg,2,Skin-Disease-Dataset by Subir Biswas,Skin-Disease-Dataset by Subir Biswas,Chickenpox,Chickenpox,True,Flagged for Review,Retain one or keep in same split
NEAR_GRP_0097,Skin-Disease-Dataset by Subir Biswas\Chickenpox\121_VI-chickenpox (18).jpg,Skin-Disease-Dataset by Subir Biswas\Chickenpox\152_VI-chickenpox (18).jpg,0,Skin-Disease-Dataset by Subir Biswas,Skin-Disease-Dataset by Subir Biswas,Chickenpox,Chickenpox,True,Flagged for Review,Retain one or keep in same split
NEAR_GRP_0098,Skin-Disease-Dataset by Subir Biswas\Chickenpox\122_VI-chickenpox (7).jpg,Skin-Disease-Dataset by Subir Biswas\Chickenpox\84_VI-chickenpox (7).jpg,2,Skin-Disease-Dataset by Subir Biswas,Skin-Disease-Dataset by Subir Biswas,Chickenpox,Chickenpox,True,Flagged for Review,Retain one or keep in same split
NEAR_GRP_0099,Skin-Disease-Dataset by Subir Biswas\Chickenpox\124_VI-chickenpox (4).jpg,Skin-Disease-Dataset by Subir Biswas\Chickenpox\44_VI-chickenpox (4).jpg,0,Skin-Disease-Dataset by Subir Biswas,Skin-Disease-Dataset by Subir Biswas,Chickenpox,Chickenpox,True,Flagged for Review,Retain one or keep in same split
NEAR_GRP_0100,Skin-Disease-Dataset by Subir Biswas\Chickenpox\125_VI-chickenpox (3).jpg,Skin-Disease-Dataset by Subir Biswas\Chickenpox\38_VI-chickenpox (3).jpg,0,Skin-Disease-Dataset by Subir Biswas,Skin-Disease-Dataset by Subir Biswas,Chickenpox,Chickenpox,True,Flagged for Review,Retain one or keep in same split
NEAR_GRP_0101,Skin-Disease-Dataset by Subir Biswas\Chickenpox\125_VI-chickenpox (3).jpg,Skin-Disease-Dataset by Subir Biswas\Chickenpox\68_VI-chickenpox (3).jpg,0,Skin-Disease-Dataset by Subir Biswas,Skin-Disease-Dataset by Subir Biswas,Chickenpox,Chickenpox,True,Flagged for Review,Retain one or keep in same split
NEAR_GRP_0102,Skin-Disease-Dataset by Subir Biswas\Chickenpox\126_VI-chickenpox (26).jpg,Skin-Disease-Dataset by Subir Biswas\Chickenpox\150_VI-chickenpox (2).jpeg,0,Skin-Disease-Dataset by Subir Biswas,Skin-Disease-Dataset by Subir Biswas,Chickenpox,Chickenpox,True,Flagged for Review,Retain one or keep in same split
NEAR_GRP_0103,Skin-Disease-Dataset by Subir Biswas\Chickenpox\126_VI-chickenpox (26).jpg,Skin-Disease-Dataset by Subir Biswas\Chickenpox\155_VI-chickenpox (2).jpeg,4,Skin-Disease-Dataset by Subir Biswas,Skin-Disease-Dataset by Subir Biswas,Chickenpox,Chickenpox,True,Flagged for Review,Retain one or keep in same split
NEAR_GRP_0104,Skin-Disease-Dataset by Subir Biswas\Chickenpox\126_VI-chickenpox (26).jpg,Skin-Disease-Dataset by Subir Biswas\Chickenpox\25_VI-chickenpox (2).jpeg,4,Skin-Disease-Dataset by Subir Biswas,Skin-Disease-Dataset by Subir Biswas,Chickenpox,Chickenpox,True,Flagged for Review,Retain one or keep in same split
NEAR_GRP_0105,Skin-Disease-Dataset by Subir Biswas\Chickenpox\126_VI-chickenpox (26).jpg,Skin-Disease-Dataset by Subir Biswas\Chickenpox\89_VI-chickenpox (26).jpg,4,Skin-Disease-Dataset by Subir Biswas,Skin-Disease-Dataset by Subir Biswas,Chickenpox,Chickenpox,True,Flagged for Review,Retain one or keep in same split
NEAR_GRP_0106,Skin-Disease-Dataset by Subir Biswas\Chickenpox\126_VI-chickenpox (26).jpg,Skin-Disease-Dataset by Subir Biswas\Chickenpox\99_VI-chickenpox (2).jpeg,4,Skin-Disease-Dataset by Subir Biswas,Skin-Disease-Dataset by Subir Biswas,Chickenpox,Chickenpox,True,Flagged for Review,Retain one or keep in same split
NEAR_GRP_0107,Skin-Disease-Dataset by Subir Biswas\Chickenpox\127_VI-chickenpox (20).jpg,Skin-Disease-Dataset by Subir Biswas\Chickenpox\31_VI-chickenpox (20).jpg,0,Skin-Disease-Dataset by Subir Biswas,Skin-Disease-Dataset by Subir Biswas,Chickenpox,Chickenpox,True,Flagged for Review,Retain one or keep in same split
NEAR_GRP_0108,Skin-Disease-Dataset by Subir Biswas\Chickenpox\127_VI-chickenpox (20).jpg,Skin-Disease-Dataset by Subir Biswas\Chickenpox\54_VI-chickenpox (20).jpg,0,Skin-Disease-Dataset by Subir Biswas,Skin-Disease-Dataset by Subir Biswas,Chickenpox,Chickenpox,True,Flagged for Review,Retain one or keep in same split
NEAR_GRP_0109,Skin-Disease-Dataset by Subir Biswas\Chickenpox\127_VI-chickenpox (20).jpg,Skin-Disease-Dataset by Subir Biswas\Chickenpox\59_VI-chickenpox (20).jpg,0,Skin-Disease-Dataset by Subir Biswas,Skin-Disease-Dataset by Subir Biswas,Chickenpox,Chickenpox,True,Flagged for Review,Retain one or keep in same split
NEAR_GRP_0110,Skin-Disease-Dataset by Subir Biswas\Chickenpox\128_VI-chickenpox (22).jpg,Skin-Disease-Dataset by Subir Biswas\Chickenpox\13_VI-chickenpox (22).jpg,0,Skin-Disease-Dataset by Subir Biswas,Skin-Disease-Dataset by Subir Biswas,Chickenpox,Chickenpox,True,Flagged for Review,Retain one or keep in same split
NEAR_GRP_0111,Skin-Disease-Dataset by Subir Biswas\Chickenpox\128_VI-chickenpox (22).jpg,Skin-Disease-Dataset by Subir Biswas\Chickenpox\49_VI-chickenpox (22).jpg,0,Skin-Disease-Dataset by Subir Biswas,Skin-Disease-Dataset by Subir Biswas,Chickenpox,Chickenpox,True,Flagged for Review,Retain one or keep in same split
NEAR_GRP_0112,Skin-Disease-Dataset by Subir Biswas\Chickenpox\129_VI-chickenpox (25).jpg,Skin-Disease-Dataset by Subir Biswas\Chickenpox\135_VI-chickenpox (9).jpg,0,Skin-Disease-Dataset by Subir Biswas,Skin-Disease-Dataset by Subir Biswas,Chickenpox,Chickenpox,True,Flagged for Review,Retain one or keep in same split
NEAR_GRP_0113,Skin-Disease-Dataset by Subir Biswas\Chickenpox\129_VI-chickenpox (25).jpg,Skin-Disease-Dataset by Subir Biswas\Chickenpox\154_VI-chickenpox (9).jpg,0,Skin-Disease-Dataset by Subir Biswas,Skin-Disease-Dataset by Subir Biswas,Chickenpox,Chickenpox,True,Flagged for Review,Retain one or keep in same split
NEAR_GRP_0114,Skin-Disease-Dataset by Subir Biswas\Chickenpox\129_VI-chickenpox (25).jpg,Skin-Disease-Dataset by Subir Biswas\Chickenpox\168_VI-chickenpox (25).jpg,0,Skin-Disease-Dataset by Subir Biswas,Skin-Disease-Dataset by Subir Biswas,Chickenpox,Chickenpox,True,Flagged for Review,Retain one or keep in same split
NEAR_GRP_0115,Skin-Disease-Dataset by Subir Biswas\Chickenpox\129_VI-chickenpox (25).jpg,Skin-Disease-Dataset by Subir Biswas\Chickenpox\47_VI-chickenpox (25).jpg,0,Skin-Disease-Dataset by Subir Biswas,Skin-Disease-Dataset by Subir Biswas,Chickenpox,Chickenpox,True,Flagged for Review,Retain one or keep in same split
NEAR_GRP_0116,Skin-Disease-Dataset by Subir Biswas\Chickenpox\129_VI-chickenpox (25).jpg,Skin-Disease-Dataset by Subir Biswas\Chickenpox\63_VI-chickenpox (9).jpg,2,Skin-Disease-Dataset by Subir Biswas,Skin-Disease-Dataset by Subir Biswas,Chickenpox,Chickenpox,True,Flagged for Review,Retain one or keep in same split
NEAR_GRP_0117,Skin-Disease-Dataset by Subir Biswas\Chickenpox\129_VI-chickenpox (25).jpg,Skin-Disease-Dataset by Subir Biswas\Chickenpox\7_VI-chickenpox (9).jpg,0,Skin-Disease-Dataset by Subir Biswas,Skin-Disease-Dataset by Subir Biswas,Chickenpox,Chickenpox,True,Flagged for Review,Retain one or keep in same split
NEAR_GRP_0118,Skin-Disease-Dataset by Subir Biswas\Chickenpox\130_VI-chickenpox (11).jpg,Skin-Disease-Dataset by Subir Biswas\Chickenpox\51_VI-chickenpox (11).jpg,0,Skin-Disease-Dataset by Subir Biswas,Skin-Disease-Dataset by Subir Biswas,Chickenpox,Chickenpox,True,Flagged for Review,Retain one or keep in same split
NEAR_GRP_0119,Skin-Disease-Dataset by Subir Biswas\Chickenpox\130_VI-chickenpox (11).jpg,Skin-Disease-Dataset by Subir Biswas\Chickenpox\97_VI-chickenpox (11).jpg,2,Skin-Disease-Dataset by Subir Biswas,Skin-Disease-Dataset by Subir Biswas,Chickenpox,Chickenpox,True,Flagged for Review,Retain one or keep in same split
NEAR_GRP_0120,Skin-Disease-Dataset by Subir Biswas\Chickenpox\131_VI-chickenpox (8).jpg,Skin-Disease-Dataset by Subir Biswas\Chickenpox\2_VI-chickenpox (8).jpg,0,Skin-Disease-Dataset by Subir Biswas,Skin-Disease-Dataset by Subir Biswas,Chickenpox,Chickenpox,True,Flagged for Review,Retain one or keep in same split
NEAR_GRP_0121,Skin-Disease-Dataset by Subir Biswas\Chickenpox\132_VI-chickenpox (20).jpg,Skin-Disease-Dataset by Subir Biswas\Chickenpox\26_VI-chickenpox (23).jpg,4,Skin-Disease-Dataset by Subir Biswas,Skin-Disease-Dataset by Subir Biswas,Chickenpox,Chickenpox,True,Flagged for Review,Retain one or keep in same split
NEAR_GRP_0122,Skin-Disease-Dataset by Subir Biswas\Chickenpox\133_VI-chickenpox (3).jpeg,Skin-Disease-Dataset by Subir Biswas\Chickenpox\134_VI-chickenpox (3).jpeg,0,Skin-Disease-Dataset by Subir Biswas,Skin-Disease-Dataset by Subir Biswas,Chickenpox,Chickenpox,True,Flagged for Review,Retain one or keep in same split
NEAR_GRP_0123,Skin-Disease-Dataset by Subir Biswas\Chickenpox\133_VI-chickenpox (3).jpeg,Skin-Disease-Dataset by Subir Biswas\Chickenpox\137_VI-chickenpox (3).jpeg,0,Skin-Disease-Dataset by Subir Biswas,Skin-Disease-Dataset by Subir Biswas,Chickenpox,Chickenpox,True,Flagged for Review,Retain one or keep in same split
NEAR_GRP_0124,Skin-Disease-Dataset by Subir Biswas\Chickenpox\133_VI-chickenpox (3).jpeg,Skin-Disease-Dataset by Subir Biswas\Chickenpox\162_VI-chickenpox (2).jpg,2,Skin-Disease-Dataset by Subir Biswas,Skin-Disease-Dataset by Subir Biswas,Chickenpox,Chickenpox,True,Flagged for Review,Retain one or keep in same split
NEAR_GRP_0125,Skin-Disease-Dataset by Subir Biswas\Chickenpox\133_VI-chickenpox (3).jpeg,Skin-Disease-Dataset by Subir Biswas\Chickenpox\16_VI-chickenpox (3).jpeg,0,Skin-Disease-Dataset by Subir Biswas,Skin-Disease-Dataset by Subir Biswas,Chickenpox,Chickenpox,True,Flagged for Review,Retain one or keep in same split
NEAR_GRP_0126,Skin-Disease-Dataset by Subir Biswas\Chickenpox\133_VI-chickenpox (3).jpeg,Skin-Disease-Dataset by Subir Biswas\Chickenpox\27_VI-chickenpox (2).jpg,0,Skin-Disease-Dataset by Subir Biswas,Skin-Disease-Dataset by Subir Biswas,Chickenpox,Chickenpox,True,Flagged for Review,Retain one or keep in same split
NEAR_GRP_0127,Skin-Disease-Dataset by Subir Biswas\Chickenpox\133_VI-chickenpox (3).jpeg,Skin-Disease-Dataset by Subir Biswas\Chickenpox\41_VI-chickenpox (2).jpg,2,Skin-Disease-Dataset by Subir Biswas,Skin-Disease-Dataset by Subir Biswas,Chickenpox,Chickenpox,True,Flagged for Review,Retain one or keep in same split
NEAR_GRP_0128,Skin-Disease-Dataset by Subir Biswas\Chickenpox\134_VI-chickenpox (3).jpeg,Skin-Disease-Dataset by Subir Biswas\Chickenpox\137_VI-chickenpox (3).jpeg,0,Skin-Disease-Dataset by Subir Biswas,Skin-Disease-Dataset by Subir Biswas,Chickenpox,Chickenpox,True,Flagged for Review,Retain one or keep in same split
NEAR_GRP_0129,Skin-Disease-Dataset by Subir Biswas\Chickenpox\134_VI-chickenpox (3).jpeg,Skin-Disease-Dataset by Subir Biswas\Chickenpox\162_VI-chickenpox (2).jpg,2,Skin-Disease-Dataset by Subir Biswas,Skin-Disease-Dataset by Subir Biswas,Chickenpox,Chickenpox,True,Flagged for Review,Retain one or keep in same split
NEAR_GRP_0130,Skin-Disease-Dataset by Subir Biswas\Chickenpox\134_VI-chickenpox (3).jpeg,Skin-Disease-Dataset by Subir Biswas\Chickenpox\16_VI-chickenpox (3).jpeg,0,Skin-Disease-Dataset by Subir Biswas,Skin-Disease-Dataset by Subir Biswas,Chickenpox,Chickenpox,True,Flagged for Review,Retain one or keep in same split
NEAR_GRP_0131,Skin-Disease-Dataset by Subir Biswas\Chickenpox\134_VI-chickenpox (3).jpeg,Skin-Disease-Dataset by Subir Biswas\Chickenpox\27_VI-chickenpox (2).jpg,0,Skin-Disease-Dataset by Subir Biswas,Skin-Disease-Dataset by Subir Biswas,Chickenpox,Chickenpox,True,Flagged for Review,Retain one or keep in same split
NEAR_GRP_0132,Skin-Disease-Dataset by Subir Biswas\Chickenpox\134_VI-chickenpox (3).jpeg,Skin-Disease-Dataset by Subir Biswas\Chickenpox\41_VI-chickenpox (2).jpg,2,Skin-Disease-Dataset by Subir Biswas,Skin-Disease-Dataset by Subir Biswas,Chickenpox,Chickenpox,True,Flagged for Review,Retain one or keep in same split
NEAR_GRP_0133,Skin-Disease-Dataset by Subir Biswas\Chickenpox\135_VI-chickenpox (9).jpg,Skin-Disease-Dataset by Subir Biswas\Chickenpox\154_VI-chickenpox (9).jpg,0,Skin-Disease-Dataset by Subir Biswas,Skin-Disease-Dataset by Subir Biswas,Chickenpox,Chickenpox,True,Flagged for Review,Retain one or keep in same split
NEAR_GRP_0134,Skin-Disease-Dataset by Subir Biswas\Chickenpox\135_VI-chickenpox (9).jpg,Skin-Disease-Dataset by Subir Biswas\Chickenpox\168_VI-chickenpox (25).jpg,0,Skin-Disease-Dataset by Subir Biswas,Skin-Disease-Dataset by Subir Biswas,Chickenpox,Chickenpox,True,Flagged for Review,Retain one or keep in same split
NEAR_GRP_0135,Skin-Disease-Dataset by Subir Biswas\Chickenpox\135_VI-chickenpox (9).jpg,Skin-Disease-Dataset by Subir Biswas\Chickenpox\47_VI-chickenpox (25).jpg,0,Skin-Disease-Dataset by Subir Biswas,Skin-Disease-Dataset by Subir Biswas,Chickenpox,Chickenpox,True,Flagged for Review,Retain one or keep in same split
NEAR_GRP_0136,Skin-Disease-Dataset by Subir Biswas\Chickenpox\135_VI-chickenpox (9).jpg,Skin-Disease-Dataset by Subir Biswas\Chickenpox\63_VI-chickenpox (9).jpg,2,Skin-Disease-Dataset by Subir Biswas,Skin-Disease-Dataset by Subir Biswas,Chickenpox,Chickenpox,True,Flagged for Review,Retain one or keep in same split
NEAR_GRP_0137,Skin-Disease-Dataset by Subir Biswas\Chickenpox\135_VI-chickenpox (9).jpg,Skin-Disease-Dataset by Subir Biswas\Chickenpox\7_VI-chickenpox (9).jpg,0,Skin-Disease-Dataset by Subir Biswas,Skin-Disease-Dataset by Subir Biswas,Chickenpox,Chickenpox,True,Flagged for Review,Retain one or keep in same split
NEAR_GRP_0138,Skin-Disease-Dataset by Subir Biswas\Chickenpox\136_VI-chickenpox (27).jpg,Skin-Disease-Dataset by Subir Biswas\Chickenpox\140_VI-chickenpox (27).jpg,2,Skin-Disease-Dataset by Subir Biswas,Skin-Disease-Dataset by Subir Biswas,Chickenpox,Chickenpox,True,Flagged for Review,Retain one or keep in same split
NEAR_GRP_0139,Skin-Disease-Dataset by Subir Biswas\Chickenpox\137_VI-chickenpox (3).jpeg,Skin-Disease-Dataset by Subir Biswas\Chickenpox\162_VI-chickenpox (2).jpg,2,Skin-Disease-Dataset by Subir Biswas,Skin-Disease-Dataset by Subir Biswas,Chickenpox,Chickenpox,True,Flagged for Review,Retain one or keep in same split
NEAR_GRP_0140,Skin-Disease-Dataset by Subir Biswas\Chickenpox\137_VI-chickenpox (3).jpeg,Skin-Disease-Dataset by Subir Biswas\Chickenpox\16_VI-chickenpox (3).jpeg,0,Skin-Disease-Dataset by Subir Biswas,Skin-Disease-Dataset by Subir Biswas,Chickenpox,Chickenpox,True,Flagged for Review,Retain one or keep in same split
NEAR_GRP_0141,Skin-Disease-Dataset by Subir Biswas\Chickenpox\137_VI-chickenpox (3).jpeg,Skin-Disease-Dataset by Subir Biswas\Chickenpox\27_VI-chickenpox (2).jpg,0,Skin-Disease-Dataset by Subir Biswas,Skin-Disease-Dataset by Subir Biswas,Chickenpox,Chickenpox,True,Flagged for Review,Retain one or keep in same split
NEAR_GRP_0142,Skin-Disease-Dataset by Subir Biswas\Chickenpox\137_VI-chickenpox (3).jpeg,Skin-Disease-Dataset by Subir Biswas\Chickenpox\41_VI-chickenpox (2).jpg,2,Skin-Disease-Dataset by Subir Biswas,Skin-Disease-Dataset by Subir Biswas,Chickenpox,Chickenpox,True,Flagged for Review,Retain one or keep in same split
NEAR_GRP_0143,Skin-Disease-Dataset by Subir Biswas\Chickenpox\138_VI-chickenpox (11).jpg,Skin-Disease-Dataset by Subir Biswas\Chickenpox\151_VI-chickenpox (11).jpg,0,Skin-Disease-Dataset by Subir Biswas,Skin-Disease-Dataset by Subir Biswas,Chickenpox,Chickenpox,True,Flagged for Review,Retain one or keep in same split
NEAR_GRP_0144,Skin-Disease-Dataset by Subir Biswas\Chickenpox\138_VI-chickenpox (11).jpg,Skin-Disease-Dataset by Subir Biswas\Chickenpox\36_VI-chickenpox (11).jpg,0,Skin-Disease-Dataset by Subir Biswas,Skin-Disease-Dataset by Subir Biswas,Chickenpox,Chickenpox,True,Flagged for Review,Retain one or keep in same split
NEAR_GRP_0145,Skin-Disease-Dataset by Subir Biswas\Chickenpox\138_VI-chickenpox (11).jpg,Skin-Disease-Dataset by Subir Biswas\Chickenpox\39_VI-chickenpox (11).jpg,0,Skin-Disease-Dataset by Subir Biswas,Skin-Disease-Dataset by Subir Biswas,Chickenpox,Chickenpox,True,Flagged for Review,Retain one or keep in same split
NEAR_GRP_0146,Skin-Disease-Dataset by Subir Biswas\Chickenpox\139_VI-chickenpox (1).jpeg,Skin-Disease-Dataset by Subir Biswas\Chickenpox\35_VI-chickenpox (1).jpeg,0,Skin-Disease-Dataset by Subir Biswas,Skin-Disease-Dataset by Subir Biswas,Chickenpox,Chickenpox,True,Flagged for Review,Retain one or keep in same split
NEAR_GRP_0147,Skin-Disease-Dataset by Subir Biswas\Chickenpox\139_VI-chickenpox (1).jpeg,Skin-Disease-Dataset by Subir Biswas\Chickenpox\50_VI-chickenpox (24).jpg,2,Skin-Disease-Dataset by Subir Biswas,Skin-Disease-Dataset by Subir Biswas,Chickenpox,Chickenpox,True,Flagged for Review,Retain one or keep in same split
NEAR_GRP_0148,Skin-Disease-Dataset by Subir Biswas\Chickenpox\139_VI-chickenpox (1).jpeg,Skin-Disease-Dataset by Subir Biswas\Chickenpox\61_VI-chickenpox (24).jpg,2,Skin-Disease-Dataset by Subir Biswas,Skin-Disease-Dataset by Subir Biswas,Chickenpox,Chickenpox,True,Flagged for Review,Retain one or keep in same split
NEAR_GRP_0149,Skin-Disease-Dataset by Subir Biswas\Chickenpox\139_VI-chickenpox (1).jpeg,Skin-Disease-Dataset by Subir Biswas\Chickenpox\8_VI-chickenpox (1).jpeg,0,Skin-Disease-Dataset by Subir Biswas,Skin-Disease-Dataset by Subir Biswas,Chickenpox,Chickenpox,True,Flagged for Review,Retain one or keep in same split
NEAR_GRP_0150,Skin-Disease-Dataset by Subir Biswas\Chickenpox\139_VI-chickenpox (1).jpeg,Skin-Disease-Dataset by Subir Biswas\Chickenpox\94_VI-chickenpox (24).jpg,0,Skin-Disease-Dataset by Subir Biswas,Skin-Disease-Dataset by Subir Biswas,Chickenpox,Chickenpox,True,Flagged for Review,Retain one or keep in same split
NEAR_GRP_0151,Skin-Disease-Dataset by Subir Biswas\Chickenpox\13_VI-chickenpox (22).jpg,Skin-Disease-Dataset by Subir Biswas\Chickenpox\49_VI-chickenpox (22).jpg,0,Skin-Disease-Dataset by Subir Biswas,Skin-Disease-Dataset by Subir Biswas,Chickenpox,Chickenpox,True,Flagged for Review,Retain one or keep in same split
NEAR_GRP_0152,Skin-Disease-Dataset by Subir Biswas\Chickenpox\141_VI-chickenpox (15).jpg,Skin-Disease-Dataset by Subir Biswas\Chickenpox\142_VI-chickenpox (5).jpg,0,Skin-Disease-Dataset by Subir Biswas,Skin-Disease-Dataset by Subir Biswas,Chickenpox,Chickenpox,True,Flagged for Review,Retain one or keep in same split
NEAR_GRP_0153,Skin-Disease-Dataset by Subir Biswas\Chickenpox\141_VI-chickenpox (15).jpg,Skin-Disease-Dataset by Subir Biswas\Chickenpox\160_VI-chickenpox (5).jpg,0,Skin-Disease-Dataset by Subir Biswas,Skin-Disease-Dataset by Subir Biswas,Chickenpox,Chickenpox,True,Flagged for Review,Retain one or keep in same split
NEAR_GRP_0154,Skin-Disease-Dataset by Subir Biswas\Chickenpox\141_VI-chickenpox (15).jpg,Skin-Disease-Dataset by Subir Biswas\Chickenpox\163_VI-chickenpox (15).jpg,2,Skin-Disease-Dataset by Subir Biswas,Skin-Disease-Dataset by Subir Biswas,Chickenpox,Chickenpox,True,Flagged for Review,Retain one or keep in same split
NEAR_GRP_0155,Skin-Disease-Dataset by Subir Biswas\Chickenpox\141_VI-chickenpox (15).jpg,Skin-Disease-Dataset by Subir Biswas\Chickenpox\34_VI-chickenpox (15).jpg,0,Skin-Disease-Dataset by Subir Biswas,Skin-Disease-Dataset by Subir Biswas,Chickenpox,Chickenpox,True,Flagged for Review,Retain one or keep in same split
NEAR_GRP_0156,Skin-Disease-Dataset by Subir Biswas\Chickenpox\141_VI-chickenpox (15).jpg,Skin-Disease-Dataset by Subir Biswas\Chickenpox\45_VI-chickenpox (5).jpg,0,Skin-Disease-Dataset by Subir Biswas,Skin-Disease-Dataset by Subir Biswas,Chickenpox,Chickenpox,True,Flagged for Review,Retain one or keep in same split
NEAR_GRP_0157,Skin-Disease-Dataset by Subir Biswas\Chickenpox\142_VI-chickenpox (5).jpg,Skin-Disease-Dataset by Subir Biswas\Chickenpox\160_VI-chickenpox (5).jpg,0,Skin-Disease-Dataset by Subir Biswas,Skin-Disease-Dataset by Subir Biswas,Chickenpox,Chickenpox,True,Flagged for Review,Retain one or keep in same split
NEAR_GRP_0158,Skin-Disease-Dataset by Subir Biswas\Chickenpox\142_VI-chickenpox (5).jpg,Skin-Disease-Dataset by Subir Biswas\Chickenpox\163_VI-chickenpox (15).jpg,2,Skin-Disease-Dataset by Subir Biswas,Skin-Disease-Dataset by Subir Biswas,Chickenpox,Chickenpox,True,Flagged for Review,Retain one or keep in same split
NEAR_GRP_0159,Skin-Disease-Dataset by Subir Biswas\Chickenpox\142_VI-chickenpox (5).jpg,Skin-Disease-Dataset by Subir Biswas\Chickenpox\34_VI-chickenpox (15).jpg,0,Skin-Disease-Dataset by Subir Biswas,Skin-Disease-Dataset by Subir Biswas,Chickenpox,Chickenpox,True,Flagged for Review,Retain one or keep in same split
NEAR_GRP_0160,Skin-Disease-Dataset by Subir Biswas\Chickenpox\142_VI-chickenpox (5).jpg,Skin-Disease-Dataset by Subir Biswas\Chickenpox\45_VI-chickenpox (5).jpg,0,Skin-Disease-Dataset by Subir Biswas,Skin-Disease-Dataset by Subir Biswas,Chickenpox,Chickenpox,True,Flagged for Review,Retain one or keep in same split
NEAR_GRP_0161,Skin-Disease-Dataset by Subir Biswas\Chickenpox\144_VI-chickenpox (19).jpg,Skin-Disease-Dataset by Subir Biswas\Chickenpox\153_VI-chickenpox (19).jpg,0,Skin-Disease-Dataset by Subir Biswas,Skin-Disease-Dataset by Subir Biswas,Chickenpox,Chickenpox,True,Flagged for Review,Retain one or keep in same split
NEAR_GRP_0162,Skin-Disease-Dataset by Subir Biswas\Chickenpox\144_VI-chickenpox (19).jpg,Skin-Disease-Dataset by Subir Biswas\Chickenpox\62_VI-chickenpox (19).jpg,0,Skin-Disease-Dataset by Subir Biswas,Skin-Disease-Dataset by Subir Biswas,Chickenpox,Chickenpox,True,Flagged for Review,Retain one or keep in same split
NEAR_GRP_0163,Skin-Disease-Dataset by Subir Biswas\Chickenpox\145_VI-chickenpox (8).jpg,Skin-Disease-Dataset by Subir Biswas\Chickenpox\165_VI-chickenpox (8).jpg,0,Skin-Disease-Dataset by Subir Biswas,Skin-Disease-Dataset by Subir Biswas,Chickenpox,Chickenpox,True,Flagged for Review,Retain one or keep in same split
NEAR_GRP_0164,Skin-Disease-Dataset by Subir Biswas\Chickenpox\145_VI-chickenpox (8).jpg,Skin-Disease-Dataset by Subir Biswas\Chickenpox\66_VI-chickenpox (8).jpg,0,Skin-Disease-Dataset by Subir Biswas,Skin-Disease-Dataset by Subir Biswas,Chickenpox,Chickenpox,True,Flagged for Review,Retain one or keep in same split
NEAR_GRP_0165,Skin-Disease-Dataset by Subir Biswas\Chickenpox\145_VI-chickenpox (8).jpg,Skin-Disease-Dataset by Subir Biswas\Chickenpox\71_VI-chickenpox (8).jpg,0,Skin-Disease-Dataset by Subir Biswas,Skin-Disease-Dataset by Subir Biswas,Chickenpox,Chickenpox,True,Flagged for Review,Retain one or keep in same split
NEAR_GRP_0166,Skin-Disease-Dataset by Subir Biswas\Chickenpox\145_VI-chickenpox (8).jpg,MSID by Dipankar Bala\Chickenpox\chickenpox28.png,2,Skin-Disease-Dataset by Subir Biswas,MSID by Dipankar Bala,Chickenpox,Chickenpox,True,Flagged for Review,Retain one or keep in same split
NEAR_GRP_0167,Skin-Disease-Dataset by Subir Biswas\Chickenpox\146_VI-chickenpox (17).jpg,Skin-Disease-Dataset by Subir Biswas\Chickenpox\64_VI-chickenpox (17).jpg,0,Skin-Disease-Dataset by Subir Biswas,Skin-Disease-Dataset by Subir Biswas,Chickenpox,Chickenpox,True,Flagged for Review,Retain one or keep in same split
NEAR_GRP_0168,Skin-Disease-Dataset by Subir Biswas\Chickenpox\146_VI-chickenpox (17).jpg,Skin-Disease-Dataset by Subir Biswas\Chickenpox\82_VI-chickenpox (17).jpg,2,Skin-Disease-Dataset by Subir Biswas,Skin-Disease-Dataset by Subir Biswas,Chickenpox,Chickenpox,True,Flagged for Review,Retain one or keep in same split
NEAR_GRP_0169,Skin-Disease-Dataset by Subir Biswas\Chickenpox\147_VI-chickenpox (25).jpg,Skin-Disease-Dataset by Subir Biswas\Chickenpox\156_VI-chickenpox (9).jpg,2,Skin-Disease-Dataset by Subir Biswas,Skin-Disease-Dataset by Subir Biswas,Chickenpox,Chickenpox,True,Flagged for Review,Retain one or keep in same split
NEAR_GRP_0170,Skin-Disease-Dataset by Subir Biswas\Chickenpox\147_VI-chickenpox (25).jpg,Skin-Disease-Dataset by Subir Biswas\Chickenpox\87_VI-chickenpox (25).jpg,0,Skin-Disease-Dataset by Subir Biswas,Skin-Disease-Dataset by Subir Biswas,Chickenpox,Chickenpox,True,Flagged for Review,Retain one or keep in same split
NEAR_GRP_0171,Skin-Disease-Dataset by Subir Biswas\Chickenpox\148_VI-chickenpox (12).jpg,Skin-Disease-Dataset by Subir Biswas\Chickenpox\149_VI-chickenpox (12).jpg,0,Skin-Disease-Dataset by Subir Biswas,Skin-Disease-Dataset by Subir Biswas,Chickenpox,Chickenpox,True,Flagged for Review,Retain one or keep in same split
NEAR_GRP_0172,Skin-Disease-Dataset by Subir Biswas\Chickenpox\148_VI-chickenpox (12).jpg,Skin-Disease-Dataset by Subir Biswas\Chickenpox\67_VI-chickenpox (12).jpg,0,Skin-Disease-Dataset by Subir Biswas,Skin-Disease-Dataset by Subir Biswas,Chickenpox,Chickenpox,True,Flagged for Review,Retain one or keep in same split
NEAR_GRP_0173,Skin-Disease-Dataset by Subir Biswas\Chickenpox\149_VI-chickenpox (12).jpg,Skin-Disease-Dataset by Subir Biswas\Chickenpox\67_VI-chickenpox (12).jpg,0,Skin-Disease-Dataset by Subir Biswas,Skin-Disease-Dataset by Subir Biswas,Chickenpox,Chickenpox,True,Flagged for Review,Retain one or keep in same split
NEAR_GRP_0174,Skin-Disease-Dataset by Subir Biswas\Chickenpox\150_VI-chickenpox (2).jpeg,Skin-Disease-Dataset by Subir Biswas\Chickenpox\155_VI-chickenpox (2).jpeg,4,Skin-Disease-Dataset by Subir Biswas,Skin-Disease-Dataset by Subir Biswas,Chickenpox,Chickenpox,True,Flagged for Review,Retain one or keep in same split
NEAR_GRP_0175,Skin-Disease-Dataset by Subir Biswas\Chickenpox\150_VI-chickenpox (2).jpeg,Skin-Disease-Dataset by Subir Biswas\Chickenpox\25_VI-chickenpox (2).jpeg,4,Skin-Disease-Dataset by Subir Biswas,Skin-Disease-Dataset by Subir Biswas,Chickenpox,Chickenpox,True,Flagged for Review,Retain one or keep in same split
NEAR_GRP_0176,Skin-Disease-Dataset by Subir Biswas\Chickenpox\150_VI-chickenpox (2).jpeg,Skin-Disease-Dataset by Subir Biswas\Chickenpox\89_VI-chickenpox (26).jpg,4,Skin-Disease-Dataset by Subir Biswas,Skin-Disease-Dataset by Subir Biswas,Chickenpox,Chickenpox,True,Flagged for Review,Retain one or keep in same split
NEAR_GRP_0177,Skin-Disease-Dataset by Subir Biswas\Chickenpox\150_VI-chickenpox (2).jpeg,Skin-Disease-Dataset by Subir Biswas\Chickenpox\99_VI-chickenpox (2).jpeg,4,Skin-Disease-Dataset by Subir Biswas,Skin-Disease-Dataset by Subir Biswas,Chickenpox,Chickenpox,True,Flagged for Review,Retain one or keep in same split
NEAR_GRP_0178,Skin-Disease-Dataset by Subir Biswas\Chickenpox\151_VI-chickenpox (11).jpg,Skin-Disease-Dataset by Subir Biswas\Chickenpox\36_VI-chickenpox (11).jpg,0,Skin-Disease-Dataset by Subir Biswas,Skin-Disease-Dataset by Subir Biswas,Chickenpox,Chickenpox,True,Flagged for Review,Retain one or keep in same split
NEAR_GRP_0179,Skin-Disease-Dataset by Subir Biswas\Chickenpox\151_VI-chickenpox (11).jpg,Skin-Disease-Dataset by Subir Biswas\Chickenpox\39_VI-chickenpox (11).jpg,0,Skin-Disease-Dataset by Subir Biswas,Skin-Disease-Dataset by Subir Biswas,Chickenpox,Chickenpox,True,Flagged for Review,Retain one or keep in same split
NEAR_GRP_0180,Skin-Disease-Dataset by Subir Biswas\Chickenpox\153_VI-chickenpox (19).jpg,Skin-Disease-Dataset by Subir Biswas\Chickenpox\62_VI-chickenpox (19).jpg,0,Skin-Disease-Dataset by Subir Biswas,Skin-Disease-Dataset by Subir Biswas,Chickenpox,Chickenpox,True,Flagged for Review,Retain one or keep in same split
NEAR_GRP_0181,Skin-Disease-Dataset by Subir Biswas\Chickenpox\154_VI-chickenpox (9).jpg,Skin-Disease-Dataset by Subir Biswas\Chickenpox\168_VI-chickenpox (25).jpg,0,Skin-Disease-Dataset by Subir Biswas,Skin-Disease-Dataset by Subir Biswas,Chickenpox,Chickenpox,True,Flagged for Review,Retain one or keep in same split
NEAR_GRP_0182,Skin-Disease-Dataset by Subir Biswas\Chickenpox\154_VI-chickenpox (9).jpg,Skin-Disease-Dataset by Subir Biswas\Chickenpox\47_VI-chickenpox (25).jpg,0,Skin-Disease-Dataset by Subir Biswas,Skin-Disease-Dataset by Subir Biswas,Chickenpox,Chickenpox,True,Flagged for Review,Retain one or keep in same split
NEAR_GRP_0183,Skin-Disease-Dataset by Subir Biswas\Chickenpox\154_VI-chickenpox (9).jpg,Skin-Disease-Dataset by Subir Biswas\Chickenpox\63_VI-chickenpox (9).jpg,2,Skin-Disease-Dataset by Subir Biswas,Skin-Disease-Dataset by Subir Biswas,Chickenpox,Chickenpox,True,Flagged for Review,Retain one or keep in same split
NEAR_GRP_0184,Skin-Disease-Dataset by Subir Biswas\Chickenpox\154_VI-chickenpox (9).jpg,Skin-Disease-Dataset by Subir Biswas\Chickenpox\7_VI-chickenpox (9).jpg,0,Skin-Disease-Dataset by Subir Biswas,Skin-Disease-Dataset by Subir Biswas,Chickenpox,Chickenpox,True,Flagged for Review,Retain one or keep in same split
NEAR_GRP_0185,Skin-Disease-Dataset by Subir Biswas\Chickenpox\155_VI-chickenpox (2).jpeg,Skin-Disease-Dataset by Subir Biswas\Chickenpox\25_VI-chickenpox (2).jpeg,0,Skin-Disease-Dataset by Subir Biswas,Skin-Disease-Dataset by Subir Biswas,Chickenpox,Chickenpox,True,Flagged for Review,Retain one or keep in same split
NEAR_GRP_0186,Skin-Disease-Dataset by Subir Biswas\Chickenpox\155_VI-chickenpox (2).jpeg,Skin-Disease-Dataset by Subir Biswas\Chickenpox\89_VI-chickenpox (26).jpg,0,Skin-Disease-Dataset by Subir Biswas,Skin-Disease-Dataset by Subir Biswas,Chickenpox,Chickenpox,True,Flagged for Review,Retain one or keep in same split
NEAR_GRP_0187,Skin-Disease-Dataset by Subir Biswas\Chickenpox\155_VI-chickenpox (2).jpeg,Skin-Disease-Dataset by Subir Biswas\Chickenpox\90_VI-chickenpox (26).jpg,2,Skin-Disease-Dataset by Subir Biswas,Skin-Disease-Dataset by Subir Biswas,Chickenpox,Chickenpox,True,Flagged for Review,Retain one or keep in same split
NEAR_GRP_0188,Skin-Disease-Dataset by Subir Biswas\Chickenpox\155_VI-chickenpox (2).jpeg,Skin-Disease-Dataset by Subir Biswas\Chickenpox\99_VI-chickenpox (2).jpeg,0,Skin-Disease-Dataset by Subir Biswas,Skin-Disease-Dataset by Subir Biswas,Chickenpox,Chickenpox,True,Flagged for Review,Retain one or keep in same split
NEAR_GRP_0189,Skin-Disease-Dataset by Subir Biswas\Chickenpox\156_VI-chickenpox (9).jpg,Skin-Disease-Dataset by Subir Biswas\Chickenpox\87_VI-chickenpox (25).jpg,2,Skin-Disease-Dataset by Subir Biswas,Skin-Disease-Dataset by Subir Biswas,Chickenpox,Chickenpox,True,Flagged for Review,Retain one or keep in same split
NEAR_GRP_0190,Skin-Disease-Dataset by Subir Biswas\Chickenpox\157_VI-chickenpox (14).jpg,Skin-Disease-Dataset by Subir Biswas\Chickenpox\32_VI-chickenpox (14).jpg,0,Skin-Disease-Dataset by Subir Biswas,Skin-Disease-Dataset by Subir Biswas,Chickenpox,Chickenpox,True,Flagged for Review,Retain one or keep in same split
NEAR_GRP_0191,Skin-Disease-Dataset by Subir Biswas\Chickenpox\157_VI-chickenpox (14).jpg,Skin-Disease-Dataset by Subir Biswas\Chickenpox\80_VI-chickenpox (14).jpg,0,Skin-Disease-Dataset by Subir Biswas,Skin-Disease-Dataset by Subir Biswas,Chickenpox,Chickenpox,True,Flagged for Review,Retain one or keep in same split
NEAR_GRP_0192,Skin-Disease-Dataset by Subir Biswas\Chickenpox\158_VI-chickenpox (17).jpg,Skin-Disease-Dataset by Subir Biswas\Chickenpox\3_VI-chickenpox (17).jpg,2,Skin-Disease-Dataset by Subir Biswas,Skin-Disease-Dataset by Subir Biswas,Chickenpox,Chickenpox,True,Flagged for Review,Retain one or keep in same split
NEAR_GRP_0193,Skin-Disease-Dataset by Subir Biswas\Chickenpox\158_VI-chickenpox (17).jpg,Skin-Disease-Dataset by Subir Biswas\Chickenpox\48_VI-chickenpox (17).jpg,0,Skin-Disease-Dataset by Subir Biswas,Skin-Disease-Dataset by Subir Biswas,Chickenpox,Chickenpox,True,Flagged for Review,Retain one or keep in same split
NEAR_GRP_0194,Skin-Disease-Dataset by Subir Biswas\Chickenpox\158_VI-chickenpox (17).jpg,Skin-Disease-Dataset by Subir Biswas\Chickenpox\70_VI-chickenpox (17).jpg,2,Skin-Disease-Dataset by Subir Biswas,Skin-Disease-Dataset by Subir Biswas,Chickenpox,Chickenpox,True,Flagged for Review,Retain one or keep in same split
NEAR_GRP_0195,Skin-Disease-Dataset by Subir Biswas\Chickenpox\159_VI-chickenpox (22).jpg,Skin-Disease-Dataset by Subir Biswas\Chickenpox\40_VI-chickenpox (22).jpg,0,Skin-Disease-Dataset by Subir Biswas,Skin-Disease-Dataset by Subir Biswas,Chickenpox,Chickenpox,True,Flagged for Review,Retain one or keep in same split
NEAR_GRP_0196,Skin-Disease-Dataset by Subir Biswas\Chickenpox\15_VI-chickenpox (1).jpeg,Skin-Disease-Dataset by Subir Biswas\Chickenpox\21_VI-chickenpox (1).jpeg,0,Skin-Disease-Dataset by Subir Biswas,Skin-Disease-Dataset by Subir Biswas,Chickenpox,Chickenpox,True,Flagged for Review,Retain one or keep in same split
NEAR_GRP_0197,Skin-Disease-Dataset by Subir Biswas\Chickenpox\15_VI-chickenpox (1).jpeg,Skin-Disease-Dataset by Subir Biswas\Chickenpox\22_VI-chickenpox (24).jpg,2,Skin-Disease-Dataset by Subir Biswas,Skin-Disease-Dataset by Subir Biswas,Chickenpox,Chickenpox,True,Flagged for Review,Retain one or keep in same split
NEAR_GRP_0198,Skin-Disease-Dataset by Subir Biswas\Chickenpox\15_VI-chickenpox (1).jpeg,Skin-Disease-Dataset by Subir Biswas\Chickenpox\37_VI-chickenpox (24).jpg,0,Skin-Disease-Dataset by Subir Biswas,Skin-Disease-Dataset by Subir Biswas,Chickenpox,Chickenpox,True,Flagged for Review,Retain one or keep in same split
NEAR_GRP_0199,Skin-Disease-Dataset by Subir Biswas\Chickenpox\15_VI-chickenpox (1).jpeg,Skin-Disease-Dataset by Subir Biswas\Chickenpox\5_VI-chickenpox (1).jpeg,0,Skin-Disease-Dataset by Subir Biswas,Skin-Disease-Dataset by Subir Biswas,Chickenpox,Chickenpox,True,Flagged for Review,Retain one or keep in same split
NEAR_GRP_0200,Skin-Disease-Dataset by Subir Biswas\Chickenpox\15_VI-chickenpox (1).jpeg,Skin-Disease-Dataset by Subir Biswas\Chickenpox\86_VI-chickenpox (24).jpg,0,Skin-Disease-Dataset by Subir Biswas,Skin-Disease-Dataset by Subir Biswas,Chickenpox,Chickenpox,True,Flagged for Review,Retain one or keep in same split
NEAR_GRP_0201,Skin-Disease-Dataset by Subir Biswas\Chickenpox\15_VI-chickenpox (1).jpeg,Skin-Disease-Dataset by Subir Biswas\Chickenpox\98_VI-chickenpox (1).jpeg,0,Skin-Disease-Dataset by Subir Biswas,Skin-Disease-Dataset by Subir Biswas,Chickenpox,Chickenpox,True,Flagged for Review,Retain one or keep in same split
NEAR_GRP_0202,Skin-Disease-Dataset by Subir Biswas\Chickenpox\160_VI-chickenpox (5).jpg,Skin-Disease-Dataset by Subir Biswas\Chickenpox\163_VI-chickenpox (15).jpg,2,Skin-Disease-Dataset by Subir Biswas,Skin-Disease-Dataset by Subir Biswas,Chickenpox,Chickenpox,True,Flagged for Review,Retain one or keep in same split
NEAR_GRP_0203,Skin-Disease-Dataset by Subir Biswas\Chickenpox\160_VI-chickenpox (5).jpg,Skin-Disease-Dataset by Subir Biswas\Chickenpox\34_VI-chickenpox (15).jpg,0,Skin-Disease-Dataset by Subir Biswas,Skin-Disease-Dataset by Subir Biswas,Chickenpox,Chickenpox,True,Flagged for Review,Retain one or keep in same split
NEAR_GRP_0204,Skin-Disease-Dataset by Subir Biswas\Chickenpox\160_VI-chickenpox (5).jpg,Skin-Disease-Dataset by Subir Biswas\Chickenpox\45_VI-chickenpox (5).jpg,0,Skin-Disease-Dataset by Subir Biswas,Skin-Disease-Dataset by Subir Biswas,Chickenpox,Chickenpox,True,Flagged for Review,Retain one or keep in same split
NEAR_GRP_0205,Skin-Disease-Dataset by Subir Biswas\Chickenpox\161_VI-chickenpox (12).jpg,Skin-Disease-Dataset by Subir Biswas\Chickenpox\1_VI-chickenpox (12).jpg,2,Skin-Disease-Dataset by Subir Biswas,Skin-Disease-Dataset by Subir Biswas,Chickenpox,Chickenpox,True,Flagged for Review,Retain one or keep in same split
NEAR_GRP_0206,Skin-Disease-Dataset by Subir Biswas\Chickenpox\161_VI-chickenpox (12).jpg,Skin-Disease-Dataset by Subir Biswas\Chickenpox\60_VI-chickenpox (12).jpg,0,Skin-Disease-Dataset by Subir Biswas,Skin-Disease-Dataset by Subir Biswas,Chickenpox,Chickenpox,True,Flagged for Review,Retain one or keep in same split
NEAR_GRP_0207,Skin-Disease-Dataset by Subir Biswas\Chickenpox\162_VI-chickenpox (2).jpg,Skin-Disease-Dataset by Subir Biswas\Chickenpox\16_VI-chickenpox (3).jpeg,2,Skin-Disease-Dataset by Subir Biswas,Skin-Disease-Dataset by Subir Biswas,Chickenpox,Chickenpox,True,Flagged for Review,Retain one or keep in same split
NEAR_GRP_0208,Skin-Disease-Dataset by Subir Biswas\Chickenpox\162_VI-chickenpox (2).jpg,Skin-Disease-Dataset by Subir Biswas\Chickenpox\27_VI-chickenpox (2).jpg,2,Skin-Disease-Dataset by Subir Biswas,Skin-Disease-Dataset by Subir Biswas,Chickenpox,Chickenpox,True,Flagged for Review,Retain one or keep in same split
NEAR_GRP_0209,Skin-Disease-Dataset by Subir Biswas\Chickenpox\162_VI-chickenpox (2).jpg,Skin-Disease-Dataset by Subir Biswas\Chickenpox\41_VI-chickenpox (2).jpg,0,Skin-Disease-Dataset by Subir Biswas,Skin-Disease-Dataset by Subir Biswas,Chickenpox,Chickenpox,True,Flagged for Review,Retain one or keep in same split
NEAR_GRP_0210,Skin-Disease-Dataset by Subir Biswas\Chickenpox\163_VI-chickenpox (15).jpg,Skin-Disease-Dataset by Subir Biswas\Chickenpox\34_VI-chickenpox (15).jpg,2,Skin-Disease-Dataset by Subir Biswas,Skin-Disease-Dataset by Subir Biswas,Chickenpox,Chickenpox,True,Flagged for Review,Retain one or keep in same split
NEAR_GRP_0211,Skin-Disease-Dataset by Subir Biswas\Chickenpox\163_VI-chickenpox (15).jpg,Skin-Disease-Dataset by Subir Biswas\Chickenpox\45_VI-chickenpox (5).jpg,2,Skin-Disease-Dataset by Subir Biswas,Skin-Disease-Dataset by Subir Biswas,Chickenpox,Chickenpox,True,Flagged for Review,Retain one or keep in same split
NEAR_GRP_0212,Skin-Disease-Dataset by Subir Biswas\Chickenpox\164_VI-chickenpox (1).jpg,Skin-Disease-Dataset by Subir Biswas\Chickenpox\42_VI-chickenpox (1).jpg,2,Skin-Disease-Dataset by Subir Biswas,Skin-Disease-Dataset by Subir Biswas,Chickenpox,Chickenpox,True,Flagged for Review,Retain one or keep in same split
NEAR_GRP_0213,Skin-Disease-Dataset by Subir Biswas\Chickenpox\165_VI-chickenpox (8).jpg,Skin-Disease-Dataset by Subir Biswas\Chickenpox\66_VI-chickenpox (8).jpg,0,Skin-Disease-Dataset by Subir Biswas,Skin-Disease-Dataset by Subir Biswas,Chickenpox,Chickenpox,True,Flagged for Review,Retain one or keep in same split
NEAR_GRP_0214,Skin-Disease-Dataset by Subir Biswas\Chickenpox\165_VI-chickenpox (8).jpg,Skin-Disease-Dataset by Subir Biswas\Chickenpox\71_VI-chickenpox (8).jpg,0,Skin-Disease-Dataset by Subir Biswas,Skin-Disease-Dataset by Subir Biswas,Chickenpox,Chickenpox,True,Flagged for Review,Retain one or keep in same split
NEAR_GRP_0215,Skin-Disease-Dataset by Subir Biswas\Chickenpox\165_VI-chickenpox (8).jpg,MSID by Dipankar Bala\Chickenpox\chickenpox28.png,2,Skin-Disease-Dataset by Subir Biswas,MSID by Dipankar Bala,Chickenpox,Chickenpox,True,Flagged for Review,Retain one or keep in same split
NEAR_GRP_0216,Skin-Disease-Dataset by Subir Biswas\Chickenpox\166_VI-chickenpox (10).jpg,MSID by Dipankar Bala\Chickenpox\chickenpox99.png,0,Skin-Disease-Dataset by Subir Biswas,MSID by Dipankar Bala,Chickenpox,Chickenpox,True,Flagged for Review,Retain one or keep in same split
NEAR_GRP_0217,Skin-Disease-Dataset by Subir Biswas\Chickenpox\168_VI-chickenpox (25).jpg,Skin-Disease-Dataset by Subir Biswas\Chickenpox\47_VI-chickenpox (25).jpg,0,Skin-Disease-Dataset by Subir Biswas,Skin-Disease-Dataset by Subir Biswas,Chickenpox,Chickenpox,True,Flagged for Review,Retain one or keep in same split
NEAR_GRP_0218,Skin-Disease-Dataset by Subir Biswas\Chickenpox\168_VI-chickenpox (25).jpg,Skin-Disease-Dataset by Subir Biswas\Chickenpox\63_VI-chickenpox (9).jpg,2,Skin-Disease-Dataset by Subir Biswas,Skin-Disease-Dataset by Subir Biswas,Chickenpox,Chickenpox,True,Flagged for Review,Retain one or keep in same split
NEAR_GRP_0219,Skin-Disease-Dataset by Subir Biswas\Chickenpox\168_VI-chickenpox (25).jpg,Skin-Disease-Dataset by Subir Biswas\Chickenpox\7_VI-chickenpox (9).jpg,0,Skin-Disease-Dataset by Subir Biswas,Skin-Disease-Dataset by Subir Biswas,Chickenpox,Chickenpox,True,Flagged for Review,Retain one or keep in same split
NEAR_GRP_0220,Skin-Disease-Dataset by Subir Biswas\Chickenpox\16_VI-chickenpox (3).jpeg,Skin-Disease-Dataset by Subir Biswas\Chickenpox\27_VI-chickenpox (2).jpg,0,Skin-Disease-Dataset by Subir Biswas,Skin-Disease-Dataset by Subir Biswas,Chickenpox,Chickenpox,True,Flagged for Review,Retain one or keep in same split
NEAR_GRP_0221,Skin-Disease-Dataset by Subir Biswas\Chickenpox\16_VI-chickenpox (3).jpeg,Skin-Disease-Dataset by Subir Biswas\Chickenpox\41_VI-chickenpox (2).jpg,2,Skin-Disease-Dataset by Subir Biswas,Skin-Disease-Dataset by Subir Biswas,Chickenpox,Chickenpox,True,Flagged for Review,Retain one or keep in same split
NEAR_GRP_0222,Skin-Disease-Dataset by Subir Biswas\Chickenpox\19_VI-chickenpox (15).jpg,Skin-Disease-Dataset by Subir Biswas\Chickenpox\20_VI-chickenpox (5).jpg,2,Skin-Disease-Dataset by Subir Biswas,Skin-Disease-Dataset by Subir Biswas,Chickenpox,Chickenpox,True,Flagged for Review,Retain one or keep in same split
NEAR_GRP_0223,Skin-Disease-Dataset by Subir Biswas\Chickenpox\19_VI-chickenpox (15).jpg,Skin-Disease-Dataset by Subir Biswas\Chickenpox\79_VI-chickenpox (15).jpg,0,Skin-Disease-Dataset by Subir Biswas,Skin-Disease-Dataset by Subir Biswas,Chickenpox,Chickenpox,True,Flagged for Review,Retain one or keep in same split
NEAR_GRP_0224,Skin-Disease-Dataset by Subir Biswas\Chickenpox\19_VI-chickenpox (15).jpg,Skin-Disease-Dataset by Subir Biswas\Chickenpox\96_VI-chickenpox (15).jpg,2,Skin-Disease-Dataset by Subir Biswas,Skin-Disease-Dataset by Subir Biswas,Chickenpox,Chickenpox,True,Flagged for Review,Retain one or keep in same split
NEAR_GRP_0225,Skin-Disease-Dataset by Subir Biswas\Chickenpox\19_VI-chickenpox (15).jpg,Skin-Disease-Dataset by Subir Biswas\Chickenpox\9_VI-chickenpox (5).jpg,2,Skin-Disease-Dataset by Subir Biswas,Skin-Disease-Dataset by Subir Biswas,Chickenpox,Chickenpox,True,Flagged for Review,Retain one or keep in same split
NEAR_GRP_0226,Skin-Disease-Dataset by Subir Biswas\Chickenpox\1_VI-chickenpox (12).jpg,Skin-Disease-Dataset by Subir Biswas\Chickenpox\60_VI-chickenpox (12).jpg,2,Skin-Disease-Dataset by Subir Biswas,Skin-Disease-Dataset by Subir Biswas,Chickenpox,Chickenpox,True,Flagged for Review,Retain one or keep in same split
NEAR_GRP_0227,Skin-Disease-Dataset by Subir Biswas\Chickenpox\20_VI-chickenpox (5).jpg,Skin-Disease-Dataset by Subir Biswas\Chickenpox\79_VI-chickenpox (15).jpg,2,Skin-Disease-Dataset by Subir Biswas,Skin-Disease-Dataset by Subir Biswas,Chickenpox,Chickenpox,True,Flagged for Review,Retain one or keep in same split
NEAR_GRP_0228,Skin-Disease-Dataset by Subir Biswas\Chickenpox\20_VI-chickenpox (5).jpg,Skin-Disease-Dataset by Subir Biswas\Chickenpox\96_VI-chickenpox (15).jpg,2,Skin-Disease-Dataset by Subir Biswas,Skin-Disease-Dataset by Subir Biswas,Chickenpox,Chickenpox,True,Flagged for Review,Retain one or keep in same split
NEAR_GRP_0229,Skin-Disease-Dataset by Subir Biswas\Chickenpox\20_VI-chickenpox (5).jpg,Skin-Disease-Dataset by Subir Biswas\Chickenpox\9_VI-chickenpox (5).jpg,0,Skin-Disease-Dataset by Subir Biswas,Skin-Disease-Dataset by Subir Biswas,Chickenpox,Chickenpox,True,Flagged for Review,Retain one or keep in same split
NEAR_GRP_0230,Skin-Disease-Dataset by Subir Biswas\Chickenpox\21_VI-chickenpox (1).jpeg,Skin-Disease-Dataset by Subir Biswas\Chickenpox\22_VI-chickenpox (24).jpg,2,Skin-Disease-Dataset by Subir Biswas,Skin-Disease-Dataset by Subir Biswas,Chickenpox,Chickenpox,True,Flagged for Review,Retain one or keep in same split
NEAR_GRP_0231,Skin-Disease-Dataset by Subir Biswas\Chickenpox\21_VI-chickenpox (1).jpeg,Skin-Disease-Dataset by Subir Biswas\Chickenpox\37_VI-chickenpox (24).jpg,0,Skin-Disease-Dataset by Subir Biswas,Skin-Disease-Dataset by Subir Biswas,Chickenpox,Chickenpox,True,Flagged for Review,Retain one or keep in same split
NEAR_GRP_0232,Skin-Disease-Dataset by Subir Biswas\Chickenpox\21_VI-chickenpox (1).jpeg,Skin-Disease-Dataset by Subir Biswas\Chickenpox\5_VI-chickenpox (1).jpeg,0,Skin-Disease-Dataset by Subir Biswas,Skin-Disease-Dataset by Subir Biswas,Chickenpox,Chickenpox,True,Flagged for Review,Retain one or keep in same split
NEAR_GRP_0233,Skin-Disease-Dataset by Subir Biswas\Chickenpox\21_VI-chickenpox (1).jpeg,Skin-Disease-Dataset by Subir Biswas\Chickenpox\86_VI-chickenpox (24).jpg,0,Skin-Disease-Dataset by Subir Biswas,Skin-Disease-Dataset by Subir Biswas,Chickenpox,Chickenpox,True,Flagged for Review,Retain one or keep in same split
NEAR_GRP_0234,Skin-Disease-Dataset by Subir Biswas\Chickenpox\21_VI-chickenpox (1).jpeg,Skin-Disease-Dataset by Subir Biswas\Chickenpox\98_VI-chickenpox (1).jpeg,0,Skin-Disease-Dataset by Subir Biswas,Skin-Disease-Dataset by Subir Biswas,Chickenpox,Chickenpox,True,Flagged for Review,Retain one or keep in same split
NEAR_GRP_0235,Skin-Disease-Dataset by Subir Biswas\Chickenpox\22_VI-chickenpox (24).jpg,Skin-Disease-Dataset by Subir Biswas\Chickenpox\37_VI-chickenpox (24).jpg,2,Skin-Disease-Dataset by Subir Biswas,Skin-Disease-Dataset by Subir Biswas,Chickenpox,Chickenpox,True,Flagged for Review,Retain one or keep in same split
NEAR_GRP_0236,Skin-Disease-Dataset by Subir Biswas\Chickenpox\22_VI-chickenpox (24).jpg,Skin-Disease-Dataset by Subir Biswas\Chickenpox\5_VI-chickenpox (1).jpeg,2,Skin-Disease-Dataset by Subir Biswas,Skin-Disease-Dataset by Subir Biswas,Chickenpox,Chickenpox,True,Flagged for Review,Retain one or keep in same split
NEAR_GRP_0237,Skin-Disease-Dataset by Subir Biswas\Chickenpox\22_VI-chickenpox (24).jpg,Skin-Disease-Dataset by Subir Biswas\Chickenpox\86_VI-chickenpox (24).jpg,2,Skin-Disease-Dataset by Subir Biswas,Skin-Disease-Dataset by Subir Biswas,Chickenpox,Chickenpox,True,Flagged for Review,Retain one or keep in same split
NEAR_GRP_0238,Skin-Disease-Dataset by Subir Biswas\Chickenpox\22_VI-chickenpox (24).jpg,Skin-Disease-Dataset by Subir Biswas\Chickenpox\98_VI-chickenpox (1).jpeg,2,Skin-Disease-Dataset by Subir Biswas,Skin-Disease-Dataset by Subir Biswas,Chickenpox,Chickenpox,True,Flagged for Review,Retain one or keep in same split
NEAR_GRP_0239,Skin-Disease-Dataset by Subir Biswas\Chickenpox\23_VI-chickenpox (10).jpg,Skin-Disease-Dataset by Subir Biswas\Chickenpox\92_VI-chickenpox (10).jpg,0,Skin-Disease-Dataset by Subir Biswas,Skin-Disease-Dataset by Subir Biswas,Chickenpox,Chickenpox,True,Flagged for Review,Retain one or keep in same split
NEAR_GRP_0240,Skin-Disease-Dataset by Subir Biswas\Chickenpox\24_VI-chickenpox (16).jpg,Skin-Disease-Dataset by Subir Biswas\Chickenpox\43_VI-chickenpox (16).jpg,0,Skin-Disease-Dataset by Subir Biswas,Skin-Disease-Dataset by Subir Biswas,Chickenpox,Chickenpox,True,Flagged for Review,Retain one or keep in same split
NEAR_GRP_0241,Skin-Disease-Dataset by Subir Biswas\Chickenpox\24_VI-chickenpox (16).jpg,Skin-Disease-Dataset by Subir Biswas\Chickenpox\55_VI-chickenpox (16).jpg,0,Skin-Disease-Dataset by Subir Biswas,Skin-Disease-Dataset by Subir Biswas,Chickenpox,Chickenpox,True,Flagged for Review,Retain one or keep in same split
NEAR_GRP_0242,Skin-Disease-Dataset by Subir Biswas\Chickenpox\25_VI-chickenpox (2).jpeg,Skin-Disease-Dataset by Subir Biswas\Chickenpox\89_VI-chickenpox (26).jpg,0,Skin-Disease-Dataset by Subir Biswas,Skin-Disease-Dataset by Subir Biswas,Chickenpox,Chickenpox,True,Flagged for Review,Retain one or keep in same split
NEAR_GRP_0243,Skin-Disease-Dataset by Subir Biswas\Chickenpox\25_VI-chickenpox (2).jpeg,Skin-Disease-Dataset by Subir Biswas\Chickenpox\90_VI-chickenpox (26).jpg,2,Skin-Disease-Dataset by Subir Biswas,Skin-Disease-Dataset by Subir Biswas,Chickenpox,Chickenpox,True,Flagged for Review,Retain one or keep in same split
NEAR_GRP_0244,Skin-Disease-Dataset by Subir Biswas\Chickenpox\25_VI-chickenpox (2).jpeg,Skin-Disease-Dataset by Subir Biswas\Chickenpox\99_VI-chickenpox (2).jpeg,0,Skin-Disease-Dataset by Subir Biswas,Skin-Disease-Dataset by Subir Biswas,Chickenpox,Chickenpox,True,Flagged for Review,Retain one or keep in same split
NEAR_GRP_0245,Skin-Disease-Dataset by Subir Biswas\Chickenpox\27_VI-chickenpox (2).jpg,Skin-Disease-Dataset by Subir Biswas\Chickenpox\41_VI-chickenpox (2).jpg,2,Skin-Disease-Dataset by Subir Biswas,Skin-Disease-Dataset by Subir Biswas,Chickenpox,Chickenpox,True,Flagged for Review,Retain one or keep in same split
NEAR_GRP_0246,Skin-Disease-Dataset by Subir Biswas\Chickenpox\28_VI-chickenpox (13).jpg,Skin-Disease-Dataset by Subir Biswas\Chickenpox\78_VI-chickenpox (13).jpg,0,Skin-Disease-Dataset by Subir Biswas,Skin-Disease-Dataset by Subir Biswas,Chickenpox,Chickenpox,True,Flagged for Review,Retain one or keep in same split
NEAR_GRP_0247,Skin-Disease-Dataset by Subir Biswas\Chickenpox\30_VI-chickenpox (26).jpg,Skin-Disease-Dataset by Subir Biswas\Chickenpox\4_VI-chickenpox (2).jpeg,0,Skin-Disease-Dataset by Subir Biswas,Skin-Disease-Dataset by Subir Biswas,Chickenpox,Chickenpox,True,Flagged for Review,Retain one or keep in same split
NEAR_GRP_0248,Skin-Disease-Dataset by Subir Biswas\Chickenpox\30_VI-chickenpox (26).jpg,Skin-Disease-Dataset by Subir Biswas\Chickenpox\74_VI-chickenpox (26).jpg,0,Skin-Disease-Dataset by Subir Biswas,Skin-Disease-Dataset by Subir Biswas,Chickenpox,Chickenpox,True,Flagged for Review,Retain one or keep in same split
NEAR_GRP_0249,Skin-Disease-Dataset by Subir Biswas\Chickenpox\31_VI-chickenpox (20).jpg,Skin-Disease-Dataset by Subir Biswas\Chickenpox\54_VI-chickenpox (20).jpg,0,Skin-Disease-Dataset by Subir Biswas,Skin-Disease-Dataset by Subir Biswas,Chickenpox,Chickenpox,True,Flagged for Review,Retain one or keep in same split
NEAR_GRP_0250,Skin-Disease-Dataset by Subir Biswas\Chickenpox\31_VI-chickenpox (20).jpg,Skin-Disease-Dataset by Subir Biswas\Chickenpox\59_VI-chickenpox (20).jpg,0,Skin-Disease-Dataset by Subir Biswas,Skin-Disease-Dataset by Subir Biswas,Chickenpox,Chickenpox,True,Flagged for Review,Retain one or keep in same split
NEAR_GRP_0251,Skin-Disease-Dataset by Subir Biswas\Chickenpox\32_VI-chickenpox (14).jpg,Skin-Disease-Dataset by Subir Biswas\Chickenpox\80_VI-chickenpox (14).jpg,0,Skin-Disease-Dataset by Subir Biswas,Skin-Disease-Dataset by Subir Biswas,Chickenpox,Chickenpox,True,Flagged for Review,Retain one or keep in same split
NEAR_GRP_0252,Skin-Disease-Dataset by Subir Biswas\Chickenpox\33_VI-chickenpox (14).jpg,Skin-Disease-Dataset by Subir Biswas\Chickenpox\58_VI-chickenpox (14).jpg,0,Skin-Disease-Dataset by Subir Biswas,Skin-Disease-Dataset by Subir Biswas,Chickenpox,Chickenpox,True,Flagged for Review,Retain one or keep in same split
NEAR_GRP_0253,Skin-Disease-Dataset by Subir Biswas\Chickenpox\33_VI-chickenpox (14).jpg,Skin-Disease-Dataset by Subir Biswas\Chickenpox\65_VI-chickenpox (14).jpg,0,Skin-Disease-Dataset by Subir Biswas,Skin-Disease-Dataset by Subir Biswas,Chickenpox,Chickenpox,True,Flagged for Review,Retain one or keep in same split
NEAR_GRP_0254,Skin-Disease-Dataset by Subir Biswas\Chickenpox\33_VI-chickenpox (14).jpg,Skin-Disease-Dataset by Subir Biswas\Chickenpox\69_VI-chickenpox (14).jpg,2,Skin-Disease-Dataset by Subir Biswas,Skin-Disease-Dataset by Subir Biswas,Chickenpox,Chickenpox,True,Flagged for Review,Retain one or keep in same split
NEAR_GRP_0255,Skin-Disease-Dataset by Subir Biswas\Chickenpox\34_VI-chickenpox (15).jpg,Skin-Disease-Dataset by Subir Biswas\Chickenpox\45_VI-chickenpox (5).jpg,0,Skin-Disease-Dataset by Subir Biswas,Skin-Disease-Dataset by Subir Biswas,Chickenpox,Chickenpox,True,Flagged for Review,Retain one or keep in same split
NEAR_GRP_0256,Skin-Disease-Dataset by Subir Biswas\Chickenpox\35_VI-chickenpox (1).jpeg,Skin-Disease-Dataset by Subir Biswas\Chickenpox\50_VI-chickenpox (24).jpg,2,Skin-Disease-Dataset by Subir Biswas,Skin-Disease-Dataset by Subir Biswas,Chickenpox,Chickenpox,True,Flagged for Review,Retain one or keep in same split
NEAR_GRP_0257,Skin-Disease-Dataset by Subir Biswas\Chickenpox\35_VI-chickenpox (1).jpeg,Skin-Disease-Dataset by Subir Biswas\Chickenpox\61_VI-chickenpox (24).jpg,2,Skin-Disease-Dataset by Subir Biswas,Skin-Disease-Dataset by Subir Biswas,Chickenpox,Chickenpox,True,Flagged for Review,Retain one or keep in same split
NEAR_GRP_0258,Skin-Disease-Dataset by Subir Biswas\Chickenpox\35_VI-chickenpox (1).jpeg,Skin-Disease-Dataset by Subir Biswas\Chickenpox\8_VI-chickenpox (1).jpeg,0,Skin-Disease-Dataset by Subir Biswas,Skin-Disease-Dataset by Subir Biswas,Chickenpox,Chickenpox,True,Flagged for Review,Retain one or keep in same split
NEAR_GRP_0259,Skin-Disease-Dataset by Subir Biswas\Chickenpox\35_VI-chickenpox (1).jpeg,Skin-Disease-Dataset by Subir Biswas\Chickenpox\94_VI-chickenpox (24).jpg,0,Skin-Disease-Dataset by Subir Biswas,Skin-Disease-Dataset by Subir Biswas,Chickenpox,Chickenpox,True,Flagged for Review,Retain one or keep in same split
NEAR_GRP_0260,Skin-Disease-Dataset by Subir Biswas\Chickenpox\36_VI-chickenpox (11).jpg,Skin-Disease-Dataset by Subir Biswas\Chickenpox\39_VI-chickenpox (11).jpg,0,Skin-Disease-Dataset by Subir Biswas,Skin-Disease-Dataset by Subir Biswas,Chickenpox,Chickenpox,True,Flagged for Review,Retain one or keep in same split
NEAR_GRP_0261,Skin-Disease-Dataset by Subir Biswas\Chickenpox\37_VI-chickenpox (24).jpg,Skin-Disease-Dataset by Subir Biswas\Chickenpox\5_VI-chickenpox (1).jpeg,0,Skin-Disease-Dataset by Subir Biswas,Skin-Disease-Dataset by Subir Biswas,Chickenpox,Chickenpox,True,Flagged for Review,Retain one or keep in same split
NEAR_GRP_0262,Skin-Disease-Dataset by Subir Biswas\Chickenpox\37_VI-chickenpox (24).jpg,Skin-Disease-Dataset by Subir Biswas\Chickenpox\86_VI-chickenpox (24).jpg,0,Skin-Disease-Dataset by Subir Biswas,Skin-Disease-Dataset by Subir Biswas,Chickenpox,Chickenpox,True,Flagged for Review,Retain one or keep in same split
NEAR_GRP_0263,Skin-Disease-Dataset by Subir Biswas\Chickenpox\37_VI-chickenpox (24).jpg,Skin-Disease-Dataset by Subir Biswas\Chickenpox\98_VI-chickenpox (1).jpeg,0,Skin-Disease-Dataset by Subir Biswas,Skin-Disease-Dataset by Subir Biswas,Chickenpox,Chickenpox,True,Flagged for Review,Retain one or keep in same split
NEAR_GRP_0264,Skin-Disease-Dataset by Subir Biswas\Chickenpox\38_VI-chickenpox (3).jpg,Skin-Disease-Dataset by Subir Biswas\Chickenpox\68_VI-chickenpox (3).jpg,0,Skin-Disease-Dataset by Subir Biswas,Skin-Disease-Dataset by Subir Biswas,Chickenpox,Chickenpox,True,Flagged for Review,Retain one or keep in same split
NEAR_GRP_0265,Skin-Disease-Dataset by Subir Biswas\Chickenpox\3_VI-chickenpox (17).jpg,Skin-Disease-Dataset by Subir Biswas\Chickenpox\48_VI-chickenpox (17).jpg,2,Skin-Disease-Dataset by Subir Biswas,Skin-Disease-Dataset by Subir Biswas,Chickenpox,Chickenpox,True,Flagged for Review,Retain one or keep in same split
NEAR_GRP_0266,Skin-Disease-Dataset by Subir Biswas\Chickenpox\3_VI-chickenpox (17).jpg,Skin-Disease-Dataset by Subir Biswas\Chickenpox\70_VI-chickenpox (17).jpg,4,Skin-Disease-Dataset by Subir Biswas,Skin-Disease-Dataset by Subir Biswas,Chickenpox,Chickenpox,True,Flagged for Review,Retain one or keep in same split
NEAR_GRP_0267,Skin-Disease-Dataset by Subir Biswas\Chickenpox\43_VI-chickenpox (16).jpg,Skin-Disease-Dataset by Subir Biswas\Chickenpox\55_VI-chickenpox (16).jpg,0,Skin-Disease-Dataset by Subir Biswas,Skin-Disease-Dataset by Subir Biswas,Chickenpox,Chickenpox,True,Flagged for Review,Retain one or keep in same split
NEAR_GRP_0268,Skin-Disease-Dataset by Subir Biswas\Chickenpox\47_VI-chickenpox (25).jpg,Skin-Disease-Dataset by Subir Biswas\Chickenpox\63_VI-chickenpox (9).jpg,2,Skin-Disease-Dataset by Subir Biswas,Skin-Disease-Dataset by Subir Biswas,Chickenpox,Chickenpox,True,Flagged for Review,Retain one or keep in same split
NEAR_GRP_0269,Skin-Disease-Dataset by Subir Biswas\Chickenpox\47_VI-chickenpox (25).jpg,Skin-Disease-Dataset by Subir Biswas\Chickenpox\7_VI-chickenpox (9).jpg,0,Skin-Disease-Dataset by Subir Biswas,Skin-Disease-Dataset by Subir Biswas,Chickenpox,Chickenpox,True,Flagged for Review,Retain one or keep in same split
NEAR_GRP_0270,Skin-Disease-Dataset by Subir Biswas\Chickenpox\48_VI-chickenpox (17).jpg,Skin-Disease-Dataset by Subir Biswas\Chickenpox\70_VI-chickenpox (17).jpg,2,Skin-Disease-Dataset by Subir Biswas,Skin-Disease-Dataset by Subir Biswas,Chickenpox,Chickenpox,True,Flagged for Review,Retain one or keep in same split
NEAR_GRP_0271,Skin-Disease-Dataset by Subir Biswas\Chickenpox\4_VI-chickenpox (2).jpeg,Skin-Disease-Dataset by Subir Biswas\Chickenpox\74_VI-chickenpox (26).jpg,0,Skin-Disease-Dataset by Subir Biswas,Skin-Disease-Dataset by Subir Biswas,Chickenpox,Chickenpox,True,Flagged for Review,Retain one or keep in same split
NEAR_GRP_0272,Skin-Disease-Dataset by Subir Biswas\Chickenpox\50_VI-chickenpox (24).jpg,Skin-Disease-Dataset by Subir Biswas\Chickenpox\61_VI-chickenpox (24).jpg,0,Skin-Disease-Dataset by Subir Biswas,Skin-Disease-Dataset by Subir Biswas,Chickenpox,Chickenpox,True,Flagged for Review,Retain one or keep in same split
NEAR_GRP_0273,Skin-Disease-Dataset by Subir Biswas\Chickenpox\50_VI-chickenpox (24).jpg,Skin-Disease-Dataset by Subir Biswas\Chickenpox\8_VI-chickenpox (1).jpeg,2,Skin-Disease-Dataset by Subir Biswas,Skin-Disease-Dataset by Subir Biswas,Chickenpox,Chickenpox,True,Flagged for Review,Retain one or keep in same split
NEAR_GRP_0274,Skin-Disease-Dataset by Subir Biswas\Chickenpox\50_VI-chickenpox (24).jpg,Skin-Disease-Dataset by Subir Biswas\Chickenpox\94_VI-chickenpox (24).jpg,2,Skin-Disease-Dataset by Subir Biswas,Skin-Disease-Dataset by Subir Biswas,Chickenpox,Chickenpox,True,Flagged for Review,Retain one or keep in same split
NEAR_GRP_0275,Skin-Disease-Dataset by Subir Biswas\Chickenpox\51_VI-chickenpox (11).jpg,Skin-Disease-Dataset by Subir Biswas\Chickenpox\97_VI-chickenpox (11).jpg,2,Skin-Disease-Dataset by Subir Biswas,Skin-Disease-Dataset by Subir Biswas,Chickenpox,Chickenpox,True,Flagged for Review,Retain one or keep in same split
NEAR_GRP_0276,Skin-Disease-Dataset by Subir Biswas\Chickenpox\52_VI-chickenpox (3).jpg,Skin-Disease-Dataset by Subir Biswas\Chickenpox\91_VI-chickenpox (3).jpg,0,Skin-Disease-Dataset by Subir Biswas,Skin-Disease-Dataset by Subir Biswas,Chickenpox,Chickenpox,True,Flagged for Review,Retain one or keep in same split
NEAR_GRP_0277,Skin-Disease-Dataset by Subir Biswas\Chickenpox\52_VI-chickenpox (3).jpg,Skin-Disease-Dataset by Subir Biswas\Chickenpox\95_VI-chickenpox (3).jpg,0,Skin-Disease-Dataset by Subir Biswas,Skin-Disease-Dataset by Subir Biswas,Chickenpox,Chickenpox,True,Flagged for Review,Retain one or keep in same split
NEAR_GRP_0278,Skin-Disease-Dataset by Subir Biswas\Chickenpox\54_VI-chickenpox (20).jpg,Skin-Disease-Dataset by Subir Biswas\Chickenpox\59_VI-chickenpox (20).jpg,0,Skin-Disease-Dataset by Subir Biswas,Skin-Disease-Dataset by Subir Biswas,Chickenpox,Chickenpox,True,Flagged for Review,Retain one or keep in same split
NEAR_GRP_0279,Skin-Disease-Dataset by Subir Biswas\Chickenpox\58_VI-chickenpox (14).jpg,Skin-Disease-Dataset by Subir Biswas\Chickenpox\65_VI-chickenpox (14).jpg,0,Skin-Disease-Dataset by Subir Biswas,Skin-Disease-Dataset by Subir Biswas,Chickenpox,Chickenpox,True,Flagged for Review,Retain one or keep in same split
NEAR_GRP_0280,Skin-Disease-Dataset by Subir Biswas\Chickenpox\58_VI-chickenpox (14).jpg,Skin-Disease-Dataset by Subir Biswas\Chickenpox\69_VI-chickenpox (14).jpg,2,Skin-Disease-Dataset by Subir Biswas,Skin-Disease-Dataset by Subir Biswas,Chickenpox,Chickenpox,True,Flagged for Review,Retain one or keep in same split
NEAR_GRP_0281,Skin-Disease-Dataset by Subir Biswas\Chickenpox\5_VI-chickenpox (1).jpeg,Skin-Disease-Dataset by Subir Biswas\Chickenpox\86_VI-chickenpox (24).jpg,0,Skin-Disease-Dataset by Subir Biswas,Skin-Disease-Dataset by Subir Biswas,Chickenpox,Chickenpox,True,Flagged for Review,Retain one or keep in same split
NEAR_GRP_0282,Skin-Disease-Dataset by Subir Biswas\Chickenpox\5_VI-chickenpox (1).jpeg,Skin-Disease-Dataset by Subir Biswas\Chickenpox\98_VI-chickenpox (1).jpeg,0,Skin-Disease-Dataset by Subir Biswas,Skin-Disease-Dataset by Subir Biswas,Chickenpox,Chickenpox,True,Flagged for Review,Retain one or keep in same split
NEAR_GRP_0283,Skin-Disease-Dataset by Subir Biswas\Chickenpox\61_VI-chickenpox (24).jpg,Skin-Disease-Dataset by Subir Biswas\Chickenpox\8_VI-chickenpox (1).jpeg,2,Skin-Disease-Dataset by Subir Biswas,Skin-Disease-Dataset by Subir Biswas,Chickenpox,Chickenpox,True,Flagged for Review,Retain one or keep in same split
NEAR_GRP_0284,Skin-Disease-Dataset by Subir Biswas\Chickenpox\61_VI-chickenpox (24).jpg,Skin-Disease-Dataset by Subir Biswas\Chickenpox\94_VI-chickenpox (24).jpg,2,Skin-Disease-Dataset by Subir Biswas,Skin-Disease-Dataset by Subir Biswas,Chickenpox,Chickenpox,True,Flagged for Review,Retain one or keep in same split
NEAR_GRP_0285,Skin-Disease-Dataset by Subir Biswas\Chickenpox\63_VI-chickenpox (9).jpg,Skin-Disease-Dataset by Subir Biswas\Chickenpox\7_VI-chickenpox (9).jpg,2,Skin-Disease-Dataset by Subir Biswas,Skin-Disease-Dataset by Subir Biswas,Chickenpox,Chickenpox,True,Flagged for Review,Retain one or keep in same split
NEAR_GRP_0286,Skin-Disease-Dataset by Subir Biswas\Chickenpox\64_VI-chickenpox (17).jpg,Skin-Disease-Dataset by Subir Biswas\Chickenpox\82_VI-chickenpox (17).jpg,2,Skin-Disease-Dataset by Subir Biswas,Skin-Disease-Dataset by Subir Biswas,Chickenpox,Chickenpox,True,Flagged for Review,Retain one or keep in same split
NEAR_GRP_0287,Skin-Disease-Dataset by Subir Biswas\Chickenpox\65_VI-chickenpox (14).jpg,Skin-Disease-Dataset by Subir Biswas\Chickenpox\69_VI-chickenpox (14).jpg,2,Skin-Disease-Dataset by Subir Biswas,Skin-Disease-Dataset by Subir Biswas,Chickenpox,Chickenpox,True,Flagged for Review,Retain one or keep in same split
NEAR_GRP_0288,Skin-Disease-Dataset by Subir Biswas\Chickenpox\66_VI-chickenpox (8).jpg,Skin-Disease-Dataset by Subir Biswas\Chickenpox\71_VI-chickenpox (8).jpg,0,Skin-Disease-Dataset by Subir Biswas,Skin-Disease-Dataset by Subir Biswas,Chickenpox,Chickenpox,True,Flagged for Review,Retain one or keep in same split
NEAR_GRP_0289,Skin-Disease-Dataset by Subir Biswas\Chickenpox\66_VI-chickenpox (8).jpg,MSID by Dipankar Bala\Chickenpox\chickenpox28.png,2,Skin-Disease-Dataset by Subir Biswas,MSID by Dipankar Bala,Chickenpox,Chickenpox,True,Flagged for Review,Retain one or keep in same split
NEAR_GRP_0290,Skin-Disease-Dataset by Subir Biswas\Chickenpox\71_VI-chickenpox (8).jpg,MSID by Dipankar Bala\Chickenpox\chickenpox28.png,2,Skin-Disease-Dataset by Subir Biswas,MSID by Dipankar Bala,Chickenpox,Chickenpox,True,Flagged for Review,Retain one or keep in same split
NEAR_GRP_0291,Skin-Disease-Dataset by Subir Biswas\Chickenpox\75_VI-chickenpox (19).jpg,Skin-Disease-Dataset by Subir Biswas\Chickenpox\85_VI-chickenpox (19).jpg,2,Skin-Disease-Dataset by Subir Biswas,Skin-Disease-Dataset by Subir Biswas,Chickenpox,Chickenpox,True,Flagged for Review,Retain one or keep in same split
NEAR_GRP_0292,Skin-Disease-Dataset by Subir Biswas\Chickenpox\79_VI-chickenpox (15).jpg,Skin-Disease-Dataset by Subir Biswas\Chickenpox\96_VI-chickenpox (15).jpg,2,Skin-Disease-Dataset by Subir Biswas,Skin-Disease-Dataset by Subir Biswas,Chickenpox,Chickenpox,True,Flagged for Review,Retain one or keep in same split
NEAR_GRP_0293,Skin-Disease-Dataset by Subir Biswas\Chickenpox\79_VI-chickenpox (15).jpg,Skin-Disease-Dataset by Subir Biswas\Chickenpox\9_VI-chickenpox (5).jpg,2,Skin-Disease-Dataset by Subir Biswas,Skin-Disease-Dataset by Subir Biswas,Chickenpox,Chickenpox,True,Flagged for Review,Retain one or keep in same split
NEAR_GRP_0294,Skin-Disease-Dataset by Subir Biswas\Chickenpox\86_VI-chickenpox (24).jpg,Skin-Disease-Dataset by Subir Biswas\Chickenpox\98_VI-chickenpox (1).jpeg,0,Skin-Disease-Dataset by Subir Biswas,Skin-Disease-Dataset by Subir Biswas,Chickenpox,Chickenpox,True,Flagged for Review,Retain one or keep in same split
NEAR_GRP_0295,Skin-Disease-Dataset by Subir Biswas\Chickenpox\89_VI-chickenpox (26).jpg,Skin-Disease-Dataset by Subir Biswas\Chickenpox\90_VI-chickenpox (26).jpg,2,Skin-Disease-Dataset by Subir Biswas,Skin-Disease-Dataset by Subir Biswas,Chickenpox,Chickenpox,True,Flagged for Review,Retain one or keep in same split
NEAR_GRP_0296,Skin-Disease-Dataset by Subir Biswas\Chickenpox\89_VI-chickenpox (26).jpg,Skin-Disease-Dataset by Subir Biswas\Chickenpox\99_VI-chickenpox (2).jpeg,0,Skin-Disease-Dataset by Subir Biswas,Skin-Disease-Dataset by Subir Biswas,Chickenpox,Chickenpox,True,Flagged for Review,Retain one or keep in same split
NEAR_GRP_0297,Skin-Disease-Dataset by Subir Biswas\Chickenpox\8_VI-chickenpox (1).jpeg,Skin-Disease-Dataset by Subir Biswas\Chickenpox\94_VI-chickenpox (24).jpg,0,Skin-Disease-Dataset by Subir Biswas,Skin-Disease-Dataset by Subir Biswas,Chickenpox,Chickenpox,True,Flagged for Review,Retain one or keep in same split
NEAR_GRP_0298,Skin-Disease-Dataset by Subir Biswas\Chickenpox\90_VI-chickenpox (26).jpg,Skin-Disease-Dataset by Subir Biswas\Chickenpox\99_VI-chickenpox (2).jpeg,2,Skin-Disease-Dataset by Subir Biswas,Skin-Disease-Dataset by Subir Biswas,Chickenpox,Chickenpox,True,Flagged for Review,Retain one or keep in same split
NEAR_GRP_0299,Skin-Disease-Dataset by Subir Biswas\Chickenpox\91_VI-chickenpox (3).jpg,Skin-Disease-Dataset by Subir Biswas\Chickenpox\95_VI-chickenpox (3).jpg,0,Skin-Disease-Dataset by Subir Biswas,Skin-Disease-Dataset by Subir Biswas,Chickenpox,Chickenpox,True,Flagged for Review,Retain one or keep in same split
NEAR_GRP_0300,Skin-Disease-Dataset by Subir Biswas\Chickenpox\96_VI-chickenpox (15).jpg,Skin-Disease-Dataset by Subir Biswas\Chickenpox\9_VI-chickenpox (5).jpg,2,Skin-Disease-Dataset by Subir Biswas,Skin-Disease-Dataset by Subir Biswas,Chickenpox,Chickenpox,True,Flagged for Review,Retain one or keep in same split
NEAR_GRP_0301,MSID by Dipankar Bala\Chickenpox\chickenpox11.png,MSID by Dipankar Bala\Chickenpox\chickenpox78.png,0,MSID by Dipankar Bala,MSID by Dipankar Bala,Chickenpox,Chickenpox,True,Flagged for Review,Retain one or keep in same split
NEAR_GRP_0302,MSID by Dipankar Bala\Chickenpox\chickenpox22.png,MSID by Dipankar Bala\Chickenpox\chickenpox65.png,0,MSID by Dipankar Bala,MSID by Dipankar Bala,Chickenpox,Chickenpox,True,Flagged for Review,Retain one or keep in same split
NEAR_GRP_0303,MSID by Dipankar Bala\Chickenpox\chickenpox34.png,MSID by Dipankar Bala\Chickenpox\chickenpox84.png,2,MSID by Dipankar Bala,MSID by Dipankar Bala,Chickenpox,Chickenpox,True,Flagged for Review,Retain one or keep in same split
NEAR_GRP_0304,MSID by Dipankar Bala\Chickenpox\chickenpox38.png,MonkeyPox Skin Image Dataset for Computer Vision (\Chickenpox\CP_12.png,0,MSID by Dipankar Bala,MonkeyPox Skin Image Dataset for Computer Vision (,Chickenpox,Chickenpox,True,Flagged for Review,Retain one or keep in same split
NEAR_GRP_0305,MSID by Dipankar Bala\Chickenpox\chickenpox41.png,MSID by Dipankar Bala\Chickenpox\chickenpox95.png,2,MSID by Dipankar Bala,MSID by Dipankar Bala,Chickenpox,Chickenpox,True,Flagged for Review,Retain one or keep in same split
NEAR_GRP_0306,MSID by Dipankar Bala\Chickenpox\chickenpox77.png,MonkeyPox Skin Image Dataset for Computer Vision (\Chickenpox\CP_9.png,0,MSID by Dipankar Bala,MonkeyPox Skin Image Dataset for Computer Vision (,Chickenpox,Chickenpox,True,Flagged for Review,Retain one or keep in same split
NEAR_GRP_0307,MSID by Dipankar Bala\Chickenpox\chickenpox80.png,MonkeyPox Skin Image Dataset for Computer Vision (\Chickenpox\CP_17.png,0,MSID by Dipankar Bala,MonkeyPox Skin Image Dataset for Computer Vision (,Chickenpox,Chickenpox,True,Flagged for Review,Retain one or keep in same split
NEAR_GRP_0308,MSID by Dipankar Bala\Chickenpox\chickenpox94.png,MSID by Dipankar Bala\Monkeypox\monkeypox84.png,0,MSID by Dipankar Bala,MSID by Dipankar Bala,Chickenpox,Monkeypox,False,Flagged for Review,CRITICAL: Label Conflict across near-duplicates
NEAR_GRP_0309,MSID by Dipankar Bala\Monkeypox\monkeypox100.png,Mpox Skin Lesion Dataset Version 2.0 (MSLD v2.0) by Joydip Paul\Original Images\Original Images\FOLDS\fold5\Train\Monkeypox\MKP_107_01.jpg,0,MSID by Dipankar Bala,Mpox Skin Lesion Dataset Version 2.0 (MSLD v2.0) by Joydip Paul,Monkeypox,Monkeypox,True,Flagged for Review,Retain one or keep in same split
NEAR_GRP_0310,MSID by Dipankar Bala\Monkeypox\monkeypox105.png,Mpox Skin Lesion Dataset Version 2.0 (MSLD v2.0) by Joydip Paul\Original Images\Original Images\FOLDS\fold5\Train\Monkeypox\MKP_102_01.jpg,0,MSID by Dipankar Bala,Mpox Skin Lesion Dataset Version 2.0 (MSLD v2.0) by Joydip Paul,Monkeypox,Monkeypox,True,Flagged for Review,Retain one or keep in same split
NEAR_GRP_0311,MSID by Dipankar Bala\Monkeypox\monkeypox106.png,Mpox Skin Lesion Dataset Version 2.0 (MSLD v2.0) by Joydip Paul\Original Images\Original Images\FOLDS\fold5\Train\Monkeypox\MKP_103_01.jpg,0,MSID by Dipankar Bala,Mpox Skin Lesion Dataset Version 2.0 (MSLD v2.0) by Joydip Paul,Monkeypox,Monkeypox,True,Flagged for Review,Retain one or keep in same split
NEAR_GRP_0312,MSID by Dipankar Bala\Monkeypox\monkeypox107.png,Mpox Skin Lesion Dataset Version 2.0 (MSLD v2.0) by Joydip Paul\Original Images\Original Images\FOLDS\fold5\Train\Monkeypox\MKP_104_01.jpg,2,MSID by Dipankar Bala,Mpox Skin Lesion Dataset Version 2.0 (MSLD v2.0) by Joydip Paul,Monkeypox,Monkeypox,True,Flagged for Review,Retain one or keep in same split
NEAR_GRP_0313,MSID by Dipankar Bala\Monkeypox\monkeypox108.png,Mpox Skin Lesion Dataset Version 2.0 (MSLD v2.0) by Joydip Paul\Original Images\Original Images\FOLDS\fold5\Test\Monkeypox\MKP_106_01.jpg,0,MSID by Dipankar Bala,Mpox Skin Lesion Dataset Version 2.0 (MSLD v2.0) by Joydip Paul,Monkeypox,Monkeypox,True,Flagged for Review,Retain one or keep in same split
NEAR_GRP_0314,MSID by Dipankar Bala\Monkeypox\monkeypox114.png,MSID by Dipankar Bala\Monkeypox\monkeypox87.png,2,MSID by Dipankar Bala,MSID by Dipankar Bala,Monkeypox,Monkeypox,True,Flagged for Review,Retain one or keep in same split
NEAR_GRP_0315,MSID by Dipankar Bala\Monkeypox\monkeypox118.png,Mpox Skin Lesion Dataset Version 2.0 (MSLD v2.0) by Joydip Paul\Original Images\Original Images\FOLDS\fold5\Train\Monkeypox\MKP_119_01.jpg,0,MSID by Dipankar Bala,Mpox Skin Lesion Dataset Version 2.0 (MSLD v2.0) by Joydip Paul,Monkeypox,Monkeypox,True,Flagged for Review,Retain one or keep in same split
NEAR_GRP_0316,MSID by Dipankar Bala\Monkeypox\monkeypox119.png,Mpox Skin Lesion Dataset Version 2.0 (MSLD v2.0) by Joydip Paul\Original Images\Original Images\FOLDS\fold5\Train\Monkeypox\MKP_119_02.jpg,0,MSID by Dipankar Bala,Mpox Skin Lesion Dataset Version 2.0 (MSLD v2.0) by Joydip Paul,Monkeypox,Monkeypox,True,Flagged for Review,Retain one or keep in same split
NEAR_GRP_0317,MSID by Dipankar Bala\Monkeypox\monkeypox120.png,Mpox Skin Lesion Dataset Version 2.0 (MSLD v2.0) by Joydip Paul\Original Images\Original Images\FOLDS\fold5\Train\Monkeypox\MKP_34_01.jpg,2,MSID by Dipankar Bala,Mpox Skin Lesion Dataset Version 2.0 (MSLD v2.0) by Joydip Paul,Monkeypox,Monkeypox,True,Flagged for Review,Retain one or keep in same split
NEAR_GRP_0318,MSID by Dipankar Bala\Monkeypox\monkeypox128.png,MSID by Dipankar Bala\Monkeypox\monkeypox50.png,4,MSID by Dipankar Bala,MSID by Dipankar Bala,Monkeypox,Monkeypox,True,Flagged for Review,Retain one or keep in same split
NEAR_GRP_0319,MSID by Dipankar Bala\Monkeypox\monkeypox131.png,Mpox Skin Lesion Dataset Version 2.0 (MSLD v2.0) by Joydip Paul\Original Images\Original Images\FOLDS\fold5\Train\Monkeypox\MKP_34_02.jpg,0,MSID by Dipankar Bala,Mpox Skin Lesion Dataset Version 2.0 (MSLD v2.0) by Joydip Paul,Monkeypox,Monkeypox,True,Flagged for Review,Retain one or keep in same split
NEAR_GRP_0320,MSID by Dipankar Bala\Monkeypox\monkeypox134.png,MSID by Dipankar Bala\Monkeypox\monkeypox71.png,0,MSID by Dipankar Bala,MSID by Dipankar Bala,Monkeypox,Monkeypox,True,Flagged for Review,Retain one or keep in same split
NEAR_GRP_0321,MSID by Dipankar Bala\Monkeypox\monkeypox137.png,Mpox Skin Lesion Dataset Version 2.0 (MSLD v2.0) by Joydip Paul\Original Images\Original Images\FOLDS\fold5\Train\Monkeypox\MKP_112_01.jpg,0,MSID by Dipankar Bala,Mpox Skin Lesion Dataset Version 2.0 (MSLD v2.0) by Joydip Paul,Monkeypox,Monkeypox,True,Flagged for Review,Retain one or keep in same split
NEAR_GRP_0322,MSID by Dipankar Bala\Monkeypox\monkeypox140.png,Mpox Skin Lesion Dataset Version 2.0 (MSLD v2.0) by Joydip Paul\Original Images\Original Images\FOLDS\fold5\Train\Monkeypox\MKP_120_01.jpg,0,MSID by Dipankar Bala,Mpox Skin Lesion Dataset Version 2.0 (MSLD v2.0) by Joydip Paul,Monkeypox,Monkeypox,True,Flagged for Review,Retain one or keep in same split
NEAR_GRP_0323,MSID by Dipankar Bala\Monkeypox\monkeypox141.png,Mpox Skin Lesion Dataset Version 2.0 (MSLD v2.0) by Joydip Paul\Original Images\Original Images\FOLDS\fold5\Train\Monkeypox\MKP_108_01.jpg,0,MSID by Dipankar Bala,Mpox Skin Lesion Dataset Version 2.0 (MSLD v2.0) by Joydip Paul,Monkeypox,Monkeypox,True,Flagged for Review,Retain one or keep in same split
NEAR_GRP_0324,MSID by Dipankar Bala\Monkeypox\monkeypox142.png,Mpox Skin Lesion Dataset Version 2.0 (MSLD v2.0) by Joydip Paul\Original Images\Original Images\FOLDS\fold5\Train\Monkeypox\MKP_34_03.jpg,0,MSID by Dipankar Bala,Mpox Skin Lesion Dataset Version 2.0 (MSLD v2.0) by Joydip Paul,Monkeypox,Monkeypox,True,Flagged for Review,Retain one or keep in same split
NEAR_GRP_0325,MSID by Dipankar Bala\Monkeypox\monkeypox143.png,Mpox Skin Lesion Dataset Version 2.0 (MSLD v2.0) by Joydip Paul\Original Images\Original Images\FOLDS\fold5\Train\Monkeypox\MKP_108_02.jpg,0,MSID by Dipankar Bala,Mpox Skin Lesion Dataset Version 2.0 (MSLD v2.0) by Joydip Paul,Monkeypox,Monkeypox,True,Flagged for Review,Retain one or keep in same split
NEAR_GRP_0326,MSID by Dipankar Bala\Monkeypox\monkeypox144.png,Mpox Skin Lesion Dataset Version 2.0 (MSLD v2.0) by Joydip Paul\Original Images\Original Images\FOLDS\fold5\Train\Monkeypox\MKP_108_03.jpg,0,MSID by Dipankar Bala,Mpox Skin Lesion Dataset Version 2.0 (MSLD v2.0) by Joydip Paul,Monkeypox,Monkeypox,True,Flagged for Review,Retain one or keep in same split
NEAR_GRP_0327,MSID by Dipankar Bala\Monkeypox\monkeypox150.png,Mpox Skin Lesion Dataset Version 2.0 (MSLD v2.0) by Joydip Paul\Original Images\Original Images\FOLDS\fold5\Test\Monkeypox\MKP_114_01.jpg,0,MSID by Dipankar Bala,Mpox Skin Lesion Dataset Version 2.0 (MSLD v2.0) by Joydip Paul,Monkeypox,Monkeypox,True,Flagged for Review,Retain one or keep in same split
NEAR_GRP_0328,MSID by Dipankar Bala\Monkeypox\monkeypox152.png,MonkeyPox Skin Image Dataset for Computer Vision (\Monkeypox\MP_79.png,2,MSID by Dipankar Bala,MonkeyPox Skin Image Dataset for Computer Vision (,Monkeypox,Monkeypox,True,Flagged for Review,Retain one or keep in same split
NEAR_GRP_0329,MSID by Dipankar Bala\Monkeypox\monkeypox160.png,Mpox Skin Lesion Dataset Version 2.0 (MSLD v2.0) by Joydip Paul\Original Images\Original Images\FOLDS\fold5\Train\Monkeypox\MKP_132_01.jpg,0,MSID by Dipankar Bala,Mpox Skin Lesion Dataset Version 2.0 (MSLD v2.0) by Joydip Paul,Monkeypox,Monkeypox,True,Flagged for Review,Retain one or keep in same split
NEAR_GRP_0330,MSID by Dipankar Bala\Monkeypox\monkeypox163.png,Mpox Skin Lesion Dataset Version 2.0 (MSLD v2.0) by Joydip Paul\Original Images\Original Images\FOLDS\fold5\Train\Monkeypox\MKP_126_01.jpg,0,MSID by Dipankar Bala,Mpox Skin Lesion Dataset Version 2.0 (MSLD v2.0) by Joydip Paul,Monkeypox,Monkeypox,True,Flagged for Review,Retain one or keep in same split
NEAR_GRP_0331,MSID by Dipankar Bala\Monkeypox\monkeypox168.png,Mpox Skin Lesion Dataset Version 2.0 (MSLD v2.0) by Joydip Paul\Original Images\Original Images\FOLDS\fold5\Valid\Monkeypox\MKP_128_01.jpg,0,MSID by Dipankar Bala,Mpox Skin Lesion Dataset Version 2.0 (MSLD v2.0) by Joydip Paul,Monkeypox,Monkeypox,True,Flagged for Review,Retain one or keep in same split
NEAR_GRP_0332,MSID by Dipankar Bala\Monkeypox\monkeypox185.png,Mpox Skin Lesion Dataset Version 2.0 (MSLD v2.0) by Joydip Paul\Original Images\Original Images\FOLDS\fold5\Train\Monkeypox\MKP_124_01.jpg,0,MSID by Dipankar Bala,Mpox Skin Lesion Dataset Version 2.0 (MSLD v2.0) by Joydip Paul,Monkeypox,Monkeypox,True,Flagged for Review,Retain one or keep in same split
NEAR_GRP_0333,MSID by Dipankar Bala\Monkeypox\monkeypox187.png,Mpox Skin Lesion Dataset Version 2.0 (MSLD v2.0) by Joydip Paul\Original Images\Original Images\FOLDS\fold5\Train\Monkeypox\MKP_124_02.jpg,0,MSID by Dipankar Bala,Mpox Skin Lesion Dataset Version 2.0 (MSLD v2.0) by Joydip Paul,Monkeypox,Monkeypox,True,Flagged for Review,Retain one or keep in same split
NEAR_GRP_0334,MSID by Dipankar Bala\Monkeypox\monkeypox187.png,MonkeyPox Skin Image Dataset for Computer Vision (\Monkeypox\MP_141.png,0,MSID by Dipankar Bala,MonkeyPox Skin Image Dataset for Computer Vision (,Monkeypox,Monkeypox,True,Flagged for Review,Retain one or keep in same split
NEAR_GRP_0335,MSID by Dipankar Bala\Monkeypox\monkeypox190.png,MSID by Dipankar Bala\Monkeypox\monkeypox79.png,2,MSID by Dipankar Bala,MSID by Dipankar Bala,Monkeypox,Monkeypox,True,Flagged for Review,Retain one or keep in same split
NEAR_GRP_0336,MSID by Dipankar Bala\Monkeypox\monkeypox208.png,Mpox Skin Lesion Dataset Version 2.0 (MSLD v2.0) by Joydip Paul\Original Images\Original Images\FOLDS\fold5\Valid\Monkeypox\MKP_117_01.jpg,0,MSID by Dipankar Bala,Mpox Skin Lesion Dataset Version 2.0 (MSLD v2.0) by Joydip Paul,Monkeypox,Monkeypox,True,Flagged for Review,Retain one or keep in same split
NEAR_GRP_0337,MSID by Dipankar Bala\Monkeypox\monkeypox219.png,Mpox Skin Lesion Dataset Version 2.0 (MSLD v2.0) by Joydip Paul\Original Images\Original Images\FOLDS\fold5\Train\Monkeypox\MKP_122_01.jpg,0,MSID by Dipankar Bala,Mpox Skin Lesion Dataset Version 2.0 (MSLD v2.0) by Joydip Paul,Monkeypox,Monkeypox,True,Flagged for Review,Retain one or keep in same split
NEAR_GRP_0338,MSID by Dipankar Bala\Monkeypox\monkeypox220.png,Mpox Skin Lesion Dataset Version 2.0 (MSLD v2.0) by Joydip Paul\Original Images\Original Images\FOLDS\fold5\Train\Monkeypox\MKP_122_02.jpg,0,MSID by Dipankar Bala,Mpox Skin Lesion Dataset Version 2.0 (MSLD v2.0) by Joydip Paul,Monkeypox,Monkeypox,True,Flagged for Review,Retain one or keep in same split
NEAR_GRP_0339,MSID by Dipankar Bala\Monkeypox\monkeypox249.png,Mpox Skin Lesion Dataset Version 2.0 (MSLD v2.0) by Joydip Paul\Original Images\Original Images\FOLDS\fold5\Test\Monkeypox\MKP_116_01.jpg,0,MSID by Dipankar Bala,Mpox Skin Lesion Dataset Version 2.0 (MSLD v2.0) by Joydip Paul,Monkeypox,Monkeypox,True,Flagged for Review,Retain one or keep in same split
NEAR_GRP_0340,MSID by Dipankar Bala\Monkeypox\monkeypox257.png,Mpox Skin Lesion Dataset Version 2.0 (MSLD v2.0) by Joydip Paul\Original Images\Original Images\FOLDS\fold5\Valid\Monkeypox\MKP_123_01.jpg,0,MSID by Dipankar Bala,Mpox Skin Lesion Dataset Version 2.0 (MSLD v2.0) by Joydip Paul,Monkeypox,Monkeypox,True,Flagged for Review,Retain one or keep in same split
NEAR_GRP_0341,MSID by Dipankar Bala\Monkeypox\monkeypox257.png,MonkeyPox Skin Image Dataset for Computer Vision (\Monkeypox\MP_140.png,0,MSID by Dipankar Bala,MonkeyPox Skin Image Dataset for Computer Vision (,Monkeypox,Monkeypox,True,Flagged for Review,Retain one or keep in same split
NEAR_GRP_0342,MSID by Dipankar Bala\Monkeypox\monkeypox258.png,MonkeyPox Skin Image Dataset for Computer Vision (\Monkeypox\MP_70.png,0,MSID by Dipankar Bala,MonkeyPox Skin Image Dataset for Computer Vision (,Monkeypox,Monkeypox,True,Flagged for Review,Retain one or keep in same split
NEAR_GRP_0343,MSID by Dipankar Bala\Monkeypox\monkeypox264.png,Mpox Skin Lesion Dataset Version 2.0 (MSLD v2.0) by Joydip Paul\Original Images\Original Images\FOLDS\fold5\Test\Monkeypox\MKP_105_02.jpg,0,MSID by Dipankar Bala,Mpox Skin Lesion Dataset Version 2.0 (MSLD v2.0) by Joydip Paul,Monkeypox,Monkeypox,True,Flagged for Review,Retain one or keep in same split
NEAR_GRP_0344,MSID by Dipankar Bala\Monkeypox\monkeypox265.png,Mpox Skin Lesion Dataset Version 2.0 (MSLD v2.0) by Joydip Paul\Original Images\Original Images\FOLDS\fold5\Train\Monkeypox\MKP_118_01.jpg,0,MSID by Dipankar Bala,Mpox Skin Lesion Dataset Version 2.0 (MSLD v2.0) by Joydip Paul,Monkeypox,Monkeypox,True,Flagged for Review,Retain one or keep in same split
NEAR_GRP_0345,MSID by Dipankar Bala\Monkeypox\monkeypox265.png,MonkeyPox Skin Image Dataset for Computer Vision (\Monkeypox\MP_139.png,0,MSID by Dipankar Bala,MonkeyPox Skin Image Dataset for Computer Vision (,Monkeypox,Monkeypox,True,Flagged for Review,Retain one or keep in same split
NEAR_GRP_0346,MSID by Dipankar Bala\Monkeypox\monkeypox265.png,MonkeyPox Skin Image Dataset for Computer Vision (\Monkeypox\MP_59.png,0,MSID by Dipankar Bala,MonkeyPox Skin Image Dataset for Computer Vision (,Monkeypox,Monkeypox,True,Flagged for Review,Retain one or keep in same split
NEAR_GRP_0347,MSID by Dipankar Bala\Monkeypox\monkeypox27.png,Mpox Skin Lesion Dataset Version 2.0 (MSLD v2.0) by Joydip Paul\Original Images\Original Images\FOLDS\fold5\Train\Monkeypox\MKP_113_03.jpg,0,MSID by Dipankar Bala,Mpox Skin Lesion Dataset Version 2.0 (MSLD v2.0) by Joydip Paul,Monkeypox,Monkeypox,True,Flagged for Review,Retain one or keep in same split
NEAR_GRP_0348,MSID by Dipankar Bala\Monkeypox\monkeypox273.png,MSID by Dipankar Bala\Monkeypox\monkeypox92.png,4,MSID by Dipankar Bala,MSID by Dipankar Bala,Monkeypox,Monkeypox,True,Flagged for Review,Retain one or keep in same split
NEAR_GRP_0349,MSID by Dipankar Bala\Monkeypox\monkeypox61.png,MSID by Dipankar Bala\Monkeypox\monkeypox99.png,0,MSID by Dipankar Bala,MSID by Dipankar Bala,Monkeypox,Monkeypox,True,Flagged for Review,Retain one or keep in same split
NEAR_GRP_0350,MSID by Dipankar Bala\Monkeypox\monkeypox67.png,Mpox Skin Lesion Dataset Version 2.0 (MSLD v2.0) by Joydip Paul\Original Images\Original Images\FOLDS\fold5\Train\Monkeypox\MKP_87_03.jpg,0,MSID by Dipankar Bala,Mpox Skin Lesion Dataset Version 2.0 (MSLD v2.0) by Joydip Paul,Monkeypox,Monkeypox,True,Flagged for Review,Retain one or keep in same split
NEAR_GRP_0351,MSID by Dipankar Bala\Monkeypox\monkeypox80.png,Mpox Skin Lesion Dataset Version 2.0 (MSLD v2.0) by Joydip Paul\Original Images\Original Images\FOLDS\fold5\Train\Monkeypox\MKP_115_01.jpg,4,MSID by Dipankar Bala,Mpox Skin Lesion Dataset Version 2.0 (MSLD v2.0) by Joydip Paul,Monkeypox,Monkeypox,True,Flagged for Review,Retain one or keep in same split
NEAR_GRP_0352,MSID by Dipankar Bala\Monkeypox\monkeypox81.png,Mpox Skin Lesion Dataset Version 2.0 (MSLD v2.0) by Joydip Paul\Original Images\Original Images\FOLDS\fold5\Train\Monkeypox\MKP_110_01.jpg,2,MSID by Dipankar Bala,Mpox Skin Lesion Dataset Version 2.0 (MSLD v2.0) by Joydip Paul,Monkeypox,Monkeypox,True,Flagged for Review,Retain one or keep in same split
NEAR_GRP_0353,MSID by Dipankar Bala\Normal\normal1.png,Mpox Skin Lesion Dataset Version 2.0 (MSLD v2.0) by Joydip Paul\Original Images\Original Images\FOLDS\fold5\Train\Healthy\HEALTHY_101_01.jpg,0,MSID by Dipankar Bala,Mpox Skin Lesion Dataset Version 2.0 (MSLD v2.0) by Joydip Paul,Normal,Normal,True,Flagged for Review,Retain one or keep in same split
NEAR_GRP_0354,MSID by Dipankar Bala\Normal\normal10.png,Mpox Skin Lesion Dataset Version 2.0 (MSLD v2.0) by Joydip Paul\Original Images\Original Images\FOLDS\fold5\Train\Healthy\HEALTHY_98_01.jpg,0,MSID by Dipankar Bala,Mpox Skin Lesion Dataset Version 2.0 (MSLD v2.0) by Joydip Paul,Normal,Normal,True,Flagged for Review,Retain one or keep in same split
NEAR_GRP_0355,MSID by Dipankar Bala\Normal\normal12.png,Mpox Skin Lesion Dataset Version 2.0 (MSLD v2.0) by Joydip Paul\Original Images\Original Images\FOLDS\fold5\Test\Healthy\HEALTHY_103_01.jpg,0,MSID by Dipankar Bala,Mpox Skin Lesion Dataset Version 2.0 (MSLD v2.0) by Joydip Paul,Normal,Normal,True,Flagged for Review,Retain one or keep in same split
NEAR_GRP_0356,MSID by Dipankar Bala\Normal\normal13.png,Mpox Skin Lesion Dataset Version 2.0 (MSLD v2.0) by Joydip Paul\Original Images\Original Images\FOLDS\fold5\Train\Healthy\HEALTHY_97_01.jpg,2,MSID by Dipankar Bala,Mpox Skin Lesion Dataset Version 2.0 (MSLD v2.0) by Joydip Paul,Normal,Normal,True,Flagged for Review,Retain one or keep in same split
NEAR_GRP_0357,MSID by Dipankar Bala\Normal\normal15.png,MSID by Dipankar Bala\Normal\normal222.png,0,MSID by Dipankar Bala,MSID by Dipankar Bala,Normal,Normal,True,Flagged for Review,Retain one or keep in same split
NEAR_GRP_0358,MSID by Dipankar Bala\Normal\normal18.png,Mpox Skin Lesion Dataset Version 2.0 (MSLD v2.0) by Joydip Paul\Original Images\Original Images\FOLDS\fold5\Train\Healthy\HEALTHY_84_01.jpg,2,MSID by Dipankar Bala,Mpox Skin Lesion Dataset Version 2.0 (MSLD v2.0) by Joydip Paul,Normal,Normal,True,Flagged for Review,Retain one or keep in same split
NEAR_GRP_0359,MSID by Dipankar Bala\Normal\normal251.png,Mpox Skin Lesion Dataset Version 2.0 (MSLD v2.0) by Joydip Paul\Original Images\Original Images\FOLDS\fold5\Train\Healthy\HEALTHY_78_01.jpg,0,MSID by Dipankar Bala,Mpox Skin Lesion Dataset Version 2.0 (MSLD v2.0) by Joydip Paul,Normal,Normal,True,Flagged for Review,Retain one or keep in same split
NEAR_GRP_0360,MSID by Dipankar Bala\Normal\normal41.png,Mpox Skin Lesion Dataset Version 2.0 (MSLD v2.0) by Joydip Paul\Original Images\Original Images\FOLDS\fold5\Test\Healthy\HEALTHY_86_01.jpg,0,MSID by Dipankar Bala,Mpox Skin Lesion Dataset Version 2.0 (MSLD v2.0) by Joydip Paul,Normal,Normal,True,Flagged for Review,Retain one or keep in same split
NEAR_GRP_0361,MSID by Dipankar Bala\Normal\normal42.png,Mpox Skin Lesion Dataset Version 2.0 (MSLD v2.0) by Joydip Paul\Original Images\Original Images\FOLDS\fold5\Valid\Healthy\HEALTHY_79_01.jpg,0,MSID by Dipankar Bala,Mpox Skin Lesion Dataset Version 2.0 (MSLD v2.0) by Joydip Paul,Normal,Normal,True,Flagged for Review,Retain one or keep in same split
NEAR_GRP_0362,MSID by Dipankar Bala\Normal\normal51.png,Mpox Skin Lesion Dataset Version 2.0 (MSLD v2.0) by Joydip Paul\Original Images\Original Images\FOLDS\fold5\Valid\Healthy\HEALTHY_85_01.jpg,0,MSID by Dipankar Bala,Mpox Skin Lesion Dataset Version 2.0 (MSLD v2.0) by Joydip Paul,Normal,Normal,True,Flagged for Review,Retain one or keep in same split
NEAR_GRP_0363,MSID by Dipankar Bala\Normal\normal57.png,MSID by Dipankar Bala\Normal\normal86.png,0,MSID by Dipankar Bala,MSID by Dipankar Bala,Normal,Normal,True,Flagged for Review,Retain one or keep in same split
NEAR_GRP_0364,Mpox Skin Lesion Dataset Version 2.0 (MSLD v2.0) by Joydip Paul\Original Images\Original Images\FOLDS\fold5\Valid\Chickenpox\CHP_03_01.jpg,MonkeyPox Skin Image Dataset for Computer Vision (\Chickenpox\CP_56.png,0,Mpox Skin Lesion Dataset Version 2.0 (MSLD v2.0) by Joydip Paul,MonkeyPox Skin Image Dataset for Computer Vision (,Chickenpox,Chickenpox,True,Flagged for Review,Retain one or keep in same split
NEAR_GRP_0365,Mpox Skin Lesion Dataset Version 2.0 (MSLD v2.0) by Joydip Paul\Original Images\Original Images\FOLDS\fold5\Valid\Chickenpox\CHP_08_01.jpg,MonkeyPox Skin Image Dataset for Computer Vision (\Chickenpox\CP_57.png,0,Mpox Skin Lesion Dataset Version 2.0 (MSLD v2.0) by Joydip Paul,MonkeyPox Skin Image Dataset for Computer Vision (,Chickenpox,Chickenpox,True,Flagged for Review,Retain one or keep in same split
NEAR_GRP_0366,Mpox Skin Lesion Dataset Version 2.0 (MSLD v2.0) by Joydip Paul\Original Images\Original Images\FOLDS\fold5\Valid\Chickenpox\CHP_16_02.jpg,MonkeyPox Skin Image Dataset for Computer Vision (\Chickenpox\CP_89.png,0,Mpox Skin Lesion Dataset Version 2.0 (MSLD v2.0) by Joydip Paul,MonkeyPox Skin Image Dataset for Computer Vision (,Chickenpox,Chickenpox,True,Flagged for Review,Retain one or keep in same split
NEAR_GRP_0367,Mpox Skin Lesion Dataset Version 2.0 (MSLD v2.0) by Joydip Paul\Original Images\Original Images\FOLDS\fold5\Valid\Chickenpox\CHP_48_01.jpg,MonkeyPox Skin Image Dataset for Computer Vision (\Chickenpox\CP_60.png,0,Mpox Skin Lesion Dataset Version 2.0 (MSLD v2.0) by Joydip Paul,MonkeyPox Skin Image Dataset for Computer Vision (,Chickenpox,Chickenpox,True,Flagged for Review,Retain one or keep in same split
NEAR_GRP_0368,Mpox Skin Lesion Dataset Version 2.0 (MSLD v2.0) by Joydip Paul\Original Images\Original Images\FOLDS\fold5\Valid\Chickenpox\CHP_50_01.jpg,MonkeyPox Skin Image Dataset for Computer Vision (\Chickenpox\CP_38.png,0,Mpox Skin Lesion Dataset Version 2.0 (MSLD v2.0) by Joydip Paul,MonkeyPox Skin Image Dataset for Computer Vision (,Chickenpox,Chickenpox,True,Flagged for Review,Retain one or keep in same split
NEAR_GRP_0369,Mpox Skin Lesion Dataset Version 2.0 (MSLD v2.0) by Joydip Paul\Original Images\Original Images\FOLDS\fold5\Valid\Chickenpox\CHP_55_01.jpg,MonkeyPox Skin Image Dataset for Computer Vision (\Chickenpox\CP_96.png,0,Mpox Skin Lesion Dataset Version 2.0 (MSLD v2.0) by Joydip Paul,MonkeyPox Skin Image Dataset for Computer Vision (,Chickenpox,Chickenpox,True,Flagged for Review,Retain one or keep in same split
NEAR_GRP_0370,Mpox Skin Lesion Dataset Version 2.0 (MSLD v2.0) by Joydip Paul\Original Images\Original Images\FOLDS\fold5\Valid\Monkeypox\MKP_02_02.jpg,Monkeypox Skin Lesion Dataset by TensorKitty\Monkey Pox\M02_02.jpg,0,Mpox Skin Lesion Dataset Version 2.0 (MSLD v2.0) by Joydip Paul,Monkeypox Skin Lesion Dataset by TensorKitty,Monkeypox,Monkeypox,True,Flagged for Review,Retain one or keep in same split
NEAR_GRP_0371,Mpox Skin Lesion Dataset Version 2.0 (MSLD v2.0) by Joydip Paul\Original Images\Original Images\FOLDS\fold5\Valid\Monkeypox\MKP_10_01.jpg,Monkeypox Skin Lesion Dataset by TensorKitty\Monkey Pox\M10_01.jpg,0,Mpox Skin Lesion Dataset Version 2.0 (MSLD v2.0) by Joydip Paul,Monkeypox Skin Lesion Dataset by TensorKitty,Monkeypox,Monkeypox,True,Flagged for Review,Retain one or keep in same split
NEAR_GRP_0372,Mpox Skin Lesion Dataset Version 2.0 (MSLD v2.0) by Joydip Paul\Original Images\Original Images\FOLDS\fold5\Valid\Monkeypox\MKP_123_01.jpg,MonkeyPox Skin Image Dataset for Computer Vision (\Monkeypox\MP_140.png,0,Mpox Skin Lesion Dataset Version 2.0 (MSLD v2.0) by Joydip Paul,MonkeyPox Skin Image Dataset for Computer Vision (,Monkeypox,Monkeypox,True,Flagged for Review,Retain one or keep in same split
NEAR_GRP_0373,Mpox Skin Lesion Dataset Version 2.0 (MSLD v2.0) by Joydip Paul\Original Images\Original Images\FOLDS\fold5\Valid\Monkeypox\MKP_18_01.jpg,Monkeypox Skin Lesion Dataset by TensorKitty\Monkey Pox\M18_01.jpg,0,Mpox Skin Lesion Dataset Version 2.0 (MSLD v2.0) by Joydip Paul,Monkeypox Skin Lesion Dataset by TensorKitty,Monkeypox,Monkeypox,True,Flagged for Review,Retain one or keep in same split
NEAR_GRP_0374,Mpox Skin Lesion Dataset Version 2.0 (MSLD v2.0) by Joydip Paul\Original Images\Original Images\FOLDS\fold5\Valid\Monkeypox\MKP_18_01.jpg,MonkeyPox Skin Image Dataset for Computer Vision (\Monkeypox\MP_144.png,0,Mpox Skin Lesion Dataset Version 2.0 (MSLD v2.0) by Joydip Paul,MonkeyPox Skin Image Dataset for Computer Vision (,Monkeypox,Monkeypox,True,Flagged for Review,Retain one or keep in same split
NEAR_GRP_0375,Mpox Skin Lesion Dataset Version 2.0 (MSLD v2.0) by Joydip Paul\Original Images\Original Images\FOLDS\fold5\Valid\Monkeypox\MKP_18_02.jpg,MonkeyPox Skin Image Dataset for Computer Vision (\Monkeypox\MP_145.png,0,Mpox Skin Lesion Dataset Version 2.0 (MSLD v2.0) by Joydip Paul,MonkeyPox Skin Image Dataset for Computer Vision (,Monkeypox,Monkeypox,True,Flagged for Review,Retain one or keep in same split
NEAR_GRP_0376,Mpox Skin Lesion Dataset Version 2.0 (MSLD v2.0) by Joydip Paul\Original Images\Original Images\FOLDS\fold5\Valid\Monkeypox\MKP_45_01.jpg,MonkeyPox Skin Image Dataset for Computer Vision (\Monkeypox\MP_76.png,2,Mpox Skin Lesion Dataset Version 2.0 (MSLD v2.0) by Joydip Paul,MonkeyPox Skin Image Dataset for Computer Vision (,Monkeypox,Monkeypox,True,Flagged for Review,Retain one or keep in same split
NEAR_GRP_0377,Mpox Skin Lesion Dataset Version 2.0 (MSLD v2.0) by Joydip Paul\Original Images\Original Images\FOLDS\fold5\Valid\Monkeypox\MKP_46_01.jpg,Monkeypox Skin Lesion Dataset by TensorKitty\Monkey Pox\M46_01.jpg,0,Mpox Skin Lesion Dataset Version 2.0 (MSLD v2.0) by Joydip Paul,Monkeypox Skin Lesion Dataset by TensorKitty,Monkeypox,Monkeypox,True,Flagged for Review,Retain one or keep in same split
NEAR_GRP_0378,Mpox Skin Lesion Dataset Version 2.0 (MSLD v2.0) by Joydip Paul\Original Images\Original Images\FOLDS\fold5\Valid\Monkeypox\MKP_49_01.jpg,Monkeypox Skin Lesion Dataset by TensorKitty\Monkey Pox\M49_01.jpg,0,Mpox Skin Lesion Dataset Version 2.0 (MSLD v2.0) by Joydip Paul,Monkeypox Skin Lesion Dataset by TensorKitty,Monkeypox,Monkeypox,True,Flagged for Review,Retain one or keep in same split
NEAR_GRP_0379,Mpox Skin Lesion Dataset Version 2.0 (MSLD v2.0) by Joydip Paul\Original Images\Original Images\FOLDS\fold5\Valid\Monkeypox\MKP_49_02.jpg,Monkeypox Skin Lesion Dataset by TensorKitty\Monkey Pox\M49_02.jpg,0,Mpox Skin Lesion Dataset Version 2.0 (MSLD v2.0) by Joydip Paul,Monkeypox Skin Lesion Dataset by TensorKitty,Monkeypox,Monkeypox,True,Flagged for Review,Retain one or keep in same split
NEAR_GRP_0380,Mpox Skin Lesion Dataset Version 2.0 (MSLD v2.0) by Joydip Paul\Original Images\Original Images\FOLDS\fold5\Valid\Monkeypox\MKP_49_03.jpg,Monkeypox Skin Lesion Dataset by TensorKitty\Monkey Pox\M49_03.jpg,0,Mpox Skin Lesion Dataset Version 2.0 (MSLD v2.0) by Joydip Paul,Monkeypox Skin Lesion Dataset by TensorKitty,Monkeypox,Monkeypox,True,Flagged for Review,Retain one or keep in same split
NEAR_GRP_0381,Mpox Skin Lesion Dataset Version 2.0 (MSLD v2.0) by Joydip Paul\Original Images\Original Images\FOLDS\fold5\Valid\Monkeypox\MKP_73_01.jpg,MonkeyPox Skin Image Dataset for Computer Vision (\Monkeypox\MP_123.png,0,Mpox Skin Lesion Dataset Version 2.0 (MSLD v2.0) by Joydip Paul,MonkeyPox Skin Image Dataset for Computer Vision (,Monkeypox,Monkeypox,True,Flagged for Review,Retain one or keep in same split
NEAR_GRP_0382,Mpox Skin Lesion Dataset Version 2.0 (MSLD v2.0) by Joydip Paul\Original Images\Original Images\FOLDS\fold5\Valid\Monkeypox\MKP_73_02.jpg,MonkeyPox Skin Image Dataset for Computer Vision (\Monkeypox\MP_124.png,0,Mpox Skin Lesion Dataset Version 2.0 (MSLD v2.0) by Joydip Paul,MonkeyPox Skin Image Dataset for Computer Vision (,Monkeypox,Monkeypox,True,Flagged for Review,Retain one or keep in same split
NEAR_GRP_0383,Mpox Skin Lesion Dataset Version 2.0 (MSLD v2.0) by Joydip Paul\Original Images\Original Images\FOLDS\fold5\Valid\Monkeypox\MKP_73_04.jpg,MonkeyPox Skin Image Dataset for Computer Vision (\Monkeypox\MP_126.png,0,Mpox Skin Lesion Dataset Version 2.0 (MSLD v2.0) by Joydip Paul,MonkeyPox Skin Image Dataset for Computer Vision (,Monkeypox,Monkeypox,True,Flagged for Review,Retain one or keep in same split
NEAR_GRP_0384,Mpox Skin Lesion Dataset Version 2.0 (MSLD v2.0) by Joydip Paul\Original Images\Original Images\FOLDS\fold5\Valid\Monkeypox\MKP_73_06.jpg,MonkeyPox Skin Image Dataset for Computer Vision (\Monkeypox\MP_127.png,0,Mpox Skin Lesion Dataset Version 2.0 (MSLD v2.0) by Joydip Paul,MonkeyPox Skin Image Dataset for Computer Vision (,Monkeypox,Monkeypox,True,Flagged for Review,Retain one or keep in same split
NEAR_GRP_0385,Mpox Skin Lesion Dataset Version 2.0 (MSLD v2.0) by Joydip Paul\Original Images\Original Images\FOLDS\fold5\Valid\Monkeypox\MKP_79_01.jpg,MonkeyPox Skin Image Dataset for Computer Vision (\Monkeypox\MP_128.png,0,Mpox Skin Lesion Dataset Version 2.0 (MSLD v2.0) by Joydip Paul,MonkeyPox Skin Image Dataset for Computer Vision (,Monkeypox,Monkeypox,True,Flagged for Review,Retain one or keep in same split
NEAR_GRP_0386,Mpox Skin Lesion Dataset Version 2.0 (MSLD v2.0) by Joydip Paul\Original Images\Original Images\FOLDS\fold5\Train\Chickenpox\CHP_05_01.jpg,MonkeyPox Skin Image Dataset for Computer Vision (\Chickenpox\CP_37.png,0,Mpox Skin Lesion Dataset Version 2.0 (MSLD v2.0) by Joydip Paul,MonkeyPox Skin Image Dataset for Computer Vision (,Chickenpox,Chickenpox,True,Flagged for Review,Retain one or keep in same split
NEAR_GRP_0387,Mpox Skin Lesion Dataset Version 2.0 (MSLD v2.0) by Joydip Paul\Original Images\Original Images\FOLDS\fold5\Train\Chickenpox\CHP_06_01.jpg,MonkeyPox Skin Image Dataset for Computer Vision (\Chickenpox\CP_81.png,0,Mpox Skin Lesion Dataset Version 2.0 (MSLD v2.0) by Joydip Paul,MonkeyPox Skin Image Dataset for Computer Vision (,Chickenpox,Chickenpox,True,Flagged for Review,Retain one or keep in same split
NEAR_GRP_0388,Mpox Skin Lesion Dataset Version 2.0 (MSLD v2.0) by Joydip Paul\Original Images\Original Images\FOLDS\fold5\Train\Chickenpox\CHP_06_02.jpg,MonkeyPox Skin Image Dataset for Computer Vision (\Chickenpox\CP_24.png,0,Mpox Skin Lesion Dataset Version 2.0 (MSLD v2.0) by Joydip Paul,MonkeyPox Skin Image Dataset for Computer Vision (,Chickenpox,Chickenpox,True,Flagged for Review,Retain one or keep in same split
NEAR_GRP_0389,Mpox Skin Lesion Dataset Version 2.0 (MSLD v2.0) by Joydip Paul\Original Images\Original Images\FOLDS\fold5\Train\Chickenpox\CHP_07_01.jpg,MonkeyPox Skin Image Dataset for Computer Vision (\Chickenpox\CP_100.png,0,Mpox Skin Lesion Dataset Version 2.0 (MSLD v2.0) by Joydip Paul,MonkeyPox Skin Image Dataset for Computer Vision (,Chickenpox,Chickenpox,True,Flagged for Review,Retain one or keep in same split
NEAR_GRP_0390,Mpox Skin Lesion Dataset Version 2.0 (MSLD v2.0) by Joydip Paul\Original Images\Original Images\FOLDS\fold5\Train\Chickenpox\CHP_10_01.jpg,MonkeyPox Skin Image Dataset for Computer Vision (\Chickenpox\CP_4.png,0,Mpox Skin Lesion Dataset Version 2.0 (MSLD v2.0) by Joydip Paul,MonkeyPox Skin Image Dataset for Computer Vision (,Chickenpox,Chickenpox,True,Flagged for Review,Retain one or keep in same split
NEAR_GRP_0391,Mpox Skin Lesion Dataset Version 2.0 (MSLD v2.0) by Joydip Paul\Original Images\Original Images\FOLDS\fold5\Train\Chickenpox\CHP_11_01.jpg,MonkeyPox Skin Image Dataset for Computer Vision (\Chickenpox\CP_55.png,0,Mpox Skin Lesion Dataset Version 2.0 (MSLD v2.0) by Joydip Paul,MonkeyPox Skin Image Dataset for Computer Vision (,Chickenpox,Chickenpox,True,Flagged for Review,Retain one or keep in same split
NEAR_GRP_0392,Mpox Skin Lesion Dataset Version 2.0 (MSLD v2.0) by Joydip Paul\Original Images\Original Images\FOLDS\fold5\Train\Chickenpox\CHP_15_01.jpg,MonkeyPox Skin Image Dataset for Computer Vision (\Chickenpox\CP_40.png,0,Mpox Skin Lesion Dataset Version 2.0 (MSLD v2.0) by Joydip Paul,MonkeyPox Skin Image Dataset for Computer Vision (,Chickenpox,Chickenpox,True,Flagged for Review,Retain one or keep in same split
NEAR_GRP_0393,Mpox Skin Lesion Dataset Version 2.0 (MSLD v2.0) by Joydip Paul\Original Images\Original Images\FOLDS\fold5\Train\Chickenpox\CHP_15_02.jpg,MonkeyPox Skin Image Dataset for Computer Vision (\Chickenpox\CP_27.png,0,Mpox Skin Lesion Dataset Version 2.0 (MSLD v2.0) by Joydip Paul,MonkeyPox Skin Image Dataset for Computer Vision (,Chickenpox,Chickenpox,True,Flagged for Review,Retain one or keep in same split
NEAR_GRP_0394,Mpox Skin Lesion Dataset Version 2.0 (MSLD v2.0) by Joydip Paul\Original Images\Original Images\FOLDS\fold5\Train\Chickenpox\CHP_17_01.jpg,MonkeyPox Skin Image Dataset for Computer Vision (\Chickenpox\CP_68.png,0,Mpox Skin Lesion Dataset Version 2.0 (MSLD v2.0) by Joydip Paul,MonkeyPox Skin Image Dataset for Computer Vision (,Chickenpox,Chickenpox,True,Flagged for Review,Retain one or keep in same split
NEAR_GRP_0395,Mpox Skin Lesion Dataset Version 2.0 (MSLD v2.0) by Joydip Paul\Original Images\Original Images\FOLDS\fold5\Train\Chickenpox\CHP_18_01.jpg,MonkeyPox Skin Image Dataset for Computer Vision (\Chickenpox\CP_30.png,0,Mpox Skin Lesion Dataset Version 2.0 (MSLD v2.0) by Joydip Paul,MonkeyPox Skin Image Dataset for Computer Vision (,Chickenpox,Chickenpox,True,Flagged for Review,Retain one or keep in same split
NEAR_GRP_0396,Mpox Skin Lesion Dataset Version 2.0 (MSLD v2.0) by Joydip Paul\Original Images\Original Images\FOLDS\fold5\Train\Chickenpox\CHP_19_01.jpg,MonkeyPox Skin Image Dataset for Computer Vision (\Chickenpox\CP_31.png,0,Mpox Skin Lesion Dataset Version 2.0 (MSLD v2.0) by Joydip Paul,MonkeyPox Skin Image Dataset for Computer Vision (,Chickenpox,Chickenpox,True,Flagged for Review,Retain one or keep in same split
NEAR_GRP_0397,Mpox Skin Lesion Dataset Version 2.0 (MSLD v2.0) by Joydip Paul\Original Images\Original Images\FOLDS\fold5\Train\Chickenpox\CHP_20_01.jpg,MonkeyPox Skin Image Dataset for Computer Vision (\Chickenpox\CP_71.png,0,Mpox Skin Lesion Dataset Version 2.0 (MSLD v2.0) by Joydip Paul,MonkeyPox Skin Image Dataset for Computer Vision (,Chickenpox,Chickenpox,True,Flagged for Review,Retain one or keep in same split
NEAR_GRP_0398,Mpox Skin Lesion Dataset Version 2.0 (MSLD v2.0) by Joydip Paul\Original Images\Original Images\FOLDS\fold5\Train\Chickenpox\CHP_23_01.jpg,MonkeyPox Skin Image Dataset for Computer Vision (\Chickenpox\CP_72.png,0,Mpox Skin Lesion Dataset Version 2.0 (MSLD v2.0) by Joydip Paul,MonkeyPox Skin Image Dataset for Computer Vision (,Chickenpox,Chickenpox,True,Flagged for Review,Retain one or keep in same split
NEAR_GRP_0399,Mpox Skin Lesion Dataset Version 2.0 (MSLD v2.0) by Joydip Paul\Original Images\Original Images\FOLDS\fold5\Train\Chickenpox\CHP_30_01.jpg,MonkeyPox Skin Image Dataset for Computer Vision (\Chickenpox\CP_90.png,0,Mpox Skin Lesion Dataset Version 2.0 (MSLD v2.0) by Joydip Paul,MonkeyPox Skin Image Dataset for Computer Vision (,Chickenpox,Chickenpox,True,Flagged for Review,Retain one or keep in same split
NEAR_GRP_0400,Mpox Skin Lesion Dataset Version 2.0 (MSLD v2.0) by Joydip Paul\Original Images\Original Images\FOLDS\fold5\Train\Chickenpox\CHP_32_01.jpg,MonkeyPox Skin Image Dataset for Computer Vision (\Chickenpox\CP_73.png,0,Mpox Skin Lesion Dataset Version 2.0 (MSLD v2.0) by Joydip Paul,MonkeyPox Skin Image Dataset for Computer Vision (,Chickenpox,Chickenpox,True,Flagged for Review,Retain one or keep in same split
NEAR_GRP_0401,Mpox Skin Lesion Dataset Version 2.0 (MSLD v2.0) by Joydip Paul\Original Images\Original Images\FOLDS\fold5\Train\Chickenpox\CHP_33_01.jpg,MonkeyPox Skin Image Dataset for Computer Vision (\Chickenpox\CP_74.png,0,Mpox Skin Lesion Dataset Version 2.0 (MSLD v2.0) by Joydip Paul,MonkeyPox Skin Image Dataset for Computer Vision (,Chickenpox,Chickenpox,True,Flagged for Review,Retain one or keep in same split
NEAR_GRP_0402,Mpox Skin Lesion Dataset Version 2.0 (MSLD v2.0) by Joydip Paul\Original Images\Original Images\FOLDS\fold5\Train\Chickenpox\CHP_35_01.jpg,MonkeyPox Skin Image Dataset for Computer Vision (\Chickenpox\CP_88.png,0,Mpox Skin Lesion Dataset Version 2.0 (MSLD v2.0) by Joydip Paul,MonkeyPox Skin Image Dataset for Computer Vision (,Chickenpox,Chickenpox,True,Flagged for Review,Retain one or keep in same split
NEAR_GRP_0403,Mpox Skin Lesion Dataset Version 2.0 (MSLD v2.0) by Joydip Paul\Original Images\Original Images\FOLDS\fold5\Train\Chickenpox\CHP_39_01.jpg,MonkeyPox Skin Image Dataset for Computer Vision (\Chickenpox\CP_86.png,0,Mpox Skin Lesion Dataset Version 2.0 (MSLD v2.0) by Joydip Paul,MonkeyPox Skin Image Dataset for Computer Vision (,Chickenpox,Chickenpox,True,Flagged for Review,Retain one or keep in same split
NEAR_GRP_0404,Mpox Skin Lesion Dataset Version 2.0 (MSLD v2.0) by Joydip Paul\Original Images\Original Images\FOLDS\fold5\Train\Chickenpox\CHP_49_01.jpg,MonkeyPox Skin Image Dataset for Computer Vision (\Chickenpox\CP_61.png,0,Mpox Skin Lesion Dataset Version 2.0 (MSLD v2.0) by Joydip Paul,MonkeyPox Skin Image Dataset for Computer Vision (,Chickenpox,Chickenpox,True,Flagged for Review,Retain one or keep in same split
NEAR_GRP_0405,Mpox Skin Lesion Dataset Version 2.0 (MSLD v2.0) by Joydip Paul\Original Images\Original Images\FOLDS\fold5\Train\Chickenpox\CHP_51_01.jpg,MonkeyPox Skin Image Dataset for Computer Vision (\Chickenpox\CP_5.png,0,Mpox Skin Lesion Dataset Version 2.0 (MSLD v2.0) by Joydip Paul,MonkeyPox Skin Image Dataset for Computer Vision (,Chickenpox,Chickenpox,True,Flagged for Review,Retain one or keep in same split
NEAR_GRP_0406,Mpox Skin Lesion Dataset Version 2.0 (MSLD v2.0) by Joydip Paul\Original Images\Original Images\FOLDS\fold5\Train\Chickenpox\CHP_51_02.jpg,MonkeyPox Skin Image Dataset for Computer Vision (\Chickenpox\CP_42.png,0,Mpox Skin Lesion Dataset Version 2.0 (MSLD v2.0) by Joydip Paul,MonkeyPox Skin Image Dataset for Computer Vision (,Chickenpox,Chickenpox,True,Flagged for Review,Retain one or keep in same split
NEAR_GRP_0407,Mpox Skin Lesion Dataset Version 2.0 (MSLD v2.0) by Joydip Paul\Original Images\Original Images\FOLDS\fold5\Train\Chickenpox\CHP_52_01.jpg,MonkeyPox Skin Image Dataset for Computer Vision (\Chickenpox\CP_80.png,0,Mpox Skin Lesion Dataset Version 2.0 (MSLD v2.0) by Joydip Paul,MonkeyPox Skin Image Dataset for Computer Vision (,Chickenpox,Chickenpox,True,Flagged for Review,Retain one or keep in same split
NEAR_GRP_0408,Mpox Skin Lesion Dataset Version 2.0 (MSLD v2.0) by Joydip Paul\Original Images\Original Images\FOLDS\fold5\Train\Chickenpox\CHP_52_02.jpg,MonkeyPox Skin Image Dataset for Computer Vision (\Chickenpox\CP_79.png,0,Mpox Skin Lesion Dataset Version 2.0 (MSLD v2.0) by Joydip Paul,MonkeyPox Skin Image Dataset for Computer Vision (,Chickenpox,Chickenpox,True,Flagged for Review,Retain one or keep in same split
NEAR_GRP_0409,Mpox Skin Lesion Dataset Version 2.0 (MSLD v2.0) by Joydip Paul\Original Images\Original Images\FOLDS\fold5\Train\Chickenpox\CHP_53_01.jpg,MonkeyPox Skin Image Dataset for Computer Vision (\Chickenpox\CP_50.png,0,Mpox Skin Lesion Dataset Version 2.0 (MSLD v2.0) by Joydip Paul,MonkeyPox Skin Image Dataset for Computer Vision (,Chickenpox,Chickenpox,True,Flagged for Review,Retain one or keep in same split
NEAR_GRP_0410,Mpox Skin Lesion Dataset Version 2.0 (MSLD v2.0) by Joydip Paul\Original Images\Original Images\FOLDS\fold5\Train\Chickenpox\CHP_54_01.jpg,MonkeyPox Skin Image Dataset for Computer Vision (\Chickenpox\CP_97.png,0,Mpox Skin Lesion Dataset Version 2.0 (MSLD v2.0) by Joydip Paul,MonkeyPox Skin Image Dataset for Computer Vision (,Chickenpox,Chickenpox,True,Flagged for Review,Retain one or keep in same split
NEAR_GRP_0411,Mpox Skin Lesion Dataset Version 2.0 (MSLD v2.0) by Joydip Paul\Original Images\Original Images\FOLDS\fold5\Train\Chickenpox\CHP_54_02.jpg,MonkeyPox Skin Image Dataset for Computer Vision (\Chickenpox\CP_78.png,0,Mpox Skin Lesion Dataset Version 2.0 (MSLD v2.0) by Joydip Paul,MonkeyPox Skin Image Dataset for Computer Vision (,Chickenpox,Chickenpox,True,Flagged for Review,Retain one or keep in same split
NEAR_GRP_0412,Mpox Skin Lesion Dataset Version 2.0 (MSLD v2.0) by Joydip Paul\Original Images\Original Images\FOLDS\fold5\Train\Chickenpox\CHP_56_01.jpg,MonkeyPox Skin Image Dataset for Computer Vision (\Chickenpox\CP_95.png,0,Mpox Skin Lesion Dataset Version 2.0 (MSLD v2.0) by Joydip Paul,MonkeyPox Skin Image Dataset for Computer Vision (,Chickenpox,Chickenpox,True,Flagged for Review,Retain one or keep in same split
NEAR_GRP_0413,Mpox Skin Lesion Dataset Version 2.0 (MSLD v2.0) by Joydip Paul\Original Images\Original Images\FOLDS\fold5\Train\Healthy\HEALTHY_21_01.jpg,Mpox Skin Lesion Dataset Version 2.0 (MSLD v2.0) by Joydip Paul\Original Images\Original Images\FOLDS\fold5\Test\Healthy\HEALTHY_77_01.jpg,2,Mpox Skin Lesion Dataset Version 2.0 (MSLD v2.0) by Joydip Paul,Mpox Skin Lesion Dataset Version 2.0 (MSLD v2.0) by Joydip Paul,Normal,Normal,True,Flagged for Review,Retain one or keep in same split
NEAR_GRP_0414,Mpox Skin Lesion Dataset Version 2.0 (MSLD v2.0) by Joydip Paul\Original Images\Original Images\FOLDS\fold5\Train\HFMD\HFMD_130_01.jpg,Mpox Skin Lesion Dataset Version 2.0 (MSLD v2.0) by Joydip Paul\Original Images\Original Images\FOLDS\fold5\Train\HFMD\HFMD_96_01.jpg,0,Mpox Skin Lesion Dataset Version 2.0 (MSLD v2.0) by Joydip Paul,Mpox Skin Lesion Dataset Version 2.0 (MSLD v2.0) by Joydip Paul,UNRESOLVED,UNRESOLVED,True,Flagged for Review,Retain one or keep in same split
NEAR_GRP_0415,Mpox Skin Lesion Dataset Version 2.0 (MSLD v2.0) by Joydip Paul\Original Images\Original Images\FOLDS\fold5\Train\Monkeypox\MKP_01_04.jpg,Monkeypox Skin Lesion Dataset by TensorKitty\Monkey Pox\M01_04.jpg,0,Mpox Skin Lesion Dataset Version 2.0 (MSLD v2.0) by Joydip Paul,Monkeypox Skin Lesion Dataset by TensorKitty,Monkeypox,Monkeypox,True,Flagged for Review,Retain one or keep in same split
NEAR_GRP_0416,Mpox Skin Lesion Dataset Version 2.0 (MSLD v2.0) by Joydip Paul\Original Images\Original Images\FOLDS\fold5\Train\Monkeypox\MKP_05_01.jpg,Monkeypox Skin Lesion Dataset by TensorKitty\Monkey Pox\M05_01.jpg,0,Mpox Skin Lesion Dataset Version 2.0 (MSLD v2.0) by Joydip Paul,Monkeypox Skin Lesion Dataset by TensorKitty,Monkeypox,Monkeypox,True,Flagged for Review,Retain one or keep in same split
NEAR_GRP_0417,Mpox Skin Lesion Dataset Version 2.0 (MSLD v2.0) by Joydip Paul\Original Images\Original Images\FOLDS\fold5\Train\Monkeypox\MKP_05_02.jpg,Monkeypox Skin Lesion Dataset by TensorKitty\Monkey Pox\M05_02.jpg,0,Mpox Skin Lesion Dataset Version 2.0 (MSLD v2.0) by Joydip Paul,Monkeypox Skin Lesion Dataset by TensorKitty,Monkeypox,Monkeypox,True,Flagged for Review,Retain one or keep in same split
NEAR_GRP_0418,Mpox Skin Lesion Dataset Version 2.0 (MSLD v2.0) by Joydip Paul\Original Images\Original Images\FOLDS\fold5\Train\Monkeypox\MKP_06_01.jpg,Monkeypox Skin Lesion Dataset by TensorKitty\Monkey Pox\M06_01.jpg,0,Mpox Skin Lesion Dataset Version 2.0 (MSLD v2.0) by Joydip Paul,Monkeypox Skin Lesion Dataset by TensorKitty,Monkeypox,Monkeypox,True,Flagged for Review,Retain one or keep in same split
NEAR_GRP_0419,Mpox Skin Lesion Dataset Version 2.0 (MSLD v2.0) by Joydip Paul\Original Images\Original Images\FOLDS\fold5\Train\Monkeypox\MKP_06_02.jpg,Monkeypox Skin Lesion Dataset by TensorKitty\Monkey Pox\M06_02.jpg,0,Mpox Skin Lesion Dataset Version 2.0 (MSLD v2.0) by Joydip Paul,Monkeypox Skin Lesion Dataset by TensorKitty,Monkeypox,Monkeypox,True,Flagged for Review,Retain one or keep in same split
NEAR_GRP_0420,Mpox Skin Lesion Dataset Version 2.0 (MSLD v2.0) by Joydip Paul\Original Images\Original Images\FOLDS\fold5\Train\Monkeypox\MKP_08_01.jpg,Monkeypox Skin Lesion Dataset by TensorKitty\Monkey Pox\M08_01.jpg,0,Mpox Skin Lesion Dataset Version 2.0 (MSLD v2.0) by Joydip Paul,Monkeypox Skin Lesion Dataset by TensorKitty,Monkeypox,Monkeypox,True,Flagged for Review,Retain one or keep in same split
NEAR_GRP_0421,Mpox Skin Lesion Dataset Version 2.0 (MSLD v2.0) by Joydip Paul\Original Images\Original Images\FOLDS\fold5\Train\Monkeypox\MKP_09_01.jpg,Monkeypox Skin Lesion Dataset by TensorKitty\Monkey Pox\M09_01.jpg,0,Mpox Skin Lesion Dataset Version 2.0 (MSLD v2.0) by Joydip Paul,Monkeypox Skin Lesion Dataset by TensorKitty,Monkeypox,Monkeypox,True,Flagged for Review,Retain one or keep in same split
NEAR_GRP_0422,Mpox Skin Lesion Dataset Version 2.0 (MSLD v2.0) by Joydip Paul\Original Images\Original Images\FOLDS\fold5\Train\Monkeypox\MKP_09_04.jpg,Monkeypox Skin Lesion Dataset by TensorKitty\Monkey Pox\M09_04.jpg,0,Mpox Skin Lesion Dataset Version 2.0 (MSLD v2.0) by Joydip Paul,Monkeypox Skin Lesion Dataset by TensorKitty,Monkeypox,Monkeypox,True,Flagged for Review,Retain one or keep in same split
NEAR_GRP_0423,Mpox Skin Lesion Dataset Version 2.0 (MSLD v2.0) by Joydip Paul\Original Images\Original Images\FOLDS\fold5\Train\Monkeypox\MKP_118_01.jpg,MonkeyPox Skin Image Dataset for Computer Vision (\Monkeypox\MP_139.png,0,Mpox Skin Lesion Dataset Version 2.0 (MSLD v2.0) by Joydip Paul,MonkeyPox Skin Image Dataset for Computer Vision (,Monkeypox,Monkeypox,True,Flagged for Review,Retain one or keep in same split
NEAR_GRP_0424,Mpox Skin Lesion Dataset Version 2.0 (MSLD v2.0) by Joydip Paul\Original Images\Original Images\FOLDS\fold5\Train\Monkeypox\MKP_118_01.jpg,MonkeyPox Skin Image Dataset for Computer Vision (\Monkeypox\MP_59.png,0,Mpox Skin Lesion Dataset Version 2.0 (MSLD v2.0) by Joydip Paul,MonkeyPox Skin Image Dataset for Computer Vision (,Monkeypox,Monkeypox,True,Flagged for Review,Retain one or keep in same split
NEAR_GRP_0425,Mpox Skin Lesion Dataset Version 2.0 (MSLD v2.0) by Joydip Paul\Original Images\Original Images\FOLDS\fold5\Train\Monkeypox\MKP_124_02.jpg,MonkeyPox Skin Image Dataset for Computer Vision (\Monkeypox\MP_141.png,0,Mpox Skin Lesion Dataset Version 2.0 (MSLD v2.0) by Joydip Paul,MonkeyPox Skin Image Dataset for Computer Vision (,Monkeypox,Monkeypox,True,Flagged for Review,Retain one or keep in same split
NEAR_GRP_0426,Mpox Skin Lesion Dataset Version 2.0 (MSLD v2.0) by Joydip Paul\Original Images\Original Images\FOLDS\fold5\Train\Monkeypox\MKP_17_01.jpg,Monkeypox Skin Lesion Dataset by TensorKitty\Monkey Pox\M17_01.jpg,0,Mpox Skin Lesion Dataset Version 2.0 (MSLD v2.0) by Joydip Paul,Monkeypox Skin Lesion Dataset by TensorKitty,Monkeypox,Monkeypox,True,Flagged for Review,Retain one or keep in same split
NEAR_GRP_0427,Mpox Skin Lesion Dataset Version 2.0 (MSLD v2.0) by Joydip Paul\Original Images\Original Images\FOLDS\fold5\Train\Monkeypox\MKP_17_01.jpg,MonkeyPox Skin Image Dataset for Computer Vision (\Monkeypox\MP_135.png,0,Mpox Skin Lesion Dataset Version 2.0 (MSLD v2.0) by Joydip Paul,MonkeyPox Skin Image Dataset for Computer Vision (,Monkeypox,Monkeypox,True,Flagged for Review,Retain one or keep in same split
NEAR_GRP_0428,Mpox Skin Lesion Dataset Version 2.0 (MSLD v2.0) by Joydip Paul\Original Images\Original Images\FOLDS\fold5\Train\Monkeypox\MKP_17_02.jpg,MonkeyPox Skin Image Dataset for Computer Vision (\Monkeypox\MP_69.png,0,Mpox Skin Lesion Dataset Version 2.0 (MSLD v2.0) by Joydip Paul,MonkeyPox Skin Image Dataset for Computer Vision (,Monkeypox,Monkeypox,True,Flagged for Review,Retain one or keep in same split
NEAR_GRP_0429,Mpox Skin Lesion Dataset Version 2.0 (MSLD v2.0) by Joydip Paul\Original Images\Original Images\FOLDS\fold5\Train\Monkeypox\MKP_19_01.jpg,Monkeypox Skin Lesion Dataset by TensorKitty\Monkey Pox\M19_01.jpg,0,Mpox Skin Lesion Dataset Version 2.0 (MSLD v2.0) by Joydip Paul,Monkeypox Skin Lesion Dataset by TensorKitty,Monkeypox,Monkeypox,True,Flagged for Review,Retain one or keep in same split
NEAR_GRP_0430,Mpox Skin Lesion Dataset Version 2.0 (MSLD v2.0) by Joydip Paul\Original Images\Original Images\FOLDS\fold5\Train\Monkeypox\MKP_19_01.jpg,MonkeyPox Skin Image Dataset for Computer Vision (\Monkeypox\MP_26.png,0,Mpox Skin Lesion Dataset Version 2.0 (MSLD v2.0) by Joydip Paul,MonkeyPox Skin Image Dataset for Computer Vision (,Monkeypox,Monkeypox,True,Flagged for Review,Retain one or keep in same split
NEAR_GRP_0431,Mpox Skin Lesion Dataset Version 2.0 (MSLD v2.0) by Joydip Paul\Original Images\Original Images\FOLDS\fold5\Train\Monkeypox\MKP_19_02.jpg,MonkeyPox Skin Image Dataset for Computer Vision (\Monkeypox\MP_97.png,0,Mpox Skin Lesion Dataset Version 2.0 (MSLD v2.0) by Joydip Paul,MonkeyPox Skin Image Dataset for Computer Vision (,Monkeypox,Monkeypox,True,Flagged for Review,Retain one or keep in same split
NEAR_GRP_0432,Mpox Skin Lesion Dataset Version 2.0 (MSLD v2.0) by Joydip Paul\Original Images\Original Images\FOLDS\fold5\Train\Monkeypox\MKP_20_02.jpg,Monkeypox Skin Lesion Dataset by TensorKitty\Monkey Pox\M20_02.jpg,0,Mpox Skin Lesion Dataset Version 2.0 (MSLD v2.0) by Joydip Paul,Monkeypox Skin Lesion Dataset by TensorKitty,Monkeypox,Monkeypox,True,Flagged for Review,Retain one or keep in same split
NEAR_GRP_0433,Mpox Skin Lesion Dataset Version 2.0 (MSLD v2.0) by Joydip Paul\Original Images\Original Images\FOLDS\fold5\Train\Monkeypox\MKP_21_01.jpg,Monkeypox Skin Lesion Dataset by TensorKitty\Monkey Pox\M21_01.jpg,0,Mpox Skin Lesion Dataset Version 2.0 (MSLD v2.0) by Joydip Paul,Monkeypox Skin Lesion Dataset by TensorKitty,Monkeypox,Monkeypox,True,Flagged for Review,Retain one or keep in same split
NEAR_GRP_0434,Mpox Skin Lesion Dataset Version 2.0 (MSLD v2.0) by Joydip Paul\Original Images\Original Images\FOLDS\fold5\Train\Monkeypox\MKP_23_01.jpg,Monkeypox Skin Lesion Dataset by TensorKitty\Monkey Pox\M23_01.jpg,0,Mpox Skin Lesion Dataset Version 2.0 (MSLD v2.0) by Joydip Paul,Monkeypox Skin Lesion Dataset by TensorKitty,Monkeypox,Monkeypox,True,Flagged for Review,Retain one or keep in same split
NEAR_GRP_0435,Mpox Skin Lesion Dataset Version 2.0 (MSLD v2.0) by Joydip Paul\Original Images\Original Images\FOLDS\fold5\Train\Monkeypox\MKP_23_01.jpg,MonkeyPox Skin Image Dataset for Computer Vision (\Monkeypox\MP_109.png,0,Mpox Skin Lesion Dataset Version 2.0 (MSLD v2.0) by Joydip Paul,MonkeyPox Skin Image Dataset for Computer Vision (,Monkeypox,Monkeypox,True,Flagged for Review,Retain one or keep in same split
NEAR_GRP_0436,Mpox Skin Lesion Dataset Version 2.0 (MSLD v2.0) by Joydip Paul\Original Images\Original Images\FOLDS\fold5\Train\Monkeypox\MKP_25_01.jpg,MonkeyPox Skin Image Dataset for Computer Vision (\Monkeypox\MP_112.png,0,Mpox Skin Lesion Dataset Version 2.0 (MSLD v2.0) by Joydip Paul,MonkeyPox Skin Image Dataset for Computer Vision (,Monkeypox,Monkeypox,True,Flagged for Review,Retain one or keep in same split
NEAR_GRP_0437,Mpox Skin Lesion Dataset Version 2.0 (MSLD v2.0) by Joydip Paul\Original Images\Original Images\FOLDS\fold5\Train\Monkeypox\MKP_25_02.jpg,MonkeyPox Skin Image Dataset for Computer Vision (\Monkeypox\MP_113.png,0,Mpox Skin Lesion Dataset Version 2.0 (MSLD v2.0) by Joydip Paul,MonkeyPox Skin Image Dataset for Computer Vision (,Monkeypox,Monkeypox,True,Flagged for Review,Retain one or keep in same split
NEAR_GRP_0438,Mpox Skin Lesion Dataset Version 2.0 (MSLD v2.0) by Joydip Paul\Original Images\Original Images\FOLDS\fold5\Train\Monkeypox\MKP_26_02.jpg,Monkeypox Skin Lesion Dataset by TensorKitty\Monkey Pox\M26_02.jpg,4,Mpox Skin Lesion Dataset Version 2.0 (MSLD v2.0) by Joydip Paul,Monkeypox Skin Lesion Dataset by TensorKitty,Monkeypox,Monkeypox,True,Flagged for Review,Retain one or keep in same split
NEAR_GRP_0439,Mpox Skin Lesion Dataset Version 2.0 (MSLD v2.0) by Joydip Paul\Original Images\Original Images\FOLDS\fold5\Train\Monkeypox\MKP_28_01.jpg,Monkeypox Skin Lesion Dataset by TensorKitty\Monkey Pox\M28_01.jpg,0,Mpox Skin Lesion Dataset Version 2.0 (MSLD v2.0) by Joydip Paul,Monkeypox Skin Lesion Dataset by TensorKitty,Monkeypox,Monkeypox,True,Flagged for Review,Retain one or keep in same split
NEAR_GRP_0440,Mpox Skin Lesion Dataset Version 2.0 (MSLD v2.0) by Joydip Paul\Original Images\Original Images\FOLDS\fold5\Train\Monkeypox\MKP_28_01.jpg,MonkeyPox Skin Image Dataset for Computer Vision (\Monkeypox\MP_114.png,0,Mpox Skin Lesion Dataset Version 2.0 (MSLD v2.0) by Joydip Paul,MonkeyPox Skin Image Dataset for Computer Vision (,Monkeypox,Monkeypox,True,Flagged for Review,Retain one or keep in same split
NEAR_GRP_0441,Mpox Skin Lesion Dataset Version 2.0 (MSLD v2.0) by Joydip Paul\Original Images\Original Images\FOLDS\fold5\Train\Monkeypox\MKP_28_02.jpg,MonkeyPox Skin Image Dataset for Computer Vision (\Monkeypox\MP_116.png,0,Mpox Skin Lesion Dataset Version 2.0 (MSLD v2.0) by Joydip Paul,MonkeyPox Skin Image Dataset for Computer Vision (,Monkeypox,Monkeypox,True,Flagged for Review,Retain one or keep in same split
NEAR_GRP_0442,Mpox Skin Lesion Dataset Version 2.0 (MSLD v2.0) by Joydip Paul\Original Images\Original Images\FOLDS\fold5\Train\Monkeypox\MKP_28_02.jpg,MonkeyPox Skin Image Dataset for Computer Vision (\Monkeypox\MP_72.png,2,Mpox Skin Lesion Dataset Version 2.0 (MSLD v2.0) by Joydip Paul,MonkeyPox Skin Image Dataset for Computer Vision (,Monkeypox,Monkeypox,True,Flagged for Review,Retain one or keep in same split
NEAR_GRP_0443,Mpox Skin Lesion Dataset Version 2.0 (MSLD v2.0) by Joydip Paul\Original Images\Original Images\FOLDS\fold5\Train\Monkeypox\MKP_28_03.jpg,Monkeypox Skin Lesion Dataset by TensorKitty\Monkey Pox\M28_03.jpg,0,Mpox Skin Lesion Dataset Version 2.0 (MSLD v2.0) by Joydip Paul,Monkeypox Skin Lesion Dataset by TensorKitty,Monkeypox,Monkeypox,True,Flagged for Review,Retain one or keep in same split
NEAR_GRP_0444,Mpox Skin Lesion Dataset Version 2.0 (MSLD v2.0) by Joydip Paul\Original Images\Original Images\FOLDS\fold5\Train\Monkeypox\MKP_28_03.jpg,MonkeyPox Skin Image Dataset for Computer Vision (\Monkeypox\MP_118.png,0,Mpox Skin Lesion Dataset Version 2.0 (MSLD v2.0) by Joydip Paul,MonkeyPox Skin Image Dataset for Computer Vision (,Monkeypox,Monkeypox,True,Flagged for Review,Retain one or keep in same split
NEAR_GRP_0445,Mpox Skin Lesion Dataset Version 2.0 (MSLD v2.0) by Joydip Paul\Original Images\Original Images\FOLDS\fold5\Train\Monkeypox\MKP_28_03.jpg,MonkeyPox Skin Image Dataset for Computer Vision (\Monkeypox\MP_74.png,0,Mpox Skin Lesion Dataset Version 2.0 (MSLD v2.0) by Joydip Paul,MonkeyPox Skin Image Dataset for Computer Vision (,Monkeypox,Monkeypox,True,Flagged for Review,Retain one or keep in same split
NEAR_GRP_0446,Mpox Skin Lesion Dataset Version 2.0 (MSLD v2.0) by Joydip Paul\Original Images\Original Images\FOLDS\fold5\Train\Monkeypox\MKP_28_04.jpg,Monkeypox Skin Lesion Dataset by TensorKitty\Monkey Pox\M28_04.jpg,0,Mpox Skin Lesion Dataset Version 2.0 (MSLD v2.0) by Joydip Paul,Monkeypox Skin Lesion Dataset by TensorKitty,Monkeypox,Monkeypox,True,Flagged for Review,Retain one or keep in same split
NEAR_GRP_0447,Mpox Skin Lesion Dataset Version 2.0 (MSLD v2.0) by Joydip Paul\Original Images\Original Images\FOLDS\fold5\Train\Monkeypox\MKP_28_04.jpg,MonkeyPox Skin Image Dataset for Computer Vision (\Monkeypox\MP_119.png,0,Mpox Skin Lesion Dataset Version 2.0 (MSLD v2.0) by Joydip Paul,MonkeyPox Skin Image Dataset for Computer Vision (,Monkeypox,Monkeypox,True,Flagged for Review,Retain one or keep in same split
NEAR_GRP_0448,Mpox Skin Lesion Dataset Version 2.0 (MSLD v2.0) by Joydip Paul\Original Images\Original Images\FOLDS\fold5\Train\Monkeypox\MKP_29_01.jpg,Monkeypox Skin Lesion Dataset by TensorKitty\Monkey Pox\M29_01.jpg,0,Mpox Skin Lesion Dataset Version 2.0 (MSLD v2.0) by Joydip Paul,Monkeypox Skin Lesion Dataset by TensorKitty,Monkeypox,Monkeypox,True,Flagged for Review,Retain one or keep in same split
NEAR_GRP_0449,Mpox Skin Lesion Dataset Version 2.0 (MSLD v2.0) by Joydip Paul\Original Images\Original Images\FOLDS\fold5\Train\Monkeypox\MKP_31_01.jpg,MonkeyPox Skin Image Dataset for Computer Vision (\Monkeypox\MP_120.png,0,Mpox Skin Lesion Dataset Version 2.0 (MSLD v2.0) by Joydip Paul,MonkeyPox Skin Image Dataset for Computer Vision (,Monkeypox,Monkeypox,True,Flagged for Review,Retain one or keep in same split
NEAR_GRP_0450,Mpox Skin Lesion Dataset Version 2.0 (MSLD v2.0) by Joydip Paul\Original Images\Original Images\FOLDS\fold5\Train\Monkeypox\MKP_31_01.jpg,MonkeyPox Skin Image Dataset for Computer Vision (\Monkeypox\MP_65.png,0,Mpox Skin Lesion Dataset Version 2.0 (MSLD v2.0) by Joydip Paul,MonkeyPox Skin Image Dataset for Computer Vision (,Monkeypox,Monkeypox,True,Flagged for Review,Retain one or keep in same split
NEAR_GRP_0451,Mpox Skin Lesion Dataset Version 2.0 (MSLD v2.0) by Joydip Paul\Original Images\Original Images\FOLDS\fold5\Train\Monkeypox\MKP_31_01.jpg,MonkeyPox Skin Image Dataset for Computer Vision (\Monkeypox\MP_75.png,0,Mpox Skin Lesion Dataset Version 2.0 (MSLD v2.0) by Joydip Paul,MonkeyPox Skin Image Dataset for Computer Vision (,Monkeypox,Monkeypox,True,Flagged for Review,Retain one or keep in same split
NEAR_GRP_0452,Mpox Skin Lesion Dataset Version 2.0 (MSLD v2.0) by Joydip Paul\Original Images\Original Images\FOLDS\fold5\Train\Monkeypox\MKP_33_01.jpg,Monkeypox Skin Lesion Dataset by TensorKitty\Monkey Pox\M33_01.jpg,0,Mpox Skin Lesion Dataset Version 2.0 (MSLD v2.0) by Joydip Paul,Monkeypox Skin Lesion Dataset by TensorKitty,Monkeypox,Monkeypox,True,Flagged for Review,Retain one or keep in same split
NEAR_GRP_0453,Mpox Skin Lesion Dataset Version 2.0 (MSLD v2.0) by Joydip Paul\Original Images\Original Images\FOLDS\fold5\Train\Monkeypox\MKP_33_02.jpg,Monkeypox Skin Lesion Dataset by TensorKitty\Monkey Pox\M33_02.jpg,0,Mpox Skin Lesion Dataset Version 2.0 (MSLD v2.0) by Joydip Paul,Monkeypox Skin Lesion Dataset by TensorKitty,Monkeypox,Monkeypox,True,Flagged for Review,Retain one or keep in same split
NEAR_GRP_0454,Mpox Skin Lesion Dataset Version 2.0 (MSLD v2.0) by Joydip Paul\Original Images\Original Images\FOLDS\fold5\Train\Monkeypox\MKP_35_02.jpg,MonkeyPox Skin Image Dataset for Computer Vision (\Monkeypox\MP_81.png,2,Mpox Skin Lesion Dataset Version 2.0 (MSLD v2.0) by Joydip Paul,MonkeyPox Skin Image Dataset for Computer Vision (,Monkeypox,Monkeypox,True,Flagged for Review,Retain one or keep in same split
NEAR_GRP_0455,Mpox Skin Lesion Dataset Version 2.0 (MSLD v2.0) by Joydip Paul\Original Images\Original Images\FOLDS\fold5\Train\Monkeypox\MKP_37_01.jpg,Monkeypox Skin Lesion Dataset by TensorKitty\Monkey Pox\M37_01.jpg,0,Mpox Skin Lesion Dataset Version 2.0 (MSLD v2.0) by Joydip Paul,Monkeypox Skin Lesion Dataset by TensorKitty,Monkeypox,Monkeypox,True,Flagged for Review,Retain one or keep in same split
NEAR_GRP_0456,Mpox Skin Lesion Dataset Version 2.0 (MSLD v2.0) by Joydip Paul\Original Images\Original Images\FOLDS\fold5\Train\Monkeypox\MKP_40_01.jpg,Monkeypox Skin Lesion Dataset by TensorKitty\Monkey Pox\M40_01.jpg,0,Mpox Skin Lesion Dataset Version 2.0 (MSLD v2.0) by Joydip Paul,Monkeypox Skin Lesion Dataset by TensorKitty,Monkeypox,Monkeypox,True,Flagged for Review,Retain one or keep in same split
NEAR_GRP_0457,Mpox Skin Lesion Dataset Version 2.0 (MSLD v2.0) by Joydip Paul\Original Images\Original Images\FOLDS\fold5\Train\Monkeypox\MKP_40_03.jpg,Monkeypox Skin Lesion Dataset by TensorKitty\Monkey Pox\M40_03.jpg,0,Mpox Skin Lesion Dataset Version 2.0 (MSLD v2.0) by Joydip Paul,Monkeypox Skin Lesion Dataset by TensorKitty,Monkeypox,Monkeypox,True,Flagged for Review,Retain one or keep in same split
NEAR_GRP_0458,Mpox Skin Lesion Dataset Version 2.0 (MSLD v2.0) by Joydip Paul\Original Images\Original Images\FOLDS\fold5\Train\Monkeypox\MKP_42_01.jpg,Monkeypox Skin Lesion Dataset by TensorKitty\Monkey Pox\M42_01.jpg,0,Mpox Skin Lesion Dataset Version 2.0 (MSLD v2.0) by Joydip Paul,Monkeypox Skin Lesion Dataset by TensorKitty,Monkeypox,Monkeypox,True,Flagged for Review,Retain one or keep in same split
NEAR_GRP_0459,Mpox Skin Lesion Dataset Version 2.0 (MSLD v2.0) by Joydip Paul\Original Images\Original Images\FOLDS\fold5\Train\Monkeypox\MKP_42_02.jpg,Monkeypox Skin Lesion Dataset by TensorKitty\Monkey Pox\M42_02.jpg,0,Mpox Skin Lesion Dataset Version 2.0 (MSLD v2.0) by Joydip Paul,Monkeypox Skin Lesion Dataset by TensorKitty,Monkeypox,Monkeypox,True,Flagged for Review,Retain one or keep in same split
NEAR_GRP_0460,Mpox Skin Lesion Dataset Version 2.0 (MSLD v2.0) by Joydip Paul\Original Images\Original Images\FOLDS\fold5\Train\Monkeypox\MKP_43_01.jpg,Monkeypox Skin Lesion Dataset by TensorKitty\Monkey Pox\M43_01.jpg,0,Mpox Skin Lesion Dataset Version 2.0 (MSLD v2.0) by Joydip Paul,Monkeypox Skin Lesion Dataset by TensorKitty,Monkeypox,Monkeypox,True,Flagged for Review,Retain one or keep in same split
NEAR_GRP_0461,Mpox Skin Lesion Dataset Version 2.0 (MSLD v2.0) by Joydip Paul\Original Images\Original Images\FOLDS\fold5\Train\Monkeypox\MKP_43_02.jpg,Monkeypox Skin Lesion Dataset by TensorKitty\Monkey Pox\M43_02.jpg,0,Mpox Skin Lesion Dataset Version 2.0 (MSLD v2.0) by Joydip Paul,Monkeypox Skin Lesion Dataset by TensorKitty,Monkeypox,Monkeypox,True,Flagged for Review,Retain one or keep in same split
NEAR_GRP_0462,Mpox Skin Lesion Dataset Version 2.0 (MSLD v2.0) by Joydip Paul\Original Images\Original Images\FOLDS\fold5\Train\Monkeypox\MKP_43_03.jpg,Monkeypox Skin Lesion Dataset by TensorKitty\Monkey Pox\M43_03.jpg,0,Mpox Skin Lesion Dataset Version 2.0 (MSLD v2.0) by Joydip Paul,Monkeypox Skin Lesion Dataset by TensorKitty,Monkeypox,Monkeypox,True,Flagged for Review,Retain one or keep in same split
NEAR_GRP_0463,Mpox Skin Lesion Dataset Version 2.0 (MSLD v2.0) by Joydip Paul\Original Images\Original Images\FOLDS\fold5\Train\Monkeypox\MKP_50_01.jpg,Monkeypox Skin Lesion Dataset by TensorKitty\Monkey Pox\M50_01.jpg,4,Mpox Skin Lesion Dataset Version 2.0 (MSLD v2.0) by Joydip Paul,Monkeypox Skin Lesion Dataset by TensorKitty,Monkeypox,Monkeypox,True,Flagged for Review,Retain one or keep in same split
NEAR_GRP_0464,Mpox Skin Lesion Dataset Version 2.0 (MSLD v2.0) by Joydip Paul\Original Images\Original Images\FOLDS\fold5\Train\Monkeypox\MKP_50_02.jpg,Monkeypox Skin Lesion Dataset by TensorKitty\Monkey Pox\M50_02.jpg,0,Mpox Skin Lesion Dataset Version 2.0 (MSLD v2.0) by Joydip Paul,Monkeypox Skin Lesion Dataset by TensorKitty,Monkeypox,Monkeypox,True,Flagged for Review,Retain one or keep in same split
NEAR_GRP_0465,Mpox Skin Lesion Dataset Version 2.0 (MSLD v2.0) by Joydip Paul\Original Images\Original Images\FOLDS\fold5\Train\Monkeypox\MKP_50_03.jpg,Monkeypox Skin Lesion Dataset by TensorKitty\Monkey Pox\M50_03.jpg,0,Mpox Skin Lesion Dataset Version 2.0 (MSLD v2.0) by Joydip Paul,Monkeypox Skin Lesion Dataset by TensorKitty,Monkeypox,Monkeypox,True,Flagged for Review,Retain one or keep in same split
NEAR_GRP_0466,Mpox Skin Lesion Dataset Version 2.0 (MSLD v2.0) by Joydip Paul\Original Images\Original Images\FOLDS\fold5\Train\Monkeypox\MKP_50_03.jpg,MonkeyPox Skin Image Dataset for Computer Vision (\Monkeypox\MP_121.png,0,Mpox Skin Lesion Dataset Version 2.0 (MSLD v2.0) by Joydip Paul,MonkeyPox Skin Image Dataset for Computer Vision (,Monkeypox,Monkeypox,True,Flagged for Review,Retain one or keep in same split
NEAR_GRP_0467,Mpox Skin Lesion Dataset Version 2.0 (MSLD v2.0) by Joydip Paul\Original Images\Original Images\FOLDS\fold5\Train\Monkeypox\MKP_51_01.jpg,Monkeypox Skin Lesion Dataset by TensorKitty\Monkey Pox\M51_01.jpg,0,Mpox Skin Lesion Dataset Version 2.0 (MSLD v2.0) by Joydip Paul,Monkeypox Skin Lesion Dataset by TensorKitty,Monkeypox,Monkeypox,True,Flagged for Review,Retain one or keep in same split
NEAR_GRP_0468,Mpox Skin Lesion Dataset Version 2.0 (MSLD v2.0) by Joydip Paul\Original Images\Original Images\FOLDS\fold5\Train\Monkeypox\MKP_51_02.jpg,Monkeypox Skin Lesion Dataset by TensorKitty\Monkey Pox\M51_02.jpg,0,Mpox Skin Lesion Dataset Version 2.0 (MSLD v2.0) by Joydip Paul,Monkeypox Skin Lesion Dataset by TensorKitty,Monkeypox,Monkeypox,True,Flagged for Review,Retain one or keep in same split
NEAR_GRP_0469,Mpox Skin Lesion Dataset Version 2.0 (MSLD v2.0) by Joydip Paul\Original Images\Original Images\FOLDS\fold5\Train\Monkeypox\MKP_57_01.jpg,MonkeyPox Skin Image Dataset for Computer Vision (\Monkeypox\MP_125.png,0,Mpox Skin Lesion Dataset Version 2.0 (MSLD v2.0) by Joydip Paul,MonkeyPox Skin Image Dataset for Computer Vision (,Monkeypox,Monkeypox,True,Flagged for Review,Retain one or keep in same split
NEAR_GRP_0470,Mpox Skin Lesion Dataset Version 2.0 (MSLD v2.0) by Joydip Paul\Original Images\Original Images\FOLDS\fold5\Train\Monkeypox\MKP_58_01.jpg,MonkeyPox Skin Image Dataset for Computer Vision (\Monkeypox\MP_130.png,0,Mpox Skin Lesion Dataset Version 2.0 (MSLD v2.0) by Joydip Paul,MonkeyPox Skin Image Dataset for Computer Vision (,Monkeypox,Monkeypox,True,Flagged for Review,Retain one or keep in same split
NEAR_GRP_0471,Mpox Skin Lesion Dataset Version 2.0 (MSLD v2.0) by Joydip Paul\Original Images\Original Images\FOLDS\fold5\Train\Monkeypox\MKP_58_02.jpg,MonkeyPox Skin Image Dataset for Computer Vision (\Monkeypox\MP_134.png,0,Mpox Skin Lesion Dataset Version 2.0 (MSLD v2.0) by Joydip Paul,MonkeyPox Skin Image Dataset for Computer Vision (,Monkeypox,Monkeypox,True,Flagged for Review,Retain one or keep in same split
NEAR_GRP_0472,Mpox Skin Lesion Dataset Version 2.0 (MSLD v2.0) by Joydip Paul\Original Images\Original Images\FOLDS\fold5\Train\Monkeypox\MKP_60_01.jpg,MonkeyPox Skin Image Dataset for Computer Vision (\Monkeypox\MP_40.png,0,Mpox Skin Lesion Dataset Version 2.0 (MSLD v2.0) by Joydip Paul,MonkeyPox Skin Image Dataset for Computer Vision (,Monkeypox,Monkeypox,True,Flagged for Review,Retain one or keep in same split
NEAR_GRP_0473,Mpox Skin Lesion Dataset Version 2.0 (MSLD v2.0) by Joydip Paul\Original Images\Original Images\FOLDS\fold5\Train\Monkeypox\MKP_60_02.jpg,MonkeyPox Skin Image Dataset for Computer Vision (\Monkeypox\MP_50.png,0,Mpox Skin Lesion Dataset Version 2.0 (MSLD v2.0) by Joydip Paul,MonkeyPox Skin Image Dataset for Computer Vision (,Monkeypox,Monkeypox,True,Flagged for Review,Retain one or keep in same split
NEAR_GRP_0474,Mpox Skin Lesion Dataset Version 2.0 (MSLD v2.0) by Joydip Paul\Original Images\Original Images\FOLDS\fold5\Train\Monkeypox\MKP_61_01.jpg,MonkeyPox Skin Image Dataset for Computer Vision (\Monkeypox\MP_58.png,0,Mpox Skin Lesion Dataset Version 2.0 (MSLD v2.0) by Joydip Paul,MonkeyPox Skin Image Dataset for Computer Vision (,Monkeypox,Monkeypox,True,Flagged for Review,Retain one or keep in same split
NEAR_GRP_0475,Mpox Skin Lesion Dataset Version 2.0 (MSLD v2.0) by Joydip Paul\Original Images\Original Images\FOLDS\fold5\Train\Monkeypox\MKP_61_02.jpg,MonkeyPox Skin Image Dataset for Computer Vision (\Monkeypox\MP_66.png,0,Mpox Skin Lesion Dataset Version 2.0 (MSLD v2.0) by Joydip Paul,MonkeyPox Skin Image Dataset for Computer Vision (,Monkeypox,Monkeypox,True,Flagged for Review,Retain one or keep in same split
NEAR_GRP_0476,Mpox Skin Lesion Dataset Version 2.0 (MSLD v2.0) by Joydip Paul\Original Images\Original Images\FOLDS\fold5\Train\Monkeypox\MKP_62_01.jpg,MonkeyPox Skin Image Dataset for Computer Vision (\Monkeypox\MP_77.png,0,Mpox Skin Lesion Dataset Version 2.0 (MSLD v2.0) by Joydip Paul,MonkeyPox Skin Image Dataset for Computer Vision (,Monkeypox,Monkeypox,True,Flagged for Review,Retain one or keep in same split
NEAR_GRP_0477,Mpox Skin Lesion Dataset Version 2.0 (MSLD v2.0) by Joydip Paul\Original Images\Original Images\FOLDS\fold5\Train\Monkeypox\MKP_72_04.jpg,MonkeyPox Skin Image Dataset for Computer Vision (\Monkeypox\MP_122.png,0,Mpox Skin Lesion Dataset Version 2.0 (MSLD v2.0) by Joydip Paul,MonkeyPox Skin Image Dataset for Computer Vision (,Monkeypox,Monkeypox,True,Flagged for Review,Retain one or keep in same split
NEAR_GRP_0478,Mpox Skin Lesion Dataset Version 2.0 (MSLD v2.0) by Joydip Paul\Original Images\Original Images\FOLDS\fold5\Train\Monkeypox\MKP_83_06.jpg,MonkeyPox Skin Image Dataset for Computer Vision (\Monkeypox\MP_129.png,0,Mpox Skin Lesion Dataset Version 2.0 (MSLD v2.0) by Joydip Paul,MonkeyPox Skin Image Dataset for Computer Vision (,Monkeypox,Monkeypox,True,Flagged for Review,Retain one or keep in same split
NEAR_GRP_0479,Mpox Skin Lesion Dataset Version 2.0 (MSLD v2.0) by Joydip Paul\Original Images\Original Images\FOLDS\fold5\Train\Monkeypox\MKP_86_01.jpg,MonkeyPox Skin Image Dataset for Computer Vision (\Monkeypox\MP_131.png,0,Mpox Skin Lesion Dataset Version 2.0 (MSLD v2.0) by Joydip Paul,MonkeyPox Skin Image Dataset for Computer Vision (,Monkeypox,Monkeypox,True,Flagged for Review,Retain one or keep in same split
NEAR_GRP_0480,Mpox Skin Lesion Dataset Version 2.0 (MSLD v2.0) by Joydip Paul\Original Images\Original Images\FOLDS\fold5\Train\Monkeypox\MKP_86_02.jpg,MonkeyPox Skin Image Dataset for Computer Vision (\Monkeypox\MP_132.png,0,Mpox Skin Lesion Dataset Version 2.0 (MSLD v2.0) by Joydip Paul,MonkeyPox Skin Image Dataset for Computer Vision (,Monkeypox,Monkeypox,True,Flagged for Review,Retain one or keep in same split
NEAR_GRP_0481,Mpox Skin Lesion Dataset Version 2.0 (MSLD v2.0) by Joydip Paul\Original Images\Original Images\FOLDS\fold5\Train\Monkeypox\MKP_86_04.jpg,MonkeyPox Skin Image Dataset for Computer Vision (\Monkeypox\MP_133.png,0,Mpox Skin Lesion Dataset Version 2.0 (MSLD v2.0) by Joydip Paul,MonkeyPox Skin Image Dataset for Computer Vision (,Monkeypox,Monkeypox,True,Flagged for Review,Retain one or keep in same split
NEAR_GRP_0482,Mpox Skin Lesion Dataset Version 2.0 (MSLD v2.0) by Joydip Paul\Original Images\Original Images\FOLDS\fold5\Train\Monkeypox\MKP_95_01.jpg,MonkeyPox Skin Image Dataset for Computer Vision (\Monkeypox\MP_136.png,0,Mpox Skin Lesion Dataset Version 2.0 (MSLD v2.0) by Joydip Paul,MonkeyPox Skin Image Dataset for Computer Vision (,Monkeypox,Monkeypox,True,Flagged for Review,Retain one or keep in same split
NEAR_GRP_0483,Mpox Skin Lesion Dataset Version 2.0 (MSLD v2.0) by Joydip Paul\Original Images\Original Images\FOLDS\fold5\Train\Monkeypox\MKP_97_01.jpg,MonkeyPox Skin Image Dataset for Computer Vision (\Monkeypox\MP_137.png,0,Mpox Skin Lesion Dataset Version 2.0 (MSLD v2.0) by Joydip Paul,MonkeyPox Skin Image Dataset for Computer Vision (,Monkeypox,Monkeypox,True,Flagged for Review,Retain one or keep in same split
NEAR_GRP_0484,Mpox Skin Lesion Dataset Version 2.0 (MSLD v2.0) by Joydip Paul\Original Images\Original Images\FOLDS\fold5\Train\Monkeypox\MKP_99_01.jpg,MonkeyPox Skin Image Dataset for Computer Vision (\Monkeypox\MP_138.png,0,Mpox Skin Lesion Dataset Version 2.0 (MSLD v2.0) by Joydip Paul,MonkeyPox Skin Image Dataset for Computer Vision (,Monkeypox,Monkeypox,True,Flagged for Review,Retain one or keep in same split
NEAR_GRP_0485,Mpox Skin Lesion Dataset Version 2.0 (MSLD v2.0) by Joydip Paul\Original Images\Original Images\FOLDS\fold5\Test\Chickenpox\CHP_13_01.jpg,MonkeyPox Skin Image Dataset for Computer Vision (\Chickenpox\CP_2.png,0,Mpox Skin Lesion Dataset Version 2.0 (MSLD v2.0) by Joydip Paul,MonkeyPox Skin Image Dataset for Computer Vision (,Chickenpox,Chickenpox,True,Flagged for Review,Retain one or keep in same split
NEAR_GRP_0486,Mpox Skin Lesion Dataset Version 2.0 (MSLD v2.0) by Joydip Paul\Original Images\Original Images\FOLDS\fold5\Test\Chickenpox\CHP_37_01.jpg,MonkeyPox Skin Image Dataset for Computer Vision (\Chickenpox\CP_87.png,0,Mpox Skin Lesion Dataset Version 2.0 (MSLD v2.0) by Joydip Paul,MonkeyPox Skin Image Dataset for Computer Vision (,Chickenpox,Chickenpox,True,Flagged for Review,Retain one or keep in same split
NEAR_GRP_0487,Mpox Skin Lesion Dataset Version 2.0 (MSLD v2.0) by Joydip Paul\Original Images\Original Images\FOLDS\fold5\Test\Monkeypox\MKP_141_01.jpg,MonkeyPox Skin Image Dataset for Computer Vision (\Monkeypox\MP_142.png,0,Mpox Skin Lesion Dataset Version 2.0 (MSLD v2.0) by Joydip Paul,MonkeyPox Skin Image Dataset for Computer Vision (,Monkeypox,Monkeypox,True,Flagged for Review,Retain one or keep in same split
NEAR_GRP_0488,Mpox Skin Lesion Dataset Version 2.0 (MSLD v2.0) by Joydip Paul\Original Images\Original Images\FOLDS\fold5\Test\Monkeypox\MKP_24_01.jpg,Monkeypox Skin Lesion Dataset by TensorKitty\Monkey Pox\M24_01.jpg,0,Mpox Skin Lesion Dataset Version 2.0 (MSLD v2.0) by Joydip Paul,Monkeypox Skin Lesion Dataset by TensorKitty,Monkeypox,Monkeypox,True,Flagged for Review,Retain one or keep in same split
NEAR_GRP_0489,Mpox Skin Lesion Dataset Version 2.0 (MSLD v2.0) by Joydip Paul\Original Images\Original Images\FOLDS\fold5\Test\Monkeypox\MKP_24_01.jpg,MonkeyPox Skin Image Dataset for Computer Vision (\Monkeypox\MP_110.png,0,Mpox Skin Lesion Dataset Version 2.0 (MSLD v2.0) by Joydip Paul,MonkeyPox Skin Image Dataset for Computer Vision (,Monkeypox,Monkeypox,True,Flagged for Review,Retain one or keep in same split
NEAR_GRP_0490,Mpox Skin Lesion Dataset Version 2.0 (MSLD v2.0) by Joydip Paul\Original Images\Original Images\FOLDS\fold5\Test\Monkeypox\MKP_24_02.jpg,Monkeypox Skin Lesion Dataset by TensorKitty\Monkey Pox\M24_02.jpg,0,Mpox Skin Lesion Dataset Version 2.0 (MSLD v2.0) by Joydip Paul,Monkeypox Skin Lesion Dataset by TensorKitty,Monkeypox,Monkeypox,True,Flagged for Review,Retain one or keep in same split
NEAR_GRP_0491,Mpox Skin Lesion Dataset Version 2.0 (MSLD v2.0) by Joydip Paul\Original Images\Original Images\FOLDS\fold5\Test\Monkeypox\MKP_24_02.jpg,MonkeyPox Skin Image Dataset for Computer Vision (\Monkeypox\MP_111.png,0,Mpox Skin Lesion Dataset Version 2.0 (MSLD v2.0) by Joydip Paul,MonkeyPox Skin Image Dataset for Computer Vision (,Monkeypox,Monkeypox,True,Flagged for Review,Retain one or keep in same split
NEAR_GRP_0492,Mpox Skin Lesion Dataset Version 2.0 (MSLD v2.0) by Joydip Paul\Original Images\Original Images\FOLDS\fold5\Test\Monkeypox\MKP_24_02.jpg,MonkeyPox Skin Image Dataset for Computer Vision (\Monkeypox\MP_146.png,0,Mpox Skin Lesion Dataset Version 2.0 (MSLD v2.0) by Joydip Paul,MonkeyPox Skin Image Dataset for Computer Vision (,Monkeypox,Monkeypox,True,Flagged for Review,Retain one or keep in same split
NEAR_GRP_0493,Mpox Skin Lesion Dataset Version 2.0 (MSLD v2.0) by Joydip Paul\Original Images\Original Images\FOLDS\fold5\Test\Monkeypox\MKP_39_01.jpg,Monkeypox Skin Lesion Dataset by TensorKitty\Monkey Pox\M39_01.jpg,0,Mpox Skin Lesion Dataset Version 2.0 (MSLD v2.0) by Joydip Paul,Monkeypox Skin Lesion Dataset by TensorKitty,Monkeypox,Monkeypox,True,Flagged for Review,Retain one or keep in same split
NEAR_GRP_0494,Mpox Skin Lesion Dataset Version 2.0 (MSLD v2.0) by Joydip Paul\Original Images\Original Images\FOLDS\fold5\Test\Monkeypox\MKP_39_02.jpg,Monkeypox Skin Lesion Dataset by TensorKitty\Monkey Pox\M39_02.jpg,0,Mpox Skin Lesion Dataset Version 2.0 (MSLD v2.0) by Joydip Paul,Monkeypox Skin Lesion Dataset by TensorKitty,Monkeypox,Monkeypox,True,Flagged for Review,Retain one or keep in same split
NEAR_GRP_0495,Mpox Skin Lesion Dataset Version 2.0 (MSLD v2.0) by Joydip Paul\Original Images\Original Images\FOLDS\fold5\Test\Monkeypox\MKP_44_01.jpg,Monkeypox Skin Lesion Dataset by TensorKitty\Monkey Pox\M44_01.jpg,0,Mpox Skin Lesion Dataset Version 2.0 (MSLD v2.0) by Joydip Paul,Monkeypox Skin Lesion Dataset by TensorKitty,Monkeypox,Monkeypox,True,Flagged for Review,Retain one or keep in same split
NEAR_GRP_0496,Mpox Skin Lesion Dataset Version 2.0 (MSLD v2.0) by Joydip Paul\Original Images\Original Images\FOLDS\fold5\Test\Monkeypox\MKP_47_01.jpg,Monkeypox Skin Lesion Dataset by TensorKitty\Monkey Pox\M47_01.jpg,0,Mpox Skin Lesion Dataset Version 2.0 (MSLD v2.0) by Joydip Paul,Monkeypox Skin Lesion Dataset by TensorKitty,Monkeypox,Monkeypox,True,Flagged for Review,Retain one or keep in same split
NEAR_GRP_0497,Mpox Skin Lesion Dataset Version 2.0 (MSLD v2.0) by Joydip Paul\Original Images\Original Images\FOLDS\fold5\Test\Monkeypox\MKP_48_02.jpg,Monkeypox Skin Lesion Dataset by TensorKitty\Monkey Pox\M48_02.jpg,2,Mpox Skin Lesion Dataset Version 2.0 (MSLD v2.0) by Joydip Paul,Monkeypox Skin Lesion Dataset by TensorKitty,Monkeypox,Monkeypox,True,Flagged for Review,Retain one or keep in same split
NEAR_GRP_0498,Monkeypox Skin Lesion Dataset by TensorKitty\Monkey Pox\M17_01.jpg,MonkeyPox Skin Image Dataset for Computer Vision (\Monkeypox\MP_135.png,0,Monkeypox Skin Lesion Dataset by TensorKitty,MonkeyPox Skin Image Dataset for Computer Vision (,Monkeypox,Monkeypox,True,Flagged for Review,Retain one or keep in same split
NEAR_GRP_0499,Monkeypox Skin Lesion Dataset by TensorKitty\Monkey Pox\M18_01.jpg,MonkeyPox Skin Image Dataset for Computer Vision (\Monkeypox\MP_144.png,0,Monkeypox Skin Lesion Dataset by TensorKitty,MonkeyPox Skin Image Dataset for Computer Vision (,Monkeypox,Monkeypox,True,Flagged for Review,Retain one or keep in same split
NEAR_GRP_0500,Monkeypox Skin Lesion Dataset by TensorKitty\Monkey Pox\M19_01.jpg,MonkeyPox Skin Image Dataset for Computer Vision (\Monkeypox\MP_26.png,0,Monkeypox Skin Lesion Dataset by TensorKitty,MonkeyPox Skin Image Dataset for Computer Vision (,Monkeypox,Monkeypox,True,Flagged for Review,Retain one or keep in same split
NEAR_GRP_0501,Monkeypox Skin Lesion Dataset by TensorKitty\Monkey Pox\M23_01.jpg,MonkeyPox Skin Image Dataset for Computer Vision (\Monkeypox\MP_109.png,0,Monkeypox Skin Lesion Dataset by TensorKitty,MonkeyPox Skin Image Dataset for Computer Vision (,Monkeypox,Monkeypox,True,Flagged for Review,Retain one or keep in same split
NEAR_GRP_0502,Monkeypox Skin Lesion Dataset by TensorKitty\Monkey Pox\M24_01.jpg,MonkeyPox Skin Image Dataset for Computer Vision (\Monkeypox\MP_110.png,0,Monkeypox Skin Lesion Dataset by TensorKitty,MonkeyPox Skin Image Dataset for Computer Vision (,Monkeypox,Monkeypox,True,Flagged for Review,Retain one or keep in same split
NEAR_GRP_0503,Monkeypox Skin Lesion Dataset by TensorKitty\Monkey Pox\M24_02.jpg,MonkeyPox Skin Image Dataset for Computer Vision (\Monkeypox\MP_111.png,0,Monkeypox Skin Lesion Dataset by TensorKitty,MonkeyPox Skin Image Dataset for Computer Vision (,Monkeypox,Monkeypox,True,Flagged for Review,Retain one or keep in same split
NEAR_GRP_0504,Monkeypox Skin Lesion Dataset by TensorKitty\Monkey Pox\M24_02.jpg,MonkeyPox Skin Image Dataset for Computer Vision (\Monkeypox\MP_146.png,0,Monkeypox Skin Lesion Dataset by TensorKitty,MonkeyPox Skin Image Dataset for Computer Vision (,Monkeypox,Monkeypox,True,Flagged for Review,Retain one or keep in same split
NEAR_GRP_0505,Monkeypox Skin Lesion Dataset by TensorKitty\Monkey Pox\M28_01.jpg,MonkeyPox Skin Image Dataset for Computer Vision (\Monkeypox\MP_114.png,0,Monkeypox Skin Lesion Dataset by TensorKitty,MonkeyPox Skin Image Dataset for Computer Vision (,Monkeypox,Monkeypox,True,Flagged for Review,Retain one or keep in same split
NEAR_GRP_0506,Monkeypox Skin Lesion Dataset by TensorKitty\Monkey Pox\M28_03.jpg,MonkeyPox Skin Image Dataset for Computer Vision (\Monkeypox\MP_118.png,0,Monkeypox Skin Lesion Dataset by TensorKitty,MonkeyPox Skin Image Dataset for Computer Vision (,Monkeypox,Monkeypox,True,Flagged for Review,Retain one or keep in same split
NEAR_GRP_0507,Monkeypox Skin Lesion Dataset by TensorKitty\Monkey Pox\M28_03.jpg,MonkeyPox Skin Image Dataset for Computer Vision (\Monkeypox\MP_74.png,0,Monkeypox Skin Lesion Dataset by TensorKitty,MonkeyPox Skin Image Dataset for Computer Vision (,Monkeypox,Monkeypox,True,Flagged for Review,Retain one or keep in same split
NEAR_GRP_0508,Monkeypox Skin Lesion Dataset by TensorKitty\Monkey Pox\M28_04.jpg,MonkeyPox Skin Image Dataset for Computer Vision (\Monkeypox\MP_119.png,0,Monkeypox Skin Lesion Dataset by TensorKitty,MonkeyPox Skin Image Dataset for Computer Vision (,Monkeypox,Monkeypox,True,Flagged for Review,Retain one or keep in same split
NEAR_GRP_0509,Monkeypox Skin Lesion Dataset by TensorKitty\Monkey Pox\M30_01.jpg,MonkeyPox Skin Image Dataset for Computer Vision (\Monkeypox\MP_115.png,0,Monkeypox Skin Lesion Dataset by TensorKitty,MonkeyPox Skin Image Dataset for Computer Vision (,Monkeypox,Monkeypox,True,Flagged for Review,Retain one or keep in same split
NEAR_GRP_0510,Monkeypox Skin Lesion Dataset by TensorKitty\Monkey Pox\M30_02.jpg,MonkeyPox Skin Image Dataset for Computer Vision (\Monkeypox\MP_117.png,0,Monkeypox Skin Lesion Dataset by TensorKitty,MonkeyPox Skin Image Dataset for Computer Vision (,Monkeypox,Monkeypox,True,Flagged for Review,Retain one or keep in same split
NEAR_GRP_0511,Monkeypox Skin Lesion Dataset by TensorKitty\Monkey Pox\M50_03.jpg,MonkeyPox Skin Image Dataset for Computer Vision (\Monkeypox\MP_121.png,0,Monkeypox Skin Lesion Dataset by TensorKitty,MonkeyPox Skin Image Dataset for Computer Vision (,Monkeypox,Monkeypox,True,Flagged for Review,Retain one or keep in same split
NEAR_GRP_0512,MonkeyPox Skin Image Dataset for Computer Vision (\Monkeypox\MP_111.png,MonkeyPox Skin Image Dataset for Computer Vision (\Monkeypox\MP_146.png,0,MonkeyPox Skin Image Dataset for Computer Vision (,MonkeyPox Skin Image Dataset for Computer Vision (,Monkeypox,Monkeypox,True,Flagged for Review,Retain one or keep in same split
NEAR_GRP_0513,MonkeyPox Skin Image Dataset for Computer Vision (\Monkeypox\MP_116.png,MonkeyPox Skin Image Dataset for Computer Vision (\Monkeypox\MP_72.png,2,MonkeyPox Skin Image Dataset for Computer Vision (,MonkeyPox Skin Image Dataset for Computer Vision (,Monkeypox,Monkeypox,True,Flagged for Review,Retain one or keep in same split
NEAR_GRP_0514,MonkeyPox Skin Image Dataset for Computer Vision (\Monkeypox\MP_118.png,MonkeyPox Skin Image Dataset for Computer Vision (\Monkeypox\MP_74.png,0,MonkeyPox Skin Image Dataset for Computer Vision (,MonkeyPox Skin Image Dataset for Computer Vision (,Monkeypox,Monkeypox,True,Flagged for Review,Retain one or keep in same split
NEAR_GRP_0515,MonkeyPox Skin Image Dataset for Computer Vision (\Monkeypox\MP_120.png,MonkeyPox Skin Image Dataset for Computer Vision (\Monkeypox\MP_65.png,0,MonkeyPox Skin Image Dataset for Computer Vision (,MonkeyPox Skin Image Dataset for Computer Vision (,Monkeypox,Monkeypox,True,Flagged for Review,Retain one or keep in same split
NEAR_GRP_0516,MonkeyPox Skin Image Dataset for Computer Vision (\Monkeypox\MP_120.png,MonkeyPox Skin Image Dataset for Computer Vision (\Monkeypox\MP_75.png,0,MonkeyPox Skin Image Dataset for Computer Vision (,MonkeyPox Skin Image Dataset for Computer Vision (,Monkeypox,Monkeypox,True,Flagged for Review,Retain one or keep in same split
NEAR_GRP_0517,MonkeyPox Skin Image Dataset for Computer Vision (\Monkeypox\MP_139.png,MonkeyPox Skin Image Dataset for Computer Vision (\Monkeypox\MP_59.png,0,MonkeyPox Skin Image Dataset for Computer Vision (,MonkeyPox Skin Image Dataset for Computer Vision (,Monkeypox,Monkeypox,True,Flagged for Review,Retain one or keep in same split
NEAR_GRP_0518,MonkeyPox Skin Image Dataset for Computer Vision (\Monkeypox\MP_65.png,MonkeyPox Skin Image Dataset for Computer Vision (\Monkeypox\MP_75.png,0,MonkeyPox Skin Image Dataset for Computer Vision (,MonkeyPox Skin Image Dataset for Computer Vision (,Monkeypox,Monkeypox,True,Flagged for Review,Retain one or keep in same split
