image_id,split,canonical_label,final_filename,final_relative_path,width,height,channels,format,file_size,sha256,phash
Chickenpox_MPSID_IMG_005111,train,Chickenpox,Chickenpox_MPSID_IMG_005111.png,train/Chickenpox/Chickenpox_MPSID_IMG_005111.png,224,224,3,PNG,65960,e7af9e3f7ea2b5e7ecc59141e521b4962233ed6b1180c3ca18576acc3456c8cb,d3c6b57af884f900
Chickenpox_MPSID_IMG_005112,train,Chickenpox,Chickenpox_MPSID_IMG_005112.png,train/Chickenpox/Chickenpox_MPSID_IMG_005112.png,224,224,3,PNG,69255,ccf83e8fd4deb5773b88af60a03c62bd00dd9030976e060fc5bd3390561ef952,a96652d556e95c86
Chickenpox_MPSID_IMG_005114,train,Chickenpox,Chickenpox_MPSID_IMG_005114.png,train/Chickenpox/Chickenpox_MPSID_IMG_005114.png,224,224,3,PNG,93685,31d69b4f7168583c15d3b3bbd8838e86560e34f9df1a73c0eaee7bfc7a4f4dcd,c283e6c61999cf99
Chickenpox_MPSID_IMG_005115,train,Chickenpox,Chickenpox_MPSID_IMG_005115.png,train/Chickenpox/Chickenpox_MPSID_IMG_005115.png,224,224,3,PNG,58611,4f85fe4c15f60c4a6e8a99dcc67222b9fc2f99e0be64c7cb3935f334e5b9c471,b65f8d8f25e0191a
Chickenpox_MPSID_IMG_005116,train,Chickenpox,Chickenpox_MPSID_IMG_005116.png,train/Chickenpox/Chickenpox_MPSID_IMG_005116.png,224,224,3,PNG,91620,d8e2763b62d8826a2dc22e001369115151afb2db7b6b71489bdb3504330a7912,9e285a2e6f51a953
Chickenpox_MPSID_IMG_005117,train,Chickenpox,Chickenpox_MPSID_IMG_005117.png,train/Chickenpox/Chickenpox_MPSID_IMG_005117.png,224,224,3,PNG,91416,35255d540cc1f7ab2702fc9ccbee3facc279a44d104fc85073efa9119427349c,8b8417a44bb716af
Chickenpox_MPSID_IMG_005118,train,Chickenpox,Chickenpox_MPSID_IMG_005118.png,train/Chickenpox/Chickenpox_MPSID_IMG_005118.png,224,224,3,PNG,89650,dbf9ca1461147e23536134f5334739a989deab95510f7361c7b75b3ffe4b8e80,d1cd07dd72cca498
Chickenpox_MPSID_IMG_005119,train,Chickenpox,Chickenpox_MPSID_IMG_005119.png,train/Chickenpox/Chickenpox_MPSID_IMG_005119.png,224,224,3,PNG,72593,072988070bc0b3fc84296003c503333e84173b9a3d611ff0002042f65471c227,910ec77fa8f8e1c0
Chickenpox_MPSID_IMG_005120,train,Chickenpox,Chickenpox_MPSID_IMG_005120.png,train/Chickenpox/Chickenpox_MPSID_IMG_005120.png,224,224,3,PNG,74522,728ad1d16084f11243f3fb1ef83f04d1c154e8c60050c6d59b22407f76bbcee8,b9f926d8268c5897
Chickenpox_MPSID_IMG_005121,train,Chickenpox,Chickenpox_MPSID_IMG_005121.png,train/Chickenpox/Chickenpox_MPSID_IMG_005121.png,224,224,3,PNG,78481,5310d6647bf420c45867b75bfa29653fe45884e502fc0ca2cfa4655d9eed1dad,e2dbbd2391244bd8
Chickenpox_MPSID_IMG_005122,train,Chickenpox,Chickenpox_MPSID_IMG_005122.png,train/Chickenpox/Chickenpox_MPSID_IMG_005122.png,224,224,3,PNG,77764,5d310c4a950ad042b994ada09a5cd87f32bb3ec11ee38f6a65296f40c402b1ff,e4f2559131ad06cf
Chickenpox_MPSID_IMG_005123,train,Chickenpox,Chickenpox_MPSID_IMG_005123.png,train/Chickenpox/Chickenpox_MPSID_IMG_005123.png,224,224,3,PNG,55246,0a81e2809111e25372bbb368483301eead61bed77261c26ea646c33e3b2a9362,80e7c898472dcfba
Chickenpox_MPSID_IMG_005124,train,Chickenpox,Chickenpox_MPSID_IMG_005124.png,train/Chickenpox/Chickenpox_MPSID_IMG_005124.png,224,224,3,PNG,79129,68fdd8554dd8d0857f30a3fac3fd2d3da878564761d305cd441c41eaf6d4e4cf,f31a0db64af171e0
Chickenpox_MPSID_IMG_005125,train,Chickenpox,Chickenpox_MPSID_IMG_005125.png,train/Chickenpox/Chickenpox_MPSID_IMG_005125.png,224,224,3,PNG,79153,10c88b61e7d19d896071015569281ef9cd3bd3ce48fb719e569adf75a0702fae,9d2c0c7561e8ced6
Chickenpox_MPSID_IMG_005126,train,Chickenpox,Chickenpox_MPSID_IMG_005126.png,train/Chickenpox/Chickenpox_MPSID_IMG_005126.png,224,224,3,PNG,87702,cfa3fb17bd6430673a5cba1321c63d4b7f201c50878513231052646fe41d9b0f,82825e731da5ad37
Chickenpox_MPSID_IMG_005127,train,Chickenpox,Chickenpox_MPSID_IMG_005127.png,train/Chickenpox/Chickenpox_MPSID_IMG_005127.png,224,224,3,PNG,81914,356ba5a0b2f2ceca3220c6d642bd6490a31a102a206c3fd99038ab469f389033,829347f75c8c28cf
Chickenpox_MPSID_IMG_005130,train,Chickenpox,Chickenpox_MPSID_IMG_005130.png,train/Chickenpox/Chickenpox_MPSID_IMG_005130.png,224,224,3,PNG,61138,973539d02de27012c97f65ed90f399262ad6553b8c9aa7a8eddd1921ea7257c4,dbf9079ae0b56c40
Chickenpox_MPSID_IMG_005131,train,Chickenpox,Chickenpox_MPSID_IMG_005131.png,train/Chickenpox/Chickenpox_MPSID_IMG_005131.png,224,224,3,PNG,57084,a0ada5de35cb24573f987e3b1c91ad64fcf9a3307471f32642b360225ab6be39,c78b978f92238e29
Chickenpox_MPSID_IMG_005132,train,Chickenpox,Chickenpox_MPSID_IMG_005132.png,train/Chickenpox/Chickenpox_MPSID_IMG_005132.png,224,224,3,PNG,72130,4e67655690dc8e1b7fedddb0e7fc931009cfda2e81a70670f67ab8ce795e0f10,a70cf09a9b32c86f
Chickenpox_MPSID_IMG_005133,train,Chickenpox,Chickenpox_MPSID_IMG_005133.png,train/Chickenpox/Chickenpox_MPSID_IMG_005133.png,224,224,3,PNG,86805,67792ef88b2812d867d8233f565f187843be0b4cb61ebabec0429ba4c77f905e,e98629b085f2e3cb
Chickenpox_MPSID_IMG_005134,train,Chickenpox,Chickenpox_MPSID_IMG_005134.png,train/Chickenpox/Chickenpox_MPSID_IMG_005134.png,224,224,3,PNG,61197,9c37d1cbe95989a0dc06c8f51197666facc952282033c0f37fd3c6ed505d9f0d,fce0cb3d0cb02dc5
Chickenpox_MPSID_IMG_005136,train,Chickenpox,Chickenpox_MPSID_IMG_005136.png,train/Chickenpox/Chickenpox_MPSID_IMG_005136.png,224,224,3,PNG,88586,b9fcb263531d42ecff5725165c9260f5b5c953a082a68ec67fdff413fa91bafb,b3c6f0976ec99049
Chickenpox_MPSID_IMG_005138,train,Chickenpox,Chickenpox_MPSID_IMG_005138.png,train/Chickenpox/Chickenpox_MPSID_IMG_005138.png,224,224,3,PNG,88685,ed6a2834b8f914a399cac677ab1876a4a16ed608f2e80d40f98bac3e9a1fdb74,b9a74fb44cd09ab0
Chickenpox_MPSID_IMG_005139,train,Chickenpox,Chickenpox_MPSID_IMG_005139.png,train/Chickenpox/Chickenpox_MPSID_IMG_005139.png,224,224,3,PNG,87806,295aa4121af605c7a049438233755f60cec297ee4a5a8162bbcca41d9740b176,c1ff54465a50c979
Chickenpox_MPSID_IMG_005140,train,Chickenpox,Chickenpox_MPSID_IMG_005140.png,train/Chickenpox/Chickenpox_MPSID_IMG_005140.png,224,224,3,PNG,86766,3c644232f60e6e426f6981ad447cb9ef0d793b4d7c02113f3fe9b40661cd57d0,cab51b06c5aa3aa7
Chickenpox_MPSID_IMG_005141,train,Chickenpox,Chickenpox_MPSID_IMG_005141.png,train/Chickenpox/Chickenpox_MPSID_IMG_005141.png,224,224,3,PNG,82502,485e9ccc0511fbb89740195b2f5a84e326a2cd27595a00e1203241340326e56b,d5aa958462e3f0b9
Chickenpox_MPSID_IMG_005142,train,Chickenpox,Chickenpox_MPSID_IMG_005142.png,train/Chickenpox/Chickenpox_MPSID_IMG_005142.png,224,224,3,PNG,74703,d19c81c12188b77b1dd99b15058bd1d80529275a554d4ac6b562889360c645b0,e8ed4ab632999b82
Chickenpox_MPSID_IMG_005143,train,Chickenpox,Chickenpox_MPSID_IMG_005143.png,train/Chickenpox/Chickenpox_MPSID_IMG_005143.png,224,224,3,PNG,73606,53a3a1b0e494173af8109bf90b9245044e7f2cb864e22a27f8c0e70fc54751d2,8f9a491f61d4b6c1
Chickenpox_MPSID_IMG_005144,train,Chickenpox,Chickenpox_MPSID_IMG_005144.png,train/Chickenpox/Chickenpox_MPSID_IMG_005144.png,224,224,3,PNG,74322,2fff85f8aa7d5636158d2097cdb243c04cca343d6c4ec277854cf39ae73cfc19,9a8eb5e1c1d4b51c
Chickenpox_MPSID_IMG_005147,train,Chickenpox,Chickenpox_MPSID_IMG_005147.png,train/Chickenpox/Chickenpox_MPSID_IMG_005147.png,224,224,3,PNG,81741,631dde363e4ae2708cbb1fb70237dc2cdc9eff6b5aa6a0fd77a0f8d8a779e61d,d7d871c0a42f253d
Chickenpox_MPSID_IMG_005148,train,Chickenpox,Chickenpox_MPSID_IMG_005148.png,train/Chickenpox/Chickenpox_MPSID_IMG_005148.png,224,224,3,PNG,75803,115e60dd3e49c63618f6556dbf1843147494ecbc7974e3f5ac8b904f2ec820bb,89e1b53e4ff4940c
Chickenpox_MPSID_IMG_005149,train,Chickenpox,Chickenpox_MPSID_IMG_005149.png,train/Chickenpox/Chickenpox_MPSID_IMG_005149.png,224,224,3,PNG,82697,928185f05a273bb04fa41a973b908fe9133ef861cc9db2f79a3f93f8362fc7f1,d1e3b2a14ced4497
Chickenpox_MPSID_IMG_005150,train,Chickenpox,Chickenpox_MPSID_IMG_005150.png,train/Chickenpox/Chickenpox_MPSID_IMG_005150.png,224,224,3,PNG,81912,2300a92ed7926612021581cbb7ef08409d3a212d015c7944cf5cfce3f82145bd,d1cd5cdff3211310
Chickenpox_MPSID_IMG_005152,train,Chickenpox,Chickenpox_MPSID_IMG_005152.png,train/Chickenpox/Chickenpox_MPSID_IMG_005152.png,224,224,3,PNG,73676,0bc68da5b3098fde93b755cc8e8f236776f2b55d386022dd14e6c6cb47fc5bc8,93c9cc753794932a
Chickenpox_MPSID_IMG_005154,train,Chickenpox,Chickenpox_MPSID_IMG_005154.png,train/Chickenpox/Chickenpox_MPSID_IMG_005154.png,224,224,3,PNG,79521,ba1a4df51cb56cbc9cfbcd9039ffd7455b4804a5686ef0412e40d7acab52855b,a3fcec0333b88c66
Chickenpox_MPSID_IMG_005155,train,Chickenpox,Chickenpox_MPSID_IMG_005155.png,train/Chickenpox/Chickenpox_MPSID_IMG_005155.png,224,224,3,PNG,70574,156b583376967d0714ce3b6c6b8b85f0c258eb05573ae5504d56244391dd9fec,d11fb43cbc316507
Chickenpox_MPSID_IMG_005156,train,Chickenpox,Chickenpox_MPSID_IMG_005156.png,train/Chickenpox/Chickenpox_MPSID_IMG_005156.png,224,224,3,PNG,83170,a2690b296eed790f4689b5a65c387739ea2560610b29290ff000c193b46ebdec,e61fcde0f2f0e880
Chickenpox_MPSID_IMG_005159,train,Chickenpox,Chickenpox_MPSID_IMG_005159.png,train/Chickenpox/Chickenpox_MPSID_IMG_005159.png,224,224,3,PNG,87692,636da5d68a433c0bce549cb759ec1b1bc8ad64fd58c7901fd5f0d109c8dcb794,b6c4a09ccb9bac78
Chickenpox_MPSID_IMG_005160,train,Chickenpox,Chickenpox_MPSID_IMG_005160.png,train/Chickenpox/Chickenpox_MPSID_IMG_005160.png,224,224,3,PNG,83160,054f7ef901f815937120e63bbc14898c3d5ff095f51a618406396bc101fb0636,d4fabcb9494ec680
Chickenpox_MPSID_IMG_005161,train,Chickenpox,Chickenpox_MPSID_IMG_005161.png,train/Chickenpox/Chickenpox_MPSID_IMG_005161.png,224,224,3,PNG,88283,9ab712824c064e3c519e5487eba6dea31f3df64de96f7a31eb403eac600fddb9,9cb341ba27d68995
Chickenpox_MPSID_IMG_005162,train,Chickenpox,Chickenpox_MPSID_IMG_005162.png,train/Chickenpox/Chickenpox_MPSID_IMG_005162.png,224,224,3,PNG,87946,5d6bc93612c7c1ec98c402d7df37799821ef86140787f8a963af91273a591033,e4f899c6d686258b
Chickenpox_MPSID_IMG_005165,train,Chickenpox,Chickenpox_MPSID_IMG_005165.png,train/Chickenpox/Chickenpox_MPSID_IMG_005165.png,224,224,3,PNG,60299,93f66f9ce0516a407e2cfbaa1ddbf2db4438424f6d7d16dada359f72a4581f0a,94af3572593062cf
Chickenpox_MPSID_IMG_005166,train,Chickenpox,Chickenpox_MPSID_IMG_005166.png,train/Chickenpox/Chickenpox_MPSID_IMG_005166.png,224,224,3,PNG,105803,0a02b60eb662cce2d6a9d5ebe8d50f68c3af920ac528c98b512e4d106af1c768,d8e8c682742e2f3d
Chickenpox_MPSID_IMG_005168,train,Chickenpox,Chickenpox_MPSID_IMG_005168.png,train/Chickenpox/Chickenpox_MPSID_IMG_005168.png,224,224,3,PNG,58456,77bca1fe32c17a64048759007c3174f25cecd36884e902a5c66f371bac73c612,dcb732a161b01ef8
Chickenpox_MPSID_IMG_005169,train,Chickenpox,Chickenpox_MPSID_IMG_005169.png,train/Chickenpox/Chickenpox_MPSID_IMG_005169.png,224,224,3,PNG,57739,6394354e1b4a45ab0328433e6bab2a32e16253ace24afb2f1a71746193961b84,88fb62b644cb06fc
Chickenpox_MPSID_IMG_005171,train,Chickenpox,Chickenpox_MPSID_IMG_005171.png,train/Chickenpox/Chickenpox_MPSID_IMG_005171.png,224,224,3,PNG,69141,b45fe3bc37cf914e8c03495936d02375d61e76835b43a09325ad0a4ecfbcdfad,92ee681dd12655f1
Chickenpox_MPSID_IMG_005172,train,Chickenpox,Chickenpox_MPSID_IMG_005172.png,train/Chickenpox/Chickenpox_MPSID_IMG_005172.png,224,224,3,PNG,68646,e574be376cf1d90c0e5fb225346e1ab5e7fe925b0c30be3842117bbe4a4773a9,84f9b3f69ec26049
Chickenpox_MPSID_IMG_005174,train,Chickenpox,Chickenpox_MPSID_IMG_005174.png,train/Chickenpox/Chickenpox_MPSID_IMG_005174.png,224,224,3,PNG,66692,c40168382a42a7b2def7941116e74e966b0db84321ea17c0015a1b818025544f,95e1f26344924eee
Chickenpox_MPSID_IMG_005175,train,Chickenpox,Chickenpox_MPSID_IMG_005175.png,train/Chickenpox/Chickenpox_MPSID_IMG_005175.png,224,224,3,PNG,67382,aaa7de9766b4386352e27ac6c2fb183c0219f50c76432d76c9f8467fc0604bbe,c5ff2e3ac0e43095
Chickenpox_MPSID_IMG_005176,train,Chickenpox,Chickenpox_MPSID_IMG_005176.png,train/Chickenpox/Chickenpox_MPSID_IMG_005176.png,224,224,3,PNG,64219,844fce906908184e0bec5760ff50a9596c2f6c41f6d5efc4b7428b62067c3b84,85056179585e9f8f
Chickenpox_MPSID_IMG_005177,train,Chickenpox,Chickenpox_MPSID_IMG_005177.png,train/Chickenpox/Chickenpox_MPSID_IMG_005177.png,224,224,3,PNG,61069,c4c776dc207d69524c0e89b99b7cee0cc4df77a39340e2db5b8ddfc6e024f6be,90184d657437b73b
Chickenpox_MPSID_IMG_005178,train,Chickenpox,Chickenpox_MPSID_IMG_005178.png,train/Chickenpox/Chickenpox_MPSID_IMG_005178.png,224,224,3,PNG,93866,8a7fc7cce6911b3558d483a6d254c8f99e4e9586df505135e2192ff8ab57cea3,d595c3e4385bc5d0
Chickenpox_MPSID_IMG_005179,train,Chickenpox,Chickenpox_MPSID_IMG_005179.png,train/Chickenpox/Chickenpox_MPSID_IMG_005179.png,224,224,3,PNG,68249,643d01893437a2affd5f66dd7eb61ffed27fb98b20bb5259e233b3bac95ff0b2,8bd7345c4b6a7c41
Chickenpox_MPSID_IMG_005180,train,Chickenpox,Chickenpox_MPSID_IMG_005180.png,train/Chickenpox/Chickenpox_MPSID_IMG_005180.png,224,224,3,PNG,70744,a2f3b36c7ecc411b2cbe49d1377cd4862a81676d46cc6a7e82bf482dea131db4,b3f71c086a767458
Chickenpox_MPSID_IMG_005181,train,Chickenpox,Chickenpox_MPSID_IMG_005181.png,train/Chickenpox/Chickenpox_MPSID_IMG_005181.png,224,224,3,PNG,72905,188822a7d73f272e7322967151e55592ee92c592bf3c2a94d593812212fb4146,9dff414076bc3862
Chickenpox_MPSID_IMG_005182,train,Chickenpox,Chickenpox_MPSID_IMG_005182.png,train/Chickenpox/Chickenpox_MPSID_IMG_005182.png,224,224,3,PNG,72677,086cb8de75c5017493837e8c6d651b2e406b9a56dc26c1c6020a8bfe631511cc,d1f2726f0fcc0156
Chickenpox_MPSID_IMG_005183,train,Chickenpox,Chickenpox_MPSID_IMG_005183.png,train/Chickenpox/Chickenpox_MPSID_IMG_005183.png,224,224,3,PNG,72493,41c2a97b38e482401e49a34436dd3dee06e05bc222466963da5f6bb8182f2352,c7ed7d1652d1c1c0
Chickenpox_MPSID_IMG_005184,train,Chickenpox,Chickenpox_MPSID_IMG_005184.png,train/Chickenpox/Chickenpox_MPSID_IMG_005184.png,224,224,3,PNG,68344,d4ceafcf6716aa47173cb6ee7c3252385d3bdd272424e0fbc434e4633b6eecb1,f69c5cdc4f2303c8
Chickenpox_MPSID_IMG_005185,train,Chickenpox,Chickenpox_MPSID_IMG_005185.png,train/Chickenpox/Chickenpox_MPSID_IMG_005185.png,224,224,3,PNG,70145,66643ac990bc317a9ddfbe4b3c7239dc9395ce830f455d0de1d09876e1912481,c1d052f270ea6ece
Chickenpox_MPSID_IMG_005186,train,Chickenpox,Chickenpox_MPSID_IMG_005186.png,train/Chickenpox/Chickenpox_MPSID_IMG_005186.png,224,224,3,PNG,67445,c8ba7634d9b6f2253660757437ea2c706e79fa7073d1bc5a70d32227664348cc,8adb353446035fbc
Chickenpox_MPSID_IMG_005188,train,Chickenpox,Chickenpox_MPSID_IMG_005188.png,train/Chickenpox/Chickenpox_MPSID_IMG_005188.png,224,224,3,PNG,78027,0dd1548bc6e672538484d6b9ded6c8c43bf614581d7f833a748aca9bf58c3eb5,84a766a669a64df2
Chickenpox_MPSID_IMG_005189,train,Chickenpox,Chickenpox_MPSID_IMG_005189.png,train/Chickenpox/Chickenpox_MPSID_IMG_005189.png,224,224,3,PNG,89987,0e602d3792990052e7fd90cc0634e479c3a4305a8984b19e3e67e51778be84d1,d5d5568a72ca388d
Chickenpox_MPSID_IMG_005191,train,Chickenpox,Chickenpox_MPSID_IMG_005191.png,train/Chickenpox/Chickenpox_MPSID_IMG_005191.png,224,224,3,PNG,76342,f6b2d2416f65c118105b70850b1d31ff690aadd18a43be3cdf2408f50f1caf0d,842b53e71d27161f
Chickenpox_MPSID_IMG_005192,train,Chickenpox,Chickenpox_MPSID_IMG_005192.png,train/Chickenpox/Chickenpox_MPSID_IMG_005192.png,224,224,3,PNG,65952,7272a2c36a10434fed2aeb7730a6ede86a250900ed8ee750c92a9bd78098d1f5,d10e553a4c733b5c
Chickenpox_MPSID_IMG_005193,train,Chickenpox,Chickenpox_MPSID_IMG_005193.png,train/Chickenpox/Chickenpox_MPSID_IMG_005193.png,224,224,3,PNG,64631,8440de031e8e23793be0a4370464fb7202d380bd6d18174fdbbc6fccb2e00ee6,80fa7f7d21a2059d
Chickenpox_MPSID_IMG_005194,train,Chickenpox,Chickenpox_MPSID_IMG_005194.png,train/Chickenpox/Chickenpox_MPSID_IMG_005194.png,224,224,3,PNG,65622,b8c027a502b14d16c151917a9a824c5bd71f5202f4864b8a9b82a2d412b6daa4,81f2eea1974e9c4a
Chickenpox_MPSID_IMG_005195,train,Chickenpox,Chickenpox_MPSID_IMG_005195.png,train/Chickenpox/Chickenpox_MPSID_IMG_005195.png,224,224,3,PNG,68410,2e6fc638556f8009bf5344bcb1910274b298d654d810cb238344baaeade4f581,80cd79f17a87a487
Chickenpox_MPSID_IMG_005196,train,Chickenpox,Chickenpox_MPSID_IMG_005196.png,train/Chickenpox/Chickenpox_MPSID_IMG_005196.png,224,224,3,PNG,68203,ef21895d74cd720006e704405219d34a08b703d12ca5bd106eb28f4eff213b66,d5d418e821d69f4d
Chickenpox_MPSID_IMG_005197,train,Chickenpox,Chickenpox_MPSID_IMG_005197.png,train/Chickenpox/Chickenpox_MPSID_IMG_005197.png,224,224,3,PNG,64546,dc9c6218d45a737b49be424f192f0e4a9130e4a1b81234b9fd15e1721a968170,f399361c326ac8ec
Chickenpox_MPSID_IMG_005199,train,Chickenpox,Chickenpox_MPSID_IMG_005199.png,train/Chickenpox/Chickenpox_MPSID_IMG_005199.png,224,224,3,PNG,75208,b52b75c5c752f794088ac8c00b5a044222a39f30061167624ba95f6f7c9110c6,8a9265d64bf4d915
Chickenpox_MPSID_IMG_005200,train,Chickenpox,Chickenpox_MPSID_IMG_005200.png,train/Chickenpox/Chickenpox_MPSID_IMG_005200.png,224,224,3,PNG,94541,505cbc689e3d294e24e2354fd2975aa8bf1dd11dbafe39856cf615294d46196d,e5536d503f60f04d
Chickenpox_MPSID_IMG_005205,train,Chickenpox,Chickenpox_MPSID_IMG_005205.png,train/Chickenpox/Chickenpox_MPSID_IMG_005205.png,224,224,3,PNG,67350,3468de26800453c689bbe2d1013317c7014934167373a7fa7a8df6ea926f22a3,88b607c985f97dd0
Chickenpox_MPSID_IMG_005206,train,Chickenpox,Chickenpox_MPSID_IMG_005206.png,train/Chickenpox/Chickenpox_MPSID_IMG_005206.png,224,224,3,PNG,65256,822299d4e29b2803b2ee1ccf1823819b0bc6cc91e4ea2bb2c86ae0f3e5934dd5,8ef225b4c36e4ad1
Chickenpox_MPSID_IMG_005207,train,Chickenpox,Chickenpox_MPSID_IMG_005207.png,train/Chickenpox/Chickenpox_MPSID_IMG_005207.png,224,224,3,PNG,68464,8e008b4e1e10cea8fa2454de5d7fbcceef366ba5913b6865522d5ae712e7beb1,d2a446b13cc3b5d9
Chickenpox_MPSID_IMG_005209,train,Chickenpox,Chickenpox_MPSID_IMG_005209.png,train/Chickenpox/Chickenpox_MPSID_IMG_005209.png,224,224,3,PNG,60723,4ec97405927089e57983814297b3789e7c587ec5b1adeda31c8d199b3eb19fed,cbee4358b18c7585
Chickenpox_MPSID_IMG_005211,train,Chickenpox,Chickenpox_MPSID_IMG_005211.png,train/Chickenpox/Chickenpox_MPSID_IMG_005211.png,224,224,3,PNG,69101,3b20eebca8e42a3deb79385a7ce870c4279966010de3b8176e8343a917230acd,83cf58df731444d4
Chickenpox_MPSID_IMG_005212,train,Chickenpox,Chickenpox_MPSID_IMG_005212.png,train/Chickenpox/Chickenpox_MPSID_IMG_005212.png,224,224,3,PNG,103465,7ca92c66fde9bad05b1169f2d13a025f116104048f980a0839ef37acfed0c0a7,801da6732dd273ad
Chickenpox_MPSID_IMG_005213,train,Chickenpox,Chickenpox_MPSID_IMG_005213.png,train/Chickenpox/Chickenpox_MPSID_IMG_005213.png,224,224,3,PNG,79425,d8e7695f569b8a7796abf97dcde085a908099af7ccce9b067322296b2116993c,dd93a6670e3a98c8
Chickenpox_MPSID_IMG_005215,train,Chickenpox,Chickenpox_MPSID_IMG_005215.png,train/Chickenpox/Chickenpox_MPSID_IMG_005215.png,224,224,3,PNG,66692,f4504972ec377f2e96cf859ef59ad8a1332226f03900d43d883a9462d837c747,81894fc94d8f1bb3
Chickenpox_MPSID_IMG_005216,train,Chickenpox,Chickenpox_MPSID_IMG_005216.png,train/Chickenpox/Chickenpox_MPSID_IMG_005216.png,224,224,3,PNG,63635,d4d83d735f6a355ae4fe96c524acc898aa74c5f6fa9b37554ef960857b5250d6,808307ae779363b7
Chickenpox_MPSID_IMG_005217,train,Chickenpox,Chickenpox_MPSID_IMG_005217.png,train/Chickenpox/Chickenpox_MPSID_IMG_005217.png,224,224,3,PNG,75308,d3508a8712d502de4b5bfb473b1747ebe1f7ca2bc079ca4388ba2c9af37ecd1c,d7e4c81f62425ed4
Chickenpox_MPSID_IMG_005218,train,Chickenpox,Chickenpox_MPSID_IMG_005218.png,train/Chickenpox/Chickenpox_MPSID_IMG_005218.png,224,224,3,PNG,107074,eb81c62dd6603fb02decffdc862004793dab5c80f825bb9433fe9ccb6a35a74b,f9ee863f2b1190c2
Chickenpox_MPSID_IMG_005219,train,Chickenpox,Chickenpox_MPSID_IMG_005219.png,train/Chickenpox/Chickenpox_MPSID_IMG_005219.png,224,224,3,PNG,121456,64ac66d515de48d3bd8c4d4276c8bbc6a89eea967462e354dce2de82b548ee34,94a21353a9bd93e9
Chickenpox_MPSID_IMG_005220,train,Chickenpox,Chickenpox_MPSID_IMG_005220.png,train/Chickenpox/Chickenpox_MPSID_IMG_005220.png,224,224,3,PNG,119718,fdaceaf7019b94976ab59d0ad7312f3669be50f7d008dd247455a948eea03704,89d05969f6574966
Chickenpox_MPSID_IMG_005221,train,Chickenpox,Chickenpox_MPSID_IMG_005221.png,train/Chickenpox/Chickenpox_MPSID_IMG_005221.png,224,224,3,PNG,114311,38f01ecc97be93015e93ddf0ab3fe106c00688d4413727cc5e5e047373962708,f8c3e4684f867836
Chickenpox_MPSID_IMG_005222,train,Chickenpox,Chickenpox_MPSID_IMG_005222.png,train/Chickenpox/Chickenpox_MPSID_IMG_005222.png,224,224,3,PNG,41724,66430a1c1c83e0b30cca25a9a043a0cd15eec95e42ead090026f77be59549ff7,d58c5be804dbdb24
Chickenpox_MPSID_IMG_005223,train,Chickenpox,Chickenpox_MPSID_IMG_005223.png,train/Chickenpox/Chickenpox_MPSID_IMG_005223.png,224,224,3,PNG,79207,ba7ff75954f7d3220a9238df9693d46a177f6785214416dfdae395ebbd785937,f3c24e5a4e23635a
Chickenpox_MPSID_IMG_005225,train,Chickenpox,Chickenpox_MPSID_IMG_005225.png,train/Chickenpox/Chickenpox_MPSID_IMG_005225.png,224,224,3,PNG,109588,1e284a5ad9f9471b02c64a7b4479cfe945a4cb7d321ee227ee5408ca6ebefe1f,85992e23ad27f12d
Chickenpox_MPSID_IMG_005227,train,Chickenpox,Chickenpox_MPSID_IMG_005227.png,train/Chickenpox/Chickenpox_MPSID_IMG_005227.png,224,224,3,PNG,97452,607cca6a1148a14ef2b964452ec9d4f9fe330032e1c4d0e72e49969e3908d1bc,a2935b257c8cccd6
Chickenpox_MPSID_IMG_005228,train,Chickenpox,Chickenpox_MPSID_IMG_005228.png,train/Chickenpox/Chickenpox_MPSID_IMG_005228.png,224,224,3,PNG,55122,76e5be05f0b9351bdb7327c0a68ea93b44a42a5cca1bbd82a5c0d989dbe19261,89ef869643791bc4
Chickenpox_MPSID_IMG_005229,train,Chickenpox,Chickenpox_MPSID_IMG_005229.png,train/Chickenpox/Chickenpox_MPSID_IMG_005229.png,224,224,3,PNG,82756,bc2031490b89f436604905ed399fc961372f8ad8be8d5582840cd0952c0a404e,ee48593dec9e0427
Chickenpox_MPSID_IMG_005230,train,Chickenpox,Chickenpox_MPSID_IMG_005230.png,train/Chickenpox/Chickenpox_MPSID_IMG_005230.png,224,224,3,PNG,65539,a9487a4c1ef79cb91b6b96978890e0bf91e1d35b16833dc6440c509a19ad7c88,deefe5d2c0c4c105
Chickenpox_MPSID_IMG_005231,train,Chickenpox,Chickenpox_MPSID_IMG_005231.png,train/Chickenpox/Chickenpox_MPSID_IMG_005231.png,224,224,3,PNG,43104,6501471679512016bad4a2a625180d25610015552f3c83dccd7c5b0d8c0f380d,d53dc6c490d0175f
Chickenpox_MPSID_IMG_005232,train,Chickenpox,Chickenpox_MPSID_IMG_005232.png,train/Chickenpox/Chickenpox_MPSID_IMG_005232.png,224,224,3,PNG,80531,e9d32e2bcaf76b05d38f818510081f7b5ca7633743cdb4dba7e4b9a589fdba6b,801e74873d37366e
Chickenpox_MPSID_IMG_005233,train,Chickenpox,Chickenpox_MPSID_IMG_005233.png,train/Chickenpox/Chickenpox_MPSID_IMG_005233.png,224,224,3,PNG,56229,e8536e5e09023308cef8a19bf7148d4dfc38864784e990e35c2c2a1e54bf279b,9004799c78c7be3e
Chickenpox_MPSID_IMG_005235,train,Chickenpox,Chickenpox_MPSID_IMG_005235.png,train/Chickenpox/Chickenpox_MPSID_IMG_005235.png,224,224,3,PNG,44975,776ccda32e021220379502116c971a1cfefcfeaf636acfd04fb4f21520ea3ca5,84d44fcb93d0d1f4
Chickenpox_MPSID_IMG_005236,train,Chickenpox,Chickenpox_MPSID_IMG_005236.png,train/Chickenpox/Chickenpox_MPSID_IMG_005236.png,224,224,3,PNG,58701,0bba73f023e2df2032e525495215cfdee9488c17c0ba4576b4b1406123cc2a41,8db903c5ceb678a8
Chickenpox_MPSID_IMG_005237,train,Chickenpox,Chickenpox_MPSID_IMG_005237.png,train/Chickenpox/Chickenpox_MPSID_IMG_005237.png,224,224,3,PNG,79691,498ccc718de749698faaaf9aa570d955f3f19a146f1e2b2172c7a48fde47e7f4,d5289d56ba50f3d0
Chickenpox_MPSID_IMG_005238,train,Chickenpox,Chickenpox_MPSID_IMG_005238.png,train/Chickenpox/Chickenpox_MPSID_IMG_005238.png,224,224,3,PNG,85134,32db87a839ca9c58daf0b33bd129c8cc7b3363412e084aaaf7aff0fea42a08c2,80eb1e9d4eca5762
Chickenpox_MPSID_IMG_005239,train,Chickenpox,Chickenpox_MPSID_IMG_005239.png,train/Chickenpox/Chickenpox_MPSID_IMG_005239.png,224,224,3,PNG,83765,9beabecc5fb42597f8e9e178a19000b59e1d027d408b6b3f58f98d024cb1658d,d513025d5c49bf3a
Chickenpox_MPSID_IMG_005240,train,Chickenpox,Chickenpox_MPSID_IMG_005240.png,train/Chickenpox/Chickenpox_MPSID_IMG_005240.png,224,224,3,PNG,62904,0c43aeaba6c8cc73fea8576da1245bb0a3cf371507242da18456bc6cff41beb1,81cae2d64da91f93
Chickenpox_MPSID_IMG_005241,train,Chickenpox,Chickenpox_MPSID_IMG_005241.png,train/Chickenpox/Chickenpox_MPSID_IMG_005241.png,224,224,3,PNG,98340,4bddded3c57fdb76e05cbcde30ba7aed8441b0e7d21fbc544b1afa2ffb34a8b0,dc9ad2f13b26c261
Chickenpox_MPSID_IMG_005243,train,Chickenpox,Chickenpox_MPSID_IMG_005243.png,train/Chickenpox/Chickenpox_MPSID_IMG_005243.png,224,224,3,PNG,75233,998f5e057db3f5d597e78ed394faf65b5136955ffe94cebfc788af40a0215248,888f9cc919967f98
Chickenpox_MPSID_IMG_005244,train,Chickenpox,Chickenpox_MPSID_IMG_005244.png,train/Chickenpox/Chickenpox_MPSID_IMG_005244.png,224,224,3,PNG,84647,15cbc75d8ad4b486c201b6020ad860baf2cbe4d7fd62dcacb8b7a0ed621c3bf1,f5748f6c2d962451
Chickenpox_MPSID_IMG_005245,train,Chickenpox,Chickenpox_MPSID_IMG_005245.png,train/Chickenpox/Chickenpox_MPSID_IMG_005245.png,224,224,3,PNG,45325,571fa0dd6f44add89648639f3ff6fcc6cc263a70896b913b2459e49b9a36b50a,b2a3c79c98d1ae46
Chickenpox_MPSID_IMG_005246,train,Chickenpox,Chickenpox_MPSID_IMG_005246.png,train/Chickenpox/Chickenpox_MPSID_IMG_005246.png,224,224,3,PNG,51074,398a5e4507567496033978a32a69e9873020712c9427f50cce5ee590507478cc,9f0be58743431e3c
Chickenpox_MPSID_IMG_005248,train,Chickenpox,Chickenpox_MPSID_IMG_005248.png,train/Chickenpox/Chickenpox_MPSID_IMG_005248.png,224,224,3,PNG,41760,98ac2bab42424a26cc1f51783ebfcb4c5d639704351109ade1bf97f5c0c4a9b3,dd6e92f1a8f320e0
Chickenpox_MPSID_IMG_005250,train,Chickenpox,Chickenpox_MPSID_IMG_005250.png,train/Chickenpox/Chickenpox_MPSID_IMG_005250.png,224,224,3,PNG,65162,0113ea235b0c74362bc3a391b58badf554994af99821b34c7d8f0c74a36aac81,f9da2569cc46588d
Chickenpox_MPSID_IMG_005254,train,Chickenpox,Chickenpox_MPSID_IMG_005254.png,train/Chickenpox/Chickenpox_MPSID_IMG_005254.png,224,224,3,PNG,71008,107837587d631ff945cd9070b1084da00411ae478f7bd941a7e1b55e2f19caf1,dd73127e434e07c1
Chickenpox_MPSID_IMG_005255,train,Chickenpox,Chickenpox_MPSID_IMG_005255.png,train/Chickenpox/Chickenpox_MPSID_IMG_005255.png,224,224,3,PNG,80413,a5d1fcf0216b7625e509a3d2771b4dd8d0a7c8b8c5802daae92142d4c86e8b75,cd3712374d6d3258
Chickenpox_MPSID_IMG_005258,train,Chickenpox,Chickenpox_MPSID_IMG_005258.png,train/Chickenpox/Chickenpox_MPSID_IMG_005258.png,224,224,3,PNG,101930,bbdbe53208a21fef07c7d996e2945a3e0fbeed6c4c4f276e8bbd42f77c012a5a,818e0dde19333e7c
Chickenpox_MPSID_IMG_005259,train,Chickenpox,Chickenpox_MPSID_IMG_005259.png,train/Chickenpox/Chickenpox_MPSID_IMG_005259.png,224,224,3,PNG,60284,ab1010101c61b4d97957d2ff319428395c05317cd773ee585f75603ce8b7eb7b,861452aa3f2d9b9b
Chickenpox_MPSID_IMG_005260,train,Chickenpox,Chickenpox_MPSID_IMG_005260.png,train/Chickenpox/Chickenpox_MPSID_IMG_005260.png,224,224,3,PNG,99854,0d619c9579ca1442f026790bb6eca1a352e59a6f53b452320ac6ae6c83bb6131,98a76b9d27a825d8
Chickenpox_MPSID_IMG_005261,train,Chickenpox,Chickenpox_MPSID_IMG_005261.png,train/Chickenpox/Chickenpox_MPSID_IMG_005261.png,224,224,3,PNG,87745,d1a524778cc587f5f7a262d7f3591407dcc2ad8f264bcaf6041495e55a04f84b,ce3f63c42e88c4e9
Chickenpox_MPSID_IMG_005262,train,Chickenpox,Chickenpox_MPSID_IMG_005262.png,train/Chickenpox/Chickenpox_MPSID_IMG_005262.png,224,224,3,PNG,52734,ac891786a0a9188a593a1fdc553d18ba324830d24afe9c686826a8dfe95829b7,d986c7ce30394a9d
Chickenpox_MPSID_IMG_005263,train,Chickenpox,Chickenpox_MPSID_IMG_005263.png,train/Chickenpox/Chickenpox_MPSID_IMG_005263.png,224,224,3,PNG,48429,24c3cc838893c3496511d48e8bc03ea8e029c5a91148bb8464700d63b15fed2a,fffee9d0d0844301
Chickenpox_MPSID_IMG_005264,train,Chickenpox,Chickenpox_MPSID_IMG_005264.png,train/Chickenpox/Chickenpox_MPSID_IMG_005264.png,224,224,3,PNG,70383,44cb31a17e8bc3fb3a5fd41671a39334739f20ed1081deb826bbe21e049dfd94,e15d86c1b2d90e79
Chickenpox_MPSID_IMG_005265,train,Chickenpox,Chickenpox_MPSID_IMG_005265.png,train/Chickenpox/Chickenpox_MPSID_IMG_005265.png,224,224,3,PNG,64913,b2eff2bd3af0c154171312aea62ea1084832c76bd9ba67b2dc41dc26eb8e27af,c047c8c7dfde9818
Chickenpox_MPSID_IMG_005266,train,Chickenpox,Chickenpox_MPSID_IMG_005266.png,train/Chickenpox/Chickenpox_MPSID_IMG_005266.png,224,224,3,PNG,79901,7244443a3f2534f9fa9050a4ee6c7c68ffef916ac1b650cb6c99fd71bbf30155,a698c9e665c93399
Chickenpox_MPSID_IMG_005267,train,Chickenpox,Chickenpox_MPSID_IMG_005267.png,train/Chickenpox/Chickenpox_MPSID_IMG_005267.png,224,224,3,PNG,89804,6ec48fd3bcf85ff865d12d3c022428d0facc43de7989f03091f88d5d37f28d96,d7b01f2cd7692452
Chickenpox_MPSID_IMG_005269,train,Chickenpox,Chickenpox_MPSID_IMG_005269.png,train/Chickenpox/Chickenpox_MPSID_IMG_005269.png,224,224,3,PNG,66917,cea4066f377c33af1cbca9d65999a602e5f29dc1eed36959d8b69ed80754ac48,c80f1ff8c4bc3c46
Chickenpox_MPSID_IMG_005270,train,Chickenpox,Chickenpox_MPSID_IMG_005270.png,train/Chickenpox/Chickenpox_MPSID_IMG_005270.png,224,224,3,PNG,93697,a8504788694bd1834e1c633f170dab8f1a1c1c8285af1a775c6d28798de2bebe,e6918d9ae425dac9
Chickenpox_MPSID_IMG_005272,train,Chickenpox,Chickenpox_MPSID_IMG_005272.png,train/Chickenpox/Chickenpox_MPSID_IMG_005272.png,224,224,3,PNG,64401,62cccec530cb59d3eb2069d095acd797969bcc28337c8b52e6de8e3194cf9cb8,80820f8f16e73f73
Chickenpox_MPSID_IMG_005273,train,Chickenpox,Chickenpox_MPSID_IMG_005273.png,train/Chickenpox/Chickenpox_MPSID_IMG_005273.png,224,224,3,PNG,66325,a6797a75ba7da3d8d85da1995baab573e9075651f0edca2ac743e2589cdc8caf,807e05ff15d9843b
Chickenpox_MPSID_IMG_005274,train,Chickenpox,Chickenpox_MPSID_IMG_005274.png,train/Chickenpox/Chickenpox_MPSID_IMG_005274.png,224,224,3,PNG,93118,8a2cfcb11a17925910dcf84847ca406aa7a8f1fa411d06d7ff94b9403d3f2508,80f00acf6edcd197
Chickenpox_MPSID_IMG_005275,train,Chickenpox,Chickenpox_MPSID_IMG_005275.png,train/Chickenpox/Chickenpox_MPSID_IMG_005275.png,224,224,3,PNG,63502,f30fb33e8bb62fdab9d07c3d31c7487ad09e008748cd0c58a740d42e60c10401,ff89e9a8179560e0
Chickenpox_MPSID_IMG_005276,train,Chickenpox,Chickenpox_MPSID_IMG_005276.png,train/Chickenpox/Chickenpox_MPSID_IMG_005276.png,224,224,3,PNG,53805,81459807b32766a0a158eeb03844df1bb5b620672d4a3d1e6b21feb2cbe9a37e,923dc91b478f3c38
Chickenpox_MPSID_IMG_005277,train,Chickenpox,Chickenpox_MPSID_IMG_005277.png,train/Chickenpox/Chickenpox_MPSID_IMG_005277.png,224,224,3,PNG,61074,d4a5db451f8921518cacab95412312ab56127fe8e04ff96af5e4ca5eaf4b9ccd,c0c0b9e13fe2b633
Chickenpox_MPSID_IMG_005279,train,Chickenpox,Chickenpox_MPSID_IMG_005279.png,train/Chickenpox/Chickenpox_MPSID_IMG_005279.png,224,224,3,PNG,45733,5f85e731c6da60d4d68ef509df78469fc4fbad6d713d2734651da941bc5339e4,8917891e29b70d3f
Chickenpox_MPSID_IMG_005280,train,Chickenpox,Chickenpox_MPSID_IMG_005280.png,train/Chickenpox/Chickenpox_MPSID_IMG_005280.png,224,224,3,PNG,63185,3e4d9060f97bfb6b422b9a00493b8e20926363ab9cc1d6a25808e0998d1e2d44,b3b0cc4c31b3d2ce
Chickenpox_MPSID_IMG_005281,train,Chickenpox,Chickenpox_MPSID_IMG_005281.png,train/Chickenpox/Chickenpox_MPSID_IMG_005281.png,224,224,3,PNG,48269,3280bd0121d7172a3d3659a7377800c1c98cf899fbfad2fae8cc9406b5e4f4b4,dfa912a5018d1e3f
Chickenpox_MPSID_IMG_005284,train,Chickenpox,Chickenpox_MPSID_IMG_005284.png,train/Chickenpox/Chickenpox_MPSID_IMG_005284.png,224,224,3,PNG,80122,92c0b849e0b1907ed801b475330eeb229562771801f284491dc37a6ac028d823,ff0910863b3837c7
Chickenpox_MPSID_IMG_005285,train,Chickenpox,Chickenpox_MPSID_IMG_005285.png,train/Chickenpox/Chickenpox_MPSID_IMG_005285.png,224,224,3,PNG,79119,50c8c17e711ea6005002810c77cb0ed85e14dc3d98194b346536d381809e33f1,d5920f8f310999f5
Chickenpox_MPSID_IMG_005286,train,Chickenpox,Chickenpox_MPSID_IMG_005286.png,train/Chickenpox/Chickenpox_MPSID_IMG_005286.png,224,224,3,PNG,79789,7b055c16cfe8f7663b920bc2fc656105134d8a5dc68a4678154562bd5b0d53d3,95c34e9c3347ae23
Chickenpox_MPSID_IMG_005288,train,Chickenpox,Chickenpox_MPSID_IMG_005288.png,train/Chickenpox/Chickenpox_MPSID_IMG_005288.png,224,224,3,PNG,42955,2fcae3cde5ea425061ddf2e8757046461ba6961e32e2dcfbf15dfbfa3b723f06,a8c33e1e1785ab4e
Chickenpox_MPSID_IMG_005289,train,Chickenpox,Chickenpox_MPSID_IMG_005289.png,train/Chickenpox/Chickenpox_MPSID_IMG_005289.png,224,224,3,PNG,72210,a56db28bf9ef0b19fef511df85792b1c3d2a8a410875267d8ae5e49ddc958a32,990fc6704a6bb55a
Chickenpox_MPSID_IMG_005290,train,Chickenpox,Chickenpox_MPSID_IMG_005290.png,train/Chickenpox/Chickenpox_MPSID_IMG_005290.png,224,224,3,PNG,46206,14d7334d9ea29f3ae5723cd4c8b8f12f474e8268f9d1fd45e2f1476e52f43175,a3f025e3cbcc5839
Chickenpox_MPSID_IMG_005291,train,Chickenpox,Chickenpox_MPSID_IMG_005291.png,train/Chickenpox/Chickenpox_MPSID_IMG_005291.png,224,224,3,PNG,57724,60ae13d607efdf26864df3ebb499976dbd99e8821f2149db8e102bfd3c39c0c1,d0bc1939797c2173
Chickenpox_MPSID_IMG_005293,train,Chickenpox,Chickenpox_MPSID_IMG_005293.png,train/Chickenpox/Chickenpox_MPSID_IMG_005293.png,224,224,3,PNG,66389,185281bfd7205c3ac7009f0aee3e676a8bf845bd18be6359bff32b19002837f9,d64a7955543ccb58
Chickenpox_MPSID_IMG_005294,train,Chickenpox,Chickenpox_MPSID_IMG_005294.png,train/Chickenpox/Chickenpox_MPSID_IMG_005294.png,224,224,3,PNG,91118,58ba7c3532affeff300e00175dd79e9ae3aa0efcc96d538f1eca25c691384657,904d0675596e67d9
Chickenpox_MPSID_IMG_005296,train,Chickenpox,Chickenpox_MPSID_IMG_005296.png,train/Chickenpox/Chickenpox_MPSID_IMG_005296.png,224,224,3,PNG,42403,ab626e8426556d5df58fd5f26819f8bf5c4c6e11b8e59a389c4e4622a3601eed,87b19fb0681f9866
Chickenpox_MPSID_IMG_005298,train,Chickenpox,Chickenpox_MPSID_IMG_005298.png,train/Chickenpox/Chickenpox_MPSID_IMG_005298.png,224,224,3,PNG,83593,2ac3b4df66b9fec11b2114443b9ef28b4348b941f0f3527f18ba09e708767b67,830f2972c7b1f0f4
Chickenpox_MPSID_IMG_005300,train,Chickenpox,Chickenpox_MPSID_IMG_005300.png,train/Chickenpox/Chickenpox_MPSID_IMG_005300.png,224,224,3,PNG,81507,0e860a3726bc6f509c6f24bcf8c6fbe00bdcfaa77849f746b59a859adb457c04,fa8c8196b5e70e1c
Chickenpox_MPSID_IMG_005302,train,Chickenpox,Chickenpox_MPSID_IMG_005302.png,train/Chickenpox/Chickenpox_MPSID_IMG_005302.png,224,224,3,PNG,73970,17f4e7661831689cfe8b6d38bef40d7f1d30bc10be034b5caafa9b65077fce87,e9dfd068d0608bc7
Chickenpox_MPSID_IMG_005303,train,Chickenpox,Chickenpox_MPSID_IMG_005303.png,train/Chickenpox/Chickenpox_MPSID_IMG_005303.png,224,224,3,PNG,76193,15834d4bab8030396617b5c6d4804aea607b05b313037420f9116d86768f20d6,d48423371c9bd3cb
Chickenpox_MPSID_IMG_005304,train,Chickenpox,Chickenpox_MPSID_IMG_005304.png,train/Chickenpox/Chickenpox_MPSID_IMG_005304.png,224,224,3,PNG,58881,f508054579e49a19c0b7b00c4a44501ce20c7061928543f45a97181873820160,d57c32be002fc4b3
Chickenpox_MPSID_IMG_005306,train,Chickenpox,Chickenpox_MPSID_IMG_005306.png,train/Chickenpox/Chickenpox_MPSID_IMG_005306.png,224,224,3,PNG,52118,8cf00be48942fb433198cb3007b24bb6c2cb8071f1d0a4ca0c6a222ac93e92d5,a323155c1677a9d9
Chickenpox_MPSID_IMG_005307,train,Chickenpox,Chickenpox_MPSID_IMG_005307.png,train/Chickenpox/Chickenpox_MPSID_IMG_005307.png,224,224,3,PNG,39510,c23b4bb5be828cb1462139acd790a8bea627ccff9797a5bd31d896867561a98b,ed9aa61831e1f64c
Chickenpox_MPSID_IMG_005308,train,Chickenpox,Chickenpox_MPSID_IMG_005308.png,train/Chickenpox/Chickenpox_MPSID_IMG_005308.png,224,224,3,PNG,39231,2e923d86813e978c0a565ec5ac0cd29ef7449421a2ced22b6894cc734f75b76d,d4473303533d8f99
Chickenpox_MSID_IMG_000555,train,Chickenpox,Chickenpox_MSID_IMG_000555.png,train/Chickenpox/Chickenpox_MSID_IMG_000555.png,224,224,3,PNG,85125,be7c3bc93fec97cfad25a08df006f7b74a43f07ae8befd368779a3f22b794e0d,cb1e4c607da2a337
Chickenpox_MSID_IMG_000556,train,Chickenpox,Chickenpox_MSID_IMG_000556.png,train/Chickenpox/Chickenpox_MSID_IMG_000556.png,224,224,3,PNG,60266,2ddea32a63a13ce15b06c2fed29740df0423f60d304a2659f06b0188f1d9efed,87d2add2ea5d1550
Chickenpox_MSID_IMG_000560,train,Chickenpox,Chickenpox_MSID_IMG_000560.png,train/Chickenpox/Chickenpox_MSID_IMG_000560.png,224,224,3,PNG,63567,a03753bec9b7f9d341ed1741486c884af5ad40546ae99eb1389102e65bd384f6,807d39c424efc9dc
Chickenpox_MSID_IMG_000564,train,Chickenpox,Chickenpox_MSID_IMG_000564.png,train/Chickenpox/Chickenpox_MSID_IMG_000564.png,224,224,3,PNG,79234,8a4deaa9150b5d9fedf24d090260f233ab93412e7eae0ae125816a0ce41d86a4,97416b5d09bf21a9
Chickenpox_MSID_IMG_000565,train,Chickenpox,Chickenpox_MSID_IMG_000565.png,train/Chickenpox/Chickenpox_MSID_IMG_000565.png,224,224,3,PNG,68338,a22f3d371a49a733cc17984cfef448c8ba69e9d8742db53b6ee8b04917377019,c50bbef778a09072
Chickenpox_MSID_IMG_000566,train,Chickenpox,Chickenpox_MSID_IMG_000566.png,train/Chickenpox/Chickenpox_MSID_IMG_000566.png,224,224,3,PNG,87963,5d1f75a2c42e468c312bbaf65b08d307cc9c5e7da44b663d368272a1901ec611,ffa8a5386865a585
Chickenpox_MSID_IMG_000568,train,Chickenpox,Chickenpox_MSID_IMG_000568.png,train/Chickenpox/Chickenpox_MSID_IMG_000568.png,224,224,3,PNG,76549,61ca3394af4c9c1925afcc9fb121ff744a3f18f44a917b2f592aa0aa013fe26a,aab1989c8333379e
Chickenpox_MSID_IMG_000569,train,Chickenpox,Chickenpox_MSID_IMG_000569.png,train/Chickenpox/Chickenpox_MSID_IMG_000569.png,224,224,3,PNG,44023,b1710d8286a37f1fcbe88d0ca2cda75939b3fca9916da1227bf2243b20f835a7,9ff803c143c3079f
Chickenpox_MSID_IMG_000570,train,Chickenpox,Chickenpox_MSID_IMG_000570.png,train/Chickenpox/Chickenpox_MSID_IMG_000570.png,224,224,3,PNG,83838,080835c23ec21ccdb0f23df8a89a3be859cd6ecf98dd9ea5d35d43ebf4af49a9,b53d3f05034bcb4a
Chickenpox_MSID_IMG_000571,train,Chickenpox,Chickenpox_MSID_IMG_000571.png,train/Chickenpox/Chickenpox_MSID_IMG_000571.png,224,224,3,PNG,65388,bc39b095b2bed6ac6093d275804023223bc9697fe30b3e1647d4469c73bef906,94ea75b93a153a94
Chickenpox_MSID_IMG_000572,train,Chickenpox,Chickenpox_MSID_IMG_000572.png,train/Chickenpox/Chickenpox_MSID_IMG_000572.png,224,224,3,PNG,74352,285b75221ae94eb9622037678aea13e19d6a4933eb3003637a0c31c5c1f5dd27,f371b968c0d34c9a
Chickenpox_MSID_IMG_000573,train,Chickenpox,Chickenpox_MSID_IMG_000573.png,train/Chickenpox/Chickenpox_MSID_IMG_000573.png,224,224,3,PNG,52986,19f67ed52163846c8d77a06d4fee099a3f4b749ace707248d36778feba0eecb4,d0ad56ae59a54a95
Chickenpox_MSID_IMG_000574,train,Chickenpox,Chickenpox_MSID_IMG_000574.png,train/Chickenpox/Chickenpox_MSID_IMG_000574.png,224,224,3,PNG,80276,25f76bec622303c66f892931773830c145b791f973f0213c7ac542c3c6f79260,c1b68c9a33e98dc3
Chickenpox_MSID_IMG_000576,train,Chickenpox,Chickenpox_MSID_IMG_000576.png,train/Chickenpox/Chickenpox_MSID_IMG_000576.png,224,224,3,PNG,63584,b8cac6cfe01e5e09dffa633c75848ee2cc8a2960b89c1671cbe507d2bdb727b2,b8b34987dc4c8c76
Chickenpox_MSID_IMG_000577,train,Chickenpox,Chickenpox_MSID_IMG_000577.png,train/Chickenpox/Chickenpox_MSID_IMG_000577.png,224,224,3,PNG,80173,10ea7cd7481d676f09f577b93053316af93c0324fa3196dce962498ae14806cc,ff7237173a255401
Chickenpox_MSID_IMG_000578,train,Chickenpox,Chickenpox_MSID_IMG_000578.png,train/Chickenpox/Chickenpox_MSID_IMG_000578.png,224,224,3,PNG,70254,8436ea327ebad9a9ac38cb3da7855fe0998eaf39b574e3c53396e10ff4cae3f3,f2a187f14f708768
Chickenpox_MSID_IMG_000579,train,Chickenpox,Chickenpox_MSID_IMG_000579.png,train/Chickenpox/Chickenpox_MSID_IMG_000579.png,224,224,3,PNG,51651,0215371d2480952bf28f050664f0be20d24dbd1a3a3ebae662212bfa61f180b8,ea9da5a466346d4a
Chickenpox_MSID_IMG_000580,train,Chickenpox,Chickenpox_MSID_IMG_000580.png,train/Chickenpox/Chickenpox_MSID_IMG_000580.png,224,224,3,PNG,62098,c16a3d424372c382adf787b8a396a61dd61ae8309eb12904c085807fb1dc1134,d8eb4e682b392dc4
Chickenpox_MSID_IMG_000582,train,Chickenpox,Chickenpox_MSID_IMG_000582.png,train/Chickenpox/Chickenpox_MSID_IMG_000582.png,224,224,3,PNG,58106,930bbcaf98edb0730a5eb58873971ba636d488388e7a3fc80dcd985ea52cd467,abe92436216b3667
Chickenpox_MSID_IMG_000583,train,Chickenpox,Chickenpox_MSID_IMG_000583.png,train/Chickenpox/Chickenpox_MSID_IMG_000583.png,224,224,3,PNG,52063,b24547fbe4a943f9052f43844a7ead863019cbe9e6f8dc78980f41977858d03b,e8f625c2b528d47c
Chickenpox_MSID_IMG_000584,train,Chickenpox,Chickenpox_MSID_IMG_000584.png,train/Chickenpox/Chickenpox_MSID_IMG_000584.png,224,224,3,PNG,87616,08ebff7fbe9b73159420b2b234ffe92cb4042c9d74ba741f1601f4b46e4560aa,90a15e967da27b89
Chickenpox_MSID_IMG_000585,train,Chickenpox,Chickenpox_MSID_IMG_000585.png,train/Chickenpox/Chickenpox_MSID_IMG_000585.png,224,224,3,PNG,69169,90f6364cfcd7f0b8b0d72c2b57a5bf200b4a7679b155329c3db889c644a9f6f7,84a300f57cdd6ae5
Chickenpox_MSID_IMG_000586,train,Chickenpox,Chickenpox_MSID_IMG_000586.png,train/Chickenpox/Chickenpox_MSID_IMG_000586.png,224,224,3,PNG,68899,7457c306c6cc85149ae286989566b20be5034113764db9d57034f2a52dc23bb3,ca957fec00945d5a
Chickenpox_MSID_IMG_000587,train,Chickenpox,Chickenpox_MSID_IMG_000587.png,train/Chickenpox/Chickenpox_MSID_IMG_000587.png,224,224,3,PNG,69056,32d7b6604e33bc3bb5fa098f7ae989e63f0407c13e7ae4b43ad05cd97744c2d4,eba9a5d590b095d4
Chickenpox_MSID_IMG_000588,train,Chickenpox,Chickenpox_MSID_IMG_000588.png,train/Chickenpox/Chickenpox_MSID_IMG_000588.png,224,224,3,PNG,72263,ffd7d6f1d481bcdb9161fda54d83c274fe2849142a4799af2c78b8b3ed6c25bd,b3e04e99c498a79e
Chickenpox_MSID_IMG_000589,train,Chickenpox,Chickenpox_MSID_IMG_000589.png,train/Chickenpox/Chickenpox_MSID_IMG_000589.png,224,224,3,PNG,74836,f3d21d102ac5e8c794bda8d58aa58bb9699c13fb01a93de5e38f63546dfb8a15,85f21616784b0fed
Chickenpox_MSID_IMG_000590,train,Chickenpox,Chickenpox_MSID_IMG_000590.png,train/Chickenpox/Chickenpox_MSID_IMG_000590.png,224,224,3,PNG,96099,d2d8462e48c0d7cad743caca97c17ad943bbcc8146e28fa1b394f1c47e619a91,d396ad97a0b442cb
Chickenpox_MSID_IMG_000592,train,Chickenpox,Chickenpox_MSID_IMG_000592.png,train/Chickenpox/Chickenpox_MSID_IMG_000592.png,224,224,3,PNG,75351,dff56a0b83b268872b7b98ca8f69a6700e14f997ba2833374512383edc10ddb9,96df033f01e70699
Chickenpox_MSID_IMG_000594,train,Chickenpox,Chickenpox_MSID_IMG_000594.png,train/Chickenpox/Chickenpox_MSID_IMG_000594.png,224,224,3,PNG,80111,f28cdd8e01bc186c30632fbed04198c8f4658a025e49eb51a2c00919c2d1406a,fce0cb3d0cb02dc5
Chickenpox_MSID_IMG_000596,train,Chickenpox,Chickenpox_MSID_IMG_000596.png,train/Chickenpox/Chickenpox_MSID_IMG_000596.png,224,224,3,PNG,59240,05218daccef62d2b1e428e8179c712832b23a44d3843af0c26a243ad7343d246,bfd8c1660c669867
Chickenpox_MSID_IMG_000597,train,Chickenpox,Chickenpox_MSID_IMG_000597.png,train/Chickenpox/Chickenpox_MSID_IMG_000597.png,224,224,3,PNG,55671,f13e7c97bfdabdd5389db947e67fb0936118b6f06e4c51f167412acbaaa81e50,ec9393b230637393
Chickenpox_MSID_IMG_000600,train,Chickenpox,Chickenpox_MSID_IMG_000600.png,train/Chickenpox/Chickenpox_MSID_IMG_000600.png,224,224,3,PNG,72709,0f55f7caa677b22a5a3be821da1622e11d848753f25e508b56642060fc6d8be2,c22d5a9edeb62624
Chickenpox_MSID_IMG_000601,train,Chickenpox,Chickenpox_MSID_IMG_000601.png,train/Chickenpox/Chickenpox_MSID_IMG_000601.png,224,224,3,PNG,54207,8aa0c3fbb114d5171f0d10e5fc2118ff91340a4eb4ec6889c64aa1a2c5c2aedf,cd76697231b19a98
Chickenpox_MSID_IMG_000603,train,Chickenpox,Chickenpox_MSID_IMG_000603.png,train/Chickenpox/Chickenpox_MSID_IMG_000603.png,224,224,3,PNG,67210,d7f127c78213361475a96d28edaa18f7778460295c40897b6372c39213328472,81a46a8a3f976a2f
Chickenpox_MSID_IMG_000604,train,Chickenpox,Chickenpox_MSID_IMG_000604.png,train/Chickenpox/Chickenpox_MSID_IMG_000604.png,224,224,3,PNG,62621,335c3d0983886c9eff159aea29a91ce02e529348110b3e78094e598feb26b33c,c4c51b016e6ea1df
Chickenpox_MSID_IMG_000605,train,Chickenpox,Chickenpox_MSID_IMG_000605.png,train/Chickenpox/Chickenpox_MSID_IMG_000605.png,224,224,3,PNG,64998,86a1503425c207a7e473c4fbdce0bcfbe8f3e48b59bb85ee54aa4d64ea5c1752,dfde797108c1e032
Chickenpox_MSID_IMG_000606,train,Chickenpox,Chickenpox_MSID_IMG_000606.png,train/Chickenpox/Chickenpox_MSID_IMG_000606.png,224,224,3,PNG,74436,822c620f3735c349f565a13e5afa28ee1d592f02bceb368eb848eac6bb1296c9,cb043c753396ce78
Chickenpox_MSID_IMG_000607,train,Chickenpox,Chickenpox_MSID_IMG_000607.png,train/Chickenpox/Chickenpox_MSID_IMG_000607.png,224,224,3,PNG,75914,9e08c9ac049d8576c545ff0d449d726aef5f39c0e095e235d56d1cde55a3dd84,bff6f8f0c0e0c0c4
Chickenpox_MSID_IMG_000608,train,Chickenpox,Chickenpox_MSID_IMG_000608.png,train/Chickenpox/Chickenpox_MSID_IMG_000608.png,224,224,3,PNG,44725,b80a7a7f04db4380d3644b3b06f4a33b5e8061b6ce3c4dc213ffa5cab77a3e6c,9f60eaffc198c190
Chickenpox_MSID_IMG_000609,train,Chickenpox,Chickenpox_MSID_IMG_000609.png,train/Chickenpox/Chickenpox_MSID_IMG_000609.png,224,224,3,PNG,42598,f0b8db6a3bd1479118bd3d03b3a16a70789a058f9f6fe521006771c65327c002,c0557eb9e027da70
Chickenpox_MSID_IMG_000612,train,Chickenpox,Chickenpox_MSID_IMG_000612.png,train/Chickenpox/Chickenpox_MSID_IMG_000612.png,224,224,3,PNG,75188,e40e31fd5357b2a69fbbde281b1eb8eef1bf94b9c13b6deaac420bcfa97dc641,e6672d686a9a5c52
Chickenpox_MSID_IMG_000618,train,Chickenpox,Chickenpox_MSID_IMG_000618.png,train/Chickenpox/Chickenpox_MSID_IMG_000618.png,224,224,3,PNG,46808,b7f281cf94140419306326fdef26605ec61c979d31ac7d73164b417734d06a31,d08f2c8c2b8f3e3c
Chickenpox_MSID_IMG_000620,train,Chickenpox,Chickenpox_MSID_IMG_000620.png,train/Chickenpox/Chickenpox_MSID_IMG_000620.png,224,224,3,PNG,82309,db8ca614d3b6d00dbc0732d4af50b7d91b3631f18ae40f729ed4a5de83920013,9b41495c516e6ecd
Chickenpox_MSID_IMG_000621,train,Chickenpox,Chickenpox_MSID_IMG_000621.png,train/Chickenpox/Chickenpox_MSID_IMG_000621.png,224,224,3,PNG,57428,1bc9e4e03768ed6acc91467d4e7f6ebb06ee92afc54b3b7be64cd9173da6b677,b11f95a52b6a18b5
Chickenpox_MSID_IMG_000622,train,Chickenpox,Chickenpox_MSID_IMG_000622.png,train/Chickenpox/Chickenpox_MSID_IMG_000622.png,224,224,3,PNG,76159,5b7df49b5a19644c123c29bf63dd3ad6279b5a2cfa0efd1af1b8f791bf675d12,892c0796dec7f03c
Chickenpox_MSID_IMG_000625,train,Chickenpox,Chickenpox_MSID_IMG_000625.png,train/Chickenpox/Chickenpox_MSID_IMG_000625.png,224,224,3,PNG,82516,d75ae1fbc9dc81dd5c166791b05db7c4c1d386dc10e0beb267a17cd68037fac0,cb1e4c2077a3a357
Chickenpox_MSID_IMG_000626,train,Chickenpox,Chickenpox_MSID_IMG_000626.png,train/Chickenpox/Chickenpox_MSID_IMG_000626.png,224,224,3,PNG,81437,ac9bb5b8d30d340eaf6ac1948cc82e83f1a1ff0ba2b152903914ae6b39ce64da,9ce41f98c07c3ec3
Chickenpox_MSID_IMG_000628,train,Chickenpox,Chickenpox_MSID_IMG_000628.png,train/Chickenpox/Chickenpox_MSID_IMG_000628.png,224,224,3,PNG,84774,f05f30fc49cd2dee0c107faf2d50144e5a0b615b487a59fb61f53e0d1d68bb8c,f68d4e9830c738bc
Chickenpox_MSID_IMG_000629,train,Chickenpox,Chickenpox_MSID_IMG_000629.png,train/Chickenpox/Chickenpox_MSID_IMG_000629.png,224,224,3,PNG,64952,2b97704763962ee6261968a906d333f1f1ff77d1447a58620c5fac09f4995525,81d26a96b4f55559
Chickenpox_MSID_IMG_000630,train,Chickenpox,Chickenpox_MSID_IMG_000630.png,train/Chickenpox/Chickenpox_MSID_IMG_000630.png,224,224,3,PNG,81481,7686776665b124c227e9625dce4b8573a7afe9c9ee94edbe3d6eafc534d99c25,bce087a215d8abcb
Chickenpox_MSID_IMG_000634,train,Chickenpox,Chickenpox_MSID_IMG_000634.png,train/Chickenpox/Chickenpox_MSID_IMG_000634.png,224,224,3,PNG,76705,067ba39eee5f0c7bbf675e20e7ae8643de25c6f3752623503a15a746ffbd4ca4,dda316dec19c9161
Chickenpox_MSID_IMG_000637,train,Chickenpox,Chickenpox_MSID_IMG_000637.png,train/Chickenpox/Chickenpox_MSID_IMG_000637.png,224,224,3,PNG,96278,ec687d34978a9fc961600b4f3b2ed8e6bd9405c7d893dd26366ce97bd91a4b21,fa8c8196b5e70e1c
Chickenpox_MSID_IMG_000638,train,Chickenpox,Chickenpox_MSID_IMG_000638.png,train/Chickenpox/Chickenpox_MSID_IMG_000638.png,224,224,3,PNG,76661,38515759bdf54500e7d9afd44a948bfd48917f4943108530be3167a18c24f842,c50bbef778a09072
Chickenpox_MSID_IMG_000641,train,Chickenpox,Chickenpox_MSID_IMG_000641.png,train/Chickenpox/Chickenpox_MSID_IMG_000641.png,224,224,3,PNG,93183,27c9c165f6a68574c2f1500d3a7affbd19736e6e9bab2f1a4e26c72534e5d08e,d5d5568a72ca388d
Chickenpox_MSID_IMG_000645,train,Chickenpox,Chickenpox_MSID_IMG_000645.png,train/Chickenpox/Chickenpox_MSID_IMG_000645.png,224,224,3,PNG,101845,dffd18730692e7fd4cf5a93093cc4b0b0ce30806798eb712b1fe4b5f83858a02,d386ad97a0b542cb
Chickenpox_MSID_IMG_000646,train,Chickenpox,Chickenpox_MSID_IMG_000646.png,train/Chickenpox/Chickenpox_MSID_IMG_000646.png,224,224,3,PNG,71040,d4b4fb60d2805ad3b3fc023f05562d66ec0a59566e8259eb2835ba848365c6c9,8097734e956a976c
Chickenpox_MSID_IMG_000647,train,Chickenpox,Chickenpox_MSID_IMG_000647.png,train/Chickenpox/Chickenpox_MSID_IMG_000647.png,224,224,3,PNG,57944,38d23f7848f84b4d9a0f02921c373239c3c33d8b245e350c514b0d0b3958b09d,91351a3b3a276667
Chickenpox_MSID_IMG_000649,train,Chickenpox,Chickenpox_MSID_IMG_000649.png,train/Chickenpox/Chickenpox_MSID_IMG_000649.png,224,224,3,PNG,79039,98df9b7c9c3d8d946d67031efd110d02a38471f74f21acf05212edee0f91c159,c0c02fff2ed136c4
Chickenpox_MSID_IMG_000650,train,Chickenpox,Chickenpox_MSID_IMG_000650.png,train/Chickenpox/Chickenpox_MSID_IMG_000650.png,224,224,3,PNG,85012,0d7adc14700304a70847703b3121841218e91d01aba3c672fc1e81f37db6872b,94a4fdcea452ad52
Chickenpox_MSID_IMG_000651,train,Chickenpox,Chickenpox_MSID_IMG_000651.png,train/Chickenpox/Chickenpox_MSID_IMG_000651.png,224,224,3,PNG,63272,ef73c825783a27afbb6e0568a7dbe8d9ae2850271d615ff78914c35c713002b8,f3e107e11f6234c3
Chickenpox_MSID_IMG_000652,train,Chickenpox,Chickenpox_MSID_IMG_000652.png,train/Chickenpox/Chickenpox_MSID_IMG_000652.png,224,224,3,PNG,68940,d51a16bf83e5ec5d3ee449ed5161fc493f5d12aafd43b785e1bb2ba51493ffc0,c56d079617554f1a
Chickenpox_MSID_IMG_000653,train,Chickenpox,Chickenpox_MSID_IMG_000653.png,train/Chickenpox/Chickenpox_MSID_IMG_000653.png,224,224,3,PNG,95770,89230801ca5914aea543898ff7d490e617a45b0704d6be243b54d7debfac55b5,d0fda397aa843e0c
Chickenpox_MSLD_IMG_001234,train,Chickenpox,Chickenpox_MSLD_IMG_001234.jpg,train/Chickenpox/Chickenpox_MSLD_IMG_001234.jpg,224,224,3,JPEG,8527,de9f03cbd514820a2cfa8be2e431757b2d7be57e6127a8a42ff190c5c6a06dc9,d3f042ccec8ee0a7
Chickenpox_MSLD_IMG_001235,train,Chickenpox,Chickenpox_MSLD_IMG_001235.jpg,train/Chickenpox/Chickenpox_MSLD_IMG_001235.jpg,224,224,3,JPEG,5458,317437c516a082ed1900b29ef6e997c19347009175629c5981307fea9501a88d,ed94cfb4c2a568b0
Chickenpox_MSLD_IMG_001236,train,Chickenpox,Chickenpox_MSLD_IMG_001236.jpg,train/Chickenpox/Chickenpox_MSLD_IMG_001236.jpg,224,224,3,JPEG,5491,588297f7c78c582f071a28e1af8864fe23536cf832d8f9b9ccc346099f5c735c,fffee9d0d0844301
Chickenpox_MSLD_IMG_001237,train,Chickenpox,Chickenpox_MSLD_IMG_001237.jpg,train/Chickenpox/Chickenpox_MSLD_IMG_001237.jpg,224,224,3,JPEG,8143,c63b33a43afece0bc13eb69677bad8d041b881afb1af448d2b4b1ed5576afb95,e15d86c1b2d90e79
Chickenpox_MSLD_IMG_001239,train,Chickenpox,Chickenpox_MSLD_IMG_001239.jpg,train/Chickenpox/Chickenpox_MSLD_IMG_001239.jpg,224,224,3,JPEG,4542,b3bb6a4307eb65ae92bac6f10b21df64e4966e9ce8b3c029db83ab253349c128,b8c9e73599c84473
Chickenpox_MSLD_IMG_001241,train,Chickenpox,Chickenpox_MSLD_IMG_001241.jpg,train/Chickenpox/Chickenpox_MSLD_IMG_001241.jpg,224,224,3,JPEG,5367,0d4141dad4d8b72ada76a0e499149a705bfd00527aaf07a9b19a40b464660e8d,973106183b3b1d5f
Chickenpox_MSLD_IMG_001242,train,Chickenpox,Chickenpox_MSLD_IMG_001242.jpg,train/Chickenpox/Chickenpox_MSLD_IMG_001242.jpg,224,224,3,JPEG,6301,e543728e9293d54e5f8b4eae2e721f3dfc3bf2f1b704dc898a6f323d8637e9c1,81f8392e39a8e3e6
Chickenpox_MSLD_IMG_001243,train,Chickenpox,Chickenpox_MSLD_IMG_001243.jpg,train/Chickenpox/Chickenpox_MSLD_IMG_001243.jpg,224,224,3,JPEG,5888,984a3ceda32f562d1f9e8b7a670658054ae05f2c71785e2a027958f62680dbbc,a0f97a706a69686b
Chickenpox_MSLD_IMG_001246,train,Chickenpox,Chickenpox_MSLD_IMG_001246.jpg,train/Chickenpox/Chickenpox_MSLD_IMG_001246.jpg,224,224,3,JPEG,7835,83ecad5ec1afd61bc90dc53c7bbc41faf9ffcb9582b0ca37a970d55a800cbd70,888f9cc919967f98
Chickenpox_MSLD_IMG_001247,train,Chickenpox,Chickenpox_MSLD_IMG_001247.jpg,train/Chickenpox/Chickenpox_MSLD_IMG_001247.jpg,224,224,3,JPEG,4284,a62906948e5ca534ee7b06a2ea31bea0ee089eafabd4160986d1ae03b7c8cefd,ed9aa61831e1f64c
Chickenpox_MSLD_IMG_001248,train,Chickenpox,Chickenpox_MSLD_IMG_001248.jpg,train/Chickenpox/Chickenpox_MSLD_IMG_001248.jpg,224,224,3,JPEG,4932,1572992d6ebdfc204ed8807e01d4f253aebbdcd9aaf03ce9bdc48d20691f8ded,c91e96047bcb866e
Chickenpox_MSLD_IMG_001390,train,Chickenpox,Chickenpox_MSLD_IMG_001390.jpg,train/Chickenpox/Chickenpox_MSLD_IMG_001390.jpg,224,224,3,JPEG,3724,941ece328a7a7f063e1f1e852d4d041b48c348d8358e8b4e4962100ff2c9fc08,aac59d37668c9932
Chickenpox_MSLD_IMG_001391,train,Chickenpox,Chickenpox_MSLD_IMG_001391.jpg,train/Chickenpox/Chickenpox_MSLD_IMG_001391.jpg,224,224,3,JPEG,4231,6a2fe14d7242c758ce613785d7cbd49487c0cc14a868ecf72e20ffe68ba9d01d,ea91946ad13467e6
Chickenpox_MSLD_IMG_001392,train,Chickenpox,Chickenpox_MSLD_IMG_001392.jpg,train/Chickenpox/Chickenpox_MSLD_IMG_001392.jpg,224,224,3,JPEG,3575,68acfbc07aa8b88edd5993b23a17a07481a6da491017b996d8bdf5d6228be35c,ef9499c9622698d9
Chickenpox_MSLD_IMG_001393,train,Chickenpox,Chickenpox_MSLD_IMG_001393.jpg,train/Chickenpox/Chickenpox_MSLD_IMG_001393.jpg,224,224,3,JPEG,3264,3842bdf7f8366ff8da78286aa089aaa917a267ceb966229f8b91cf1bb0f48f74,ff80996666d99924
Chickenpox_MSLD_IMG_001395,train,Chickenpox,Chickenpox_MSLD_IMG_001395.jpg,train/Chickenpox/Chickenpox_MSLD_IMG_001395.jpg,224,224,3,JPEG,6514,36fa46c524fe846c57644b73bd6486f1d2cd2241dc2aaf9b2490207e8ce6cae9,d0bc1939797c2173
Chickenpox_MSLD_IMG_001396,train,Chickenpox,Chickenpox_MSLD_IMG_001396.jpg,train/Chickenpox/Chickenpox_MSLD_IMG_001396.jpg,224,224,3,JPEG,5773,2f3ac46cee2bb1400d5c7e9cc769d7fdc880c28c25d4a802601ee3ecf2616085,89ef869643791bc4
Chickenpox_MSLD_IMG_001398,train,Chickenpox,Chickenpox_MSLD_IMG_001398.jpg,train/Chickenpox/Chickenpox_MSLD_IMG_001398.jpg,224,224,3,JPEG,7082,5e756aecc4354cb9b1b4da19e409d981b3b7da5471564444d5903d7604e23e03,f1c4e891f09356ab
Chickenpox_MSLD_IMG_001399,train,Chickenpox,Chickenpox_MSLD_IMG_001399.jpg,train/Chickenpox/Chickenpox_MSLD_IMG_001399.jpg,224,224,3,JPEG,4671,6b9d0817290e50b77fed9d2e11a72f75f67b6ca9c9489dfc8e3d746fa38e91ec,b2a3c79c98d1ae46
Chickenpox_MSLD_IMG_001400,train,Chickenpox,Chickenpox_MSLD_IMG_001400.jpg,train/Chickenpox/Chickenpox_MSLD_IMG_001400.jpg,224,224,3,JPEG,6144,986a122a4f058a0e7a381aab06519a78a134c32fc702457c81bdc7adb8ef2d8b,d986c7ce30394a9d
Chickenpox_MSLD_IMG_001401,train,Chickenpox,Chickenpox_MSLD_IMG_001401.jpg,train/Chickenpox/Chickenpox_MSLD_IMG_001401.jpg,224,224,3,JPEG,7900,9feb10295f4b4c5c3a4db93f89c407e85fc9670f3619f4667689461d03ab6681,d5d285ee0cf83a91
Chickenpox_MSLD_IMG_001403,train,Chickenpox,Chickenpox_MSLD_IMG_001403.jpg,train/Chickenpox/Chickenpox_MSLD_IMG_001403.jpg,224,224,3,JPEG,4676,c1c1def5abf9a2ccf07453f2a9e75d85290fee2ad0848ff17eea4d17d6916958,d5af28c63212bd39
Chickenpox_MSLD_IMG_001404,train,Chickenpox,Chickenpox_MSLD_IMG_001404.jpg,train/Chickenpox/Chickenpox_MSLD_IMG_001404.jpg,224,224,3,JPEG,5166,98a891b6db522a4d16f10498330c678b3f72f03df4f1c6ce42c4f90edd9c9dff,9f0be58743431e3c
Chickenpox_MSLD_IMG_001405,train,Chickenpox,Chickenpox_MSLD_IMG_001405.jpg,train/Chickenpox/Chickenpox_MSLD_IMG_001405.jpg,224,224,3,JPEG,4586,9f88f78cc99d6f77c63a60a2b8503a354f7f6cbe9c5c958dbe295002053d1998,d53dc6c490d0175f
Chickenpox_MSLD_IMG_001406,train,Chickenpox,Chickenpox_MSLD_IMG_001406.jpg,train/Chickenpox/Chickenpox_MSLD_IMG_001406.jpg,224,224,3,JPEG,4996,da871496db306f01eeafe74a633facf911563be8d695db8aa634f3df085c1cbc,923dc91b478f3c38
Chickenpox_MSLD_IMG_001407,train,Chickenpox,Chickenpox_MSLD_IMG_001407.jpg,train/Chickenpox/Chickenpox_MSLD_IMG_001407.jpg,224,224,3,JPEG,4845,ff0e993586d11b0a51b9fba89653c0d7f5a8468d156f748f2061653ecd3b63a0,84d44fcb93d0d1f4
Chickenpox_MSLD_IMG_001408,train,Chickenpox,Chickenpox_MSLD_IMG_001408.jpg,train/Chickenpox/Chickenpox_MSLD_IMG_001408.jpg,224,224,3,JPEG,6459,66c2cc8edad4c47a3d8ee46a21408b8a1a393b33e93df3242ea7478d2d6704b5,8db903c5ceb678a8
Chickenpox_MSLD_IMG_001409,train,Chickenpox,Chickenpox_MSLD_IMG_001409.jpg,train/Chickenpox/Chickenpox_MSLD_IMG_001409.jpg,224,224,3,JPEG,7123,e283097bdf50bbcd703713d0d79aea60a1eae0c045eade3c5f171ddd670bf28f,b3b0cc4c31b3d2ce
Chickenpox_MSLD_IMG_001410,train,Chickenpox,Chickenpox_MSLD_IMG_001410.jpg,train/Chickenpox/Chickenpox_MSLD_IMG_001410.jpg,224,224,3,JPEG,5777,1236ac36bbb697c0c43783bec02b8f908112c79d34d1349e0a085dc51a8f4ecc,de5aa0f15716a2e8
Chickenpox_MSLD_IMG_001411,train,Chickenpox,Chickenpox_MSLD_IMG_001411.jpg,train/Chickenpox/Chickenpox_MSLD_IMG_001411.jpg,224,224,3,JPEG,5702,7f81c5679675425d2f4e9114583fe0762076037defd0bc4fa783d57764e61383,8452592676d99f65
Chickenpox_MSLD_IMG_001412,train,Chickenpox,Chickenpox_MSLD_IMG_001412.jpg,train/Chickenpox/Chickenpox_MSLD_IMG_001412.jpg,224,224,3,JPEG,5421,3cd351534d1f314a9c21b181030ea77396db6ead72c3b820a12fe2cf60490f98,dfa912a5018d1e3f
Chickenpox_MSLD_IMG_001413,train,Chickenpox,Chickenpox_MSLD_IMG_001413.jpg,train/Chickenpox/Chickenpox_MSLD_IMG_001413.jpg,224,224,3,JPEG,7972,08ffe5e1b85ddf6075f386afbbd5aa3ae2dfeaf129a7aaece44f0ded5d9af3b9,f81364bd3bca84c5
Chickenpox_MSLD_IMG_001414,train,Chickenpox,Chickenpox_MSLD_IMG_001414.jpg,train/Chickenpox/Chickenpox_MSLD_IMG_001414.jpg,224,224,3,JPEG,2846,d599b78e293bd02c666f4686bc801c41ad3c0ca0cfff150369cf718071b4475b,b9b735306638c64d
Chickenpox_MSLD_IMG_001420,train,Chickenpox,Chickenpox_MSLD_IMG_001420.jpg,train/Chickenpox/Chickenpox_MSLD_IMG_001420.jpg,224,224,3,JPEG,9375,6075dacc978aae55d00b1f606943e19856e1681a178d7929a3b15a2a11d7e579,830f2972c7b1f0f4
Chickenpox_MSLD_IMG_001421,train,Chickenpox,Chickenpox_MSLD_IMG_001421.jpg,train/Chickenpox/Chickenpox_MSLD_IMG_001421.jpg,224,224,3,JPEG,4571,038148fd259bfc6c1ebb777ebaf2d44b7a2abe418cad2d4a8f7aa1b9f94d03c4,b3904cc733dc0db3
Chickenpox_MSLD_IMG_001422,train,Chickenpox,Chickenpox_MSLD_IMG_001422.jpg,train/Chickenpox/Chickenpox_MSLD_IMG_001422.jpg,224,224,3,JPEG,4538,a3ca383d19ee96d70c5ce5d60b85bfeafbc0812bb9f70e7bb364167d7c2b0ca7,87b19fb0681f9866
Chickenpox_MSLD_IMG_001423,train,Chickenpox,Chickenpox_MSLD_IMG_001423.jpg,train/Chickenpox/Chickenpox_MSLD_IMG_001423.jpg,224,224,3,JPEG,5269,51f9113821bc527733aebde677ac390a85de0cccd385cb5b7286a919c7c0f14b,aa6b6bbcd590c491
Chickenpox_MSLD_IMG_001424,train,Chickenpox,Chickenpox_MSLD_IMG_001424.jpg,train/Chickenpox/Chickenpox_MSLD_IMG_001424.jpg,224,224,3,JPEG,5098,0bd7be8abae8f517d1f47a4a5348ce382378552978e4cebb566332b8838ffec0,847f3b51242f0b5e
Chickenpox_MSLD_IMG_001425,train,Chickenpox,Chickenpox_MSLD_IMG_001425.jpg,train/Chickenpox/Chickenpox_MSLD_IMG_001425.jpg,224,224,3,JPEG,5712,24f35a729448ea798ddeaf0941df8cdf7a84212cb8524d0b5509bfa6603e29dd,df9c71770ccd8888
Chickenpox_MSLD_IMG_001426,train,Chickenpox,Chickenpox_MSLD_IMG_001426.jpg,train/Chickenpox/Chickenpox_MSLD_IMG_001426.jpg,224,224,3,JPEG,6651,4aa4de70db66c2117b0410b4524e9bb4284ea6d9cec56b9b9e43f3f899abaa89,97442a5f01fe5555
Chickenpox_MSLD_IMG_001427,train,Chickenpox,Chickenpox_MSLD_IMG_001427.jpg,train/Chickenpox/Chickenpox_MSLD_IMG_001427.jpg,224,224,3,JPEG,7093,43016a6a80d7bfae97a86f6398d230e4dd4c12efe05b69942a52918e22d5f459,be1c1f6701a0fb0d
Chickenpox_MSLD_IMG_001428,train,Chickenpox,Chickenpox_MSLD_IMG_001428.jpg,train/Chickenpox/Chickenpox_MSLD_IMG_001428.jpg,224,224,3,JPEG,7856,0263d7ee4fa05834df4be905e77c62d72eb1829a4163013abc8be554a300737a,c80f1ff8c4bc3c46
Chickenpox_MSLD_IMG_001430,train,Chickenpox,Chickenpox_MSLD_IMG_001430.jpg,train/Chickenpox/Chickenpox_MSLD_IMG_001430.jpg,224,224,3,JPEG,4563,ff2bf5dfbf46fb88ac0e7b352a785c3162f64f51925dec92f7d928a25725ea5f,dd6e92f1a8f320e0
Chickenpox_MSLD_IMG_001431,train,Chickenpox,Chickenpox_MSLD_IMG_001431.jpg,train/Chickenpox/Chickenpox_MSLD_IMG_001431.jpg,224,224,3,JPEG,4400,9f1e96a21ecbc05a599792942c878d27d447a6f23889fdbecb90f9dfea7b8748,a3f025e3cbcc5839
Chickenpox_MSLD_IMG_001432,train,Chickenpox,Chickenpox_MSLD_IMG_001432.jpg,train/Chickenpox/Chickenpox_MSLD_IMG_001432.jpg,224,224,3,JPEG,4105,f086a5dca5d7d7fe1cfd59a91be7762be4f634864408201be3a0e92def5d6d3a,a8c33e1e1785ab4e
Chickenpox_MSLD_IMG_001434,train,Chickenpox,Chickenpox_MSLD_IMG_001434.jpg,train/Chickenpox/Chickenpox_MSLD_IMG_001434.jpg,224,224,3,JPEG,3983,1f79657471dc8ed8896c0673ecf543f4f95a42067afa06955ffcf987be757a6a,d4473303533d8f99
Chickenpox_MSLD_IMG_001436,train,Chickenpox,Chickenpox_MSLD_IMG_001436.jpg,train/Chickenpox/Chickenpox_MSLD_IMG_001436.jpg,224,224,3,JPEG,5616,9c157da19b48ac54e1d0f5f249f9a7f430fda15aff287547bd4967009a536f4b,a323155c1677a9d9
Chickenpox_MSLD_IMG_001437,train,Chickenpox,Chickenpox_MSLD_IMG_001437.jpg,train/Chickenpox/Chickenpox_MSLD_IMG_001437.jpg,224,224,3,JPEG,4368,ac3ca67038e605a6db9022242f92dd4468cb168aeeeef70c8167acfddf97a99a,918fccb3318cc6b3
Chickenpox_MSLD_IMG_001438,train,Chickenpox,Chickenpox_MSLD_IMG_001438.jpg,train/Chickenpox/Chickenpox_MSLD_IMG_001438.jpg,224,224,3,JPEG,3151,560f71b13a6d54fa3c46a8076386d6b34d18b153237b0efec635d361b467e355,b8c739e687b0c638
Chickenpox_MSLD_IMG_001439,train,Chickenpox,Chickenpox_MSLD_IMG_001439.jpg,train/Chickenpox/Chickenpox_MSLD_IMG_001439.jpg,224,224,3,JPEG,6639,720fcf6dbe8854947367397126c07a95c50fbe57dd964e3e05af45f4edede81b,cfab2d051d07072f
Chickenpox_MSLD_IMG_001926,train,Chickenpox,Chickenpox_MSLD_IMG_001926.jpg,train/Chickenpox/Chickenpox_MSLD_IMG_001926.jpg,224,224,3,JPEG,5410,af13d703d76e9818ef6d04248a097a584c7c93bfa1644ac5732f0692b84f93b4,d58c5be804dbdb24
Chickenpox_MSLD_IMG_001929,train,Chickenpox,Chickenpox_MSLD_IMG_001929.jpg,train/Chickenpox/Chickenpox_MSLD_IMG_001929.jpg,224,224,3,JPEG,7461,8b162779e2b01e2b82959addf4aa62fdf00262412148a4a26816fcf2e79a226f,90391a383d3e1f3e
Chickenpox_MSLD_IMG_001932,train,Chickenpox,Chickenpox_MSLD_IMG_001932.jpg,train/Chickenpox/Chickenpox_MSLD_IMG_001932.jpg,224,224,3,JPEG,4484,281d991c57b90dd22b06ac8722f762fa68e68b5a6180d7d74411be9e02e61f12,cc7e04f00f6e1ee8
Chickenpox_SBISWAS_IMG_000385,train,Chickenpox,Chickenpox_SBISWAS_IMG_000385.jpg,train/Chickenpox/Chickenpox_SBISWAS_IMG_000385.jpg,193,193,3,JPEG,12267,6b5c6cc842c669f75eaf8507c7c73dbb971e44c1f2fc8c30e4fc451f53372b9f,907a2f209fcf9592
Chickenpox_SBISWAS_IMG_000387,train,Chickenpox,Chickenpox_SBISWAS_IMG_000387.jpg,train/Chickenpox/Chickenpox_SBISWAS_IMG_000387.jpg,224,224,3,JPEG,12464,9bb36f8157c7d7e78199d7dc9381aed686aaca4cb5b1904881dd3cc07eb5ba0f,94f14675ee2b60f0
Chickenpox_SBISWAS_IMG_000388,train,Chickenpox,Chickenpox_SBISWAS_IMG_000388.jpg,train/Chickenpox/Chickenpox_SBISWAS_IMG_000388.jpg,257,257,3,JPEG,17961,46a0731a5ca183792c35daa65f972da95e98d242300c341d0573c917c8c09ad5,8fbb70346cd16cc1
Chickenpox_SBISWAS_IMG_000389,train,Chickenpox,Chickenpox_SBISWAS_IMG_000389.jpg,train/Chickenpox/Chickenpox_SBISWAS_IMG_000389.jpg,224,224,3,JPEG,13748,16cbcb995898a8257bb1922c2886877df24967fbff0b175fb2501d6db1fdac93,a9e9e56d45362634
Chickenpox_SBISWAS_IMG_000390,train,Chickenpox,Chickenpox_SBISWAS_IMG_000390.jpg,train/Chickenpox/Chickenpox_SBISWAS_IMG_000390.jpg,240,240,3,JPEG,17915,bb0eff402028f291e89abd05470632bc54a5b223ad2a5bf43d0eae919b5a8b5b,ccd393f2b6247c18
Chickenpox_SBISWAS_IMG_000391,train,Chickenpox,Chickenpox_SBISWAS_IMG_000391.jpg,train/Chickenpox/Chickenpox_SBISWAS_IMG_000391.jpg,217,217,3,JPEG,14284,b8151a915239fac1e0c4be8751d3722b338beacb8b38de008d894a6fd32ab43a,907a2f209fcf9592
Chickenpox_SBISWAS_IMG_000392,train,Chickenpox,Chickenpox_SBISWAS_IMG_000392.jpg,train/Chickenpox/Chickenpox_SBISWAS_IMG_000392.jpg,196,196,3,JPEG,12450,334ee397db5c372c494a0863bb69315b83db7f57ee884ba2566ed0a080a65b1b,907a2f209fcf9592
Chickenpox_SBISWAS_IMG_000393,train,Chickenpox,Chickenpox_SBISWAS_IMG_000393.jpg,train/Chickenpox/Chickenpox_SBISWAS_IMG_000393.jpg,224,224,3,JPEG,11602,245bb0ec72430597d2f423c678f5818fd5eaf5b65d6b8537769aa7434f5a5b17,8439667b954ab5cc
Chickenpox_SBISWAS_IMG_000394,train,Chickenpox,Chickenpox_SBISWAS_IMG_000394.jpg,train/Chickenpox/Chickenpox_SBISWAS_IMG_000394.jpg,230,230,3,JPEG,16688,2d8445d24fc19d19f72a633e487371f6e66070de52cb80c774b58b1f83e9bd1b,cbaa7d2cb5b0b0b0
Chickenpox_SBISWAS_IMG_000395,train,Chickenpox,Chickenpox_SBISWAS_IMG_000395.jpg,train/Chickenpox/Chickenpox_SBISWAS_IMG_000395.jpg,224,224,3,JPEG,12794,986bd06b686a8fc17730c3d7d280f588d48658365b3566e464a6542aa93db592,e07b61c76b17ab10
Chickenpox_SBISWAS_IMG_000396,train,Chickenpox,Chickenpox_SBISWAS_IMG_000396.jpg,train/Chickenpox/Chickenpox_SBISWAS_IMG_000396.jpg,224,224,3,JPEG,23353,9b8cb0d0cec159a8ac09863b1008d271b5fd2fce01783b680e8348d23818bbe6,94d72d756a68325a
Chickenpox_SBISWAS_IMG_000397,train,Chickenpox,Chickenpox_SBISWAS_IMG_000397.jpg,train/Chickenpox/Chickenpox_SBISWAS_IMG_000397.jpg,229,229,3,JPEG,12661,e9b089d4eb1ee60f06ac1650266c0ff7ae0a6d08b3f998ed877d8fdca625fe27,c9805f2a0d437fab
Chickenpox_SBISWAS_IMG_000398,train,Chickenpox,Chickenpox_SBISWAS_IMG_000398.jpg,train/Chickenpox/Chickenpox_SBISWAS_IMG_000398.jpg,224,224,3,JPEG,11697,582ac8bdb6a89fd7c782fb281595983adb27bfec6b6e30ad92b0f051ce7b8408,843d667b954ab5c4
Chickenpox_SBISWAS_IMG_000399,train,Chickenpox,Chickenpox_SBISWAS_IMG_000399.jpg,train/Chickenpox/Chickenpox_SBISWAS_IMG_000399.jpg,224,224,3,JPEG,12682,c26a870c3f967d371b4bbc3bd0ef69791e88445c2535ab92303867ede0faa271,8af9af5085cad0e3
Chickenpox_SBISWAS_IMG_000400,train,Chickenpox,Chickenpox_SBISWAS_IMG_000400.jpg,train/Chickenpox/Chickenpox_SBISWAS_IMG_000400.jpg,196,196,3,JPEG,15915,c24fa734e2eb0d6f6c98f1ddd6fb4aa934746e4a67948af68fe23b3d7d97d535,8fbb70346cd16cc1
Chickenpox_SBISWAS_IMG_000401,train,Chickenpox,Chickenpox_SBISWAS_IMG_000401.jpg,train/Chickenpox/Chickenpox_SBISWAS_IMG_000401.jpg,187,187,3,JPEG,10006,d48816f1b26ce50ad6a818b19bd7881e2928d61b04dd4f8b4c57b163d023b598,95d4565a2aa8cdd6
Chickenpox_SBISWAS_IMG_000403,train,Chickenpox,Chickenpox_SBISWAS_IMG_000403.jpg,train/Chickenpox/Chickenpox_SBISWAS_IMG_000403.jpg,189,189,3,JPEG,10131,e455cf64c1788b03a794958460ab4f590aa8be4556e5c30823eba80fb610beca,d10f0a4f0f0f0f2f
Chickenpox_SBISWAS_IMG_000404,train,Chickenpox,Chickenpox_SBISWAS_IMG_000404.jpg,train/Chickenpox/Chickenpox_SBISWAS_IMG_000404.jpg,224,224,3,JPEG,15262,4ed850ec1d95d42f5dee4270c23396d16d8e1306cbd73fc02245b70bbfe154d5,8fbb70346cd16cc1
Chickenpox_SBISWAS_IMG_000405,train,Chickenpox,Chickenpox_SBISWAS_IMG_000405.jpg,train/Chickenpox/Chickenpox_SBISWAS_IMG_000405.jpg,224,224,3,JPEG,11093,7c13a4778b9048c35475e07fc195ac1f3c7e94b4066b1cce67428300db75ff95,c30f6efc30101b7b
Chickenpox_SBISWAS_IMG_000406,train,Chickenpox,Chickenpox_SBISWAS_IMG_000406.jpg,train/Chickenpox/Chickenpox_SBISWAS_IMG_000406.jpg,215,215,3,JPEG,15994,6b97f8d2302745b95680c2c9f464e3800e3812ff8f8f9945a3ef5e83d81d4f83,d196aa17e5a250db
Chickenpox_SBISWAS_IMG_000407,train,Chickenpox,Chickenpox_SBISWAS_IMG_000407.jpg,train/Chickenpox/Chickenpox_SBISWAS_IMG_000407.jpg,224,224,3,JPEG,12553,e014d4c962c077511b8d83dfc032c8bf176bf23b95b968ba62c4656a71231f43,c9845f2a0d437f2b
Chickenpox_SBISWAS_IMG_000408,train,Chickenpox,Chickenpox_SBISWAS_IMG_000408.jpg,train/Chickenpox/Chickenpox_SBISWAS_IMG_000408.jpg,224,224,3,JPEG,17804,16435f3ca09331a3ff370886d0563e8c897e07333f2a957d6dc1d7144be4f9e2,f8a46406cedb5ab1
Chickenpox_SBISWAS_IMG_000409,train,Chickenpox,Chickenpox_SBISWAS_IMG_000409.jpg,train/Chickenpox/Chickenpox_SBISWAS_IMG_000409.jpg,189,189,3,JPEG,8574,7b831e158b92e16a27b458015cd6d407a70672ad61f076877606fe97cf270893,c30f6efc30101b7b
Chickenpox_SBISWAS_IMG_000410,train,Chickenpox,Chickenpox_SBISWAS_IMG_000410.jpg,train/Chickenpox/Chickenpox_SBISWAS_IMG_000410.jpg,239,239,3,JPEG,11588,f27d9bfc49cd26e76ae10b74e46e73d2aaa5f2bee23131d00043b958a0100cf6,95d78878c5057ed8
Chickenpox_SBISWAS_IMG_000411,train,Chickenpox,Chickenpox_SBISWAS_IMG_000411.jpg,train/Chickenpox/Chickenpox_SBISWAS_IMG_000411.jpg,179,179,3,JPEG,9202,6a84e238377aaf385ca42bce87d2939f45ea17609df066d1fd6f1382fc8730ed,95dc1b027b6a6be0
Chickenpox_SBISWAS_IMG_000413,train,Chickenpox,Chickenpox_SBISWAS_IMG_000413.jpg,train/Chickenpox/Chickenpox_SBISWAS_IMG_000413.jpg,247,247,3,JPEG,19431,f0d3bfcee453a5938f1a79af8439a99892ab3a930e67829d02f1ddf72ddfbae3,b8b46406cedb5ab1
Chickenpox_SBISWAS_IMG_000414,train,Chickenpox,Chickenpox_SBISWAS_IMG_000414.jpg,train/Chickenpox/Chickenpox_SBISWAS_IMG_000414.jpg,242,242,3,JPEG,21633,686b30017169f978d012489fa18cfb3edb4628afb0bd1d204ef0c97d45be3195,8fbb70b46cd06cd0
Chickenpox_SBISWAS_IMG_000415,train,Chickenpox,Chickenpox_SBISWAS_IMG_000415.jpg,train/Chickenpox/Chickenpox_SBISWAS_IMG_000415.jpg,187,187,3,JPEG,10590,6e185b6c949296f3ea849a0da7e6671ab91c5cb0f8e19ada6663b0b644a165ca,a9e9e56d45362634
Chickenpox_SBISWAS_IMG_000417,train,Chickenpox,Chickenpox_SBISWAS_IMG_000417.jpg,train/Chickenpox/Chickenpox_SBISWAS_IMG_000417.jpg,244,244,3,JPEG,21883,755db597f893e95ad45dc27a18ef7aa0c6256eccf8517c3408b3bfa22abfe757,9ab42a6aa56a95ec
Chickenpox_SBISWAS_IMG_000419,train,Chickenpox,Chickenpox_SBISWAS_IMG_000419.jpg,train/Chickenpox/Chickenpox_SBISWAS_IMG_000419.jpg,248,248,3,JPEG,19128,8c5c4cf4586616c1f9d5d3ab4352c8754fa171128fd7eb389a9424f5d1bfd8ac,ccd393f2b6247c18
Chickenpox_SBISWAS_IMG_000420,train,Chickenpox,Chickenpox_SBISWAS_IMG_000420.jpg,train/Chickenpox/Chickenpox_SBISWAS_IMG_000420.jpg,203,203,3,JPEG,8045,92abc46f8b58eb489aae83aca964fd404ced1992227756689803dcd046fdea97,8e86b81ed03e0f3b
Chickenpox_SBISWAS_IMG_000421,train,Chickenpox,Chickenpox_SBISWAS_IMG_000421.jpg,train/Chickenpox/Chickenpox_SBISWAS_IMG_000421.jpg,224,224,3,JPEG,13778,90aa1865a81b717cce10a2e48a8d8334f3789cab4e7e8fa0847b76d7079766cc,e087f7fad0c00f07
Chickenpox_SBISWAS_IMG_000422,train,Chickenpox,Chickenpox_SBISWAS_IMG_000422.jpg,train/Chickenpox/Chickenpox_SBISWAS_IMG_000422.jpg,226,226,3,JPEG,16244,3f3f1baafb439f044eefaec6655923b74c469635655df9cfdc9aa189fb604141,9ea77493cd01c0f6
Chickenpox_SBISWAS_IMG_000423,train,Chickenpox,Chickenpox_SBISWAS_IMG_000423.jpg,train/Chickenpox/Chickenpox_SBISWAS_IMG_000423.jpg,224,224,3,JPEG,16499,bea7473f0f4f2e0a277944e4ff93d769921cc9ecd9df7a427f0c187955be813f,9ea77493cd01c0f6
Chickenpox_SBISWAS_IMG_000424,train,Chickenpox,Chickenpox_SBISWAS_IMG_000424.jpg,train/Chickenpox/Chickenpox_SBISWAS_IMG_000424.jpg,197,197,3,JPEG,13585,2ab4695a62eefbb3e03d41e5c57b489178134765165812864a01cf1fb17a4d1c,9ab42a6aa56a95ec
Chickenpox_SBISWAS_IMG_000426,train,Chickenpox,Chickenpox_SBISWAS_IMG_000426.jpg,train/Chickenpox/Chickenpox_SBISWAS_IMG_000426.jpg,194,194,3,JPEG,12893,27a4c951bdf2b158ba196ab6cdaa513ece3a932d4ceb63d1e8a2960ce74a92cd,9ea77493cd01c0f6
Chickenpox_SBISWAS_IMG_000427,train,Chickenpox,Chickenpox_SBISWAS_IMG_000427.jpg,train/Chickenpox/Chickenpox_SBISWAS_IMG_000427.jpg,244,244,3,JPEG,18824,638e779dafff0a5df9a8f68d1a804494ec71201f3722d5248bb373130164766d,ad874b2ad6ca2d34
Chickenpox_SBISWAS_IMG_000428,train,Chickenpox,Chickenpox_SBISWAS_IMG_000428.jpg,train/Chickenpox/Chickenpox_SBISWAS_IMG_000428.jpg,214,214,3,JPEG,11738,f2251b42f9eab2f673e001b4f76b3a60419754d0255d28f7a65355024cdadc8b,d5c554d5364a378a
Chickenpox_SBISWAS_IMG_000431,train,Chickenpox,Chickenpox_SBISWAS_IMG_000431.jpg,train/Chickenpox/Chickenpox_SBISWAS_IMG_000431.jpg,224,224,3,JPEG,18039,818666f374a1e1fbc036ab1db7c4da3dd4163d077f4580982f020538ded6e1a6,d196aa17e5a250db
Chickenpox_SBISWAS_IMG_000432,train,Chickenpox,Chickenpox_SBISWAS_IMG_000432.jpg,train/Chickenpox/Chickenpox_SBISWAS_IMG_000432.jpg,224,224,3,JPEG,28248,22562d0230a89ed0a07ba3b2e4ae921eb93710c0cd0670365f06aad50237815c,d196aa17e5a250db
Chickenpox_SBISWAS_IMG_000434,train,Chickenpox,Chickenpox_SBISWAS_IMG_000434.jpg,train/Chickenpox/Chickenpox_SBISWAS_IMG_000434.jpg,263,263,3,JPEG,16673,35adf13f076082da449934edb0d752c70a94ae163053d6dc88b16a82c5f932ae,e07f61c76b15bb00
Chickenpox_SBISWAS_IMG_000435,train,Chickenpox,Chickenpox_SBISWAS_IMG_000435.jpg,train/Chickenpox/Chickenpox_SBISWAS_IMG_000435.jpg,224,224,3,JPEG,8903,cb827173b5b4865fa3ba2c8e86edc43e853f536ec3d37760c1788715368fc621,e8f625c2b52894fc
Chickenpox_SBISWAS_IMG_000436,train,Chickenpox,Chickenpox_SBISWAS_IMG_000436.jpg,train/Chickenpox/Chickenpox_SBISWAS_IMG_000436.jpg,224,224,3,JPEG,11757,3321a9655c7541535f640cbf5ddbc9ea7ef9c9760fd3d1fcd538ff11e09b8bc7,8bca72a5751475a5
Chickenpox_SBISWAS_IMG_000437,train,Chickenpox,Chickenpox_SBISWAS_IMG_000437.jpg,train/Chickenpox/Chickenpox_SBISWAS_IMG_000437.jpg,240,240,3,JPEG,21010,c3c39ad228fdfdd7330d39eedc581f070b38eb25bf4d1aa3f003aa78d006ba3a,cbaa7d2ca5b4b0b0
Chickenpox_SBISWAS_IMG_000438,train,Chickenpox,Chickenpox_SBISWAS_IMG_000438.jpg,train/Chickenpox/Chickenpox_SBISWAS_IMG_000438.jpg,219,219,3,JPEG,11964,d868c2e92da72334f9f11c78b21cf275e9781959d3dcddab8d944993515ddf5f,c9805f2a0d437fab
Chickenpox_SBISWAS_IMG_000439,train,Chickenpox,Chickenpox_SBISWAS_IMG_000439.jpg,train/Chickenpox/Chickenpox_SBISWAS_IMG_000439.jpg,191,191,3,JPEG,9716,466d646f349f39c6fd26a3f8585434807677fde04dcd0f0baacc87894183784e,c9805f2a0d437fab
Chickenpox_SBISWAS_IMG_000441,train,Chickenpox,Chickenpox_SBISWAS_IMG_000441.jpg,train/Chickenpox/Chickenpox_SBISWAS_IMG_000441.jpg,255,255,3,JPEG,16859,6dfb6d0a224b801b8a18b16749cee7cc4024501624a8d16b057900fc33ead464,8fbb70b46cd06cd0
Chickenpox_SBISWAS_IMG_000442,train,Chickenpox,Chickenpox_SBISWAS_IMG_000442.jpg,train/Chickenpox/Chickenpox_SBISWAS_IMG_000442.jpg,187,187,3,JPEG,13064,e78f693aa775053f89ee7811af3fe48ed31eb5916292752b5f971dcf8fc3ca40,ad874b2ad6ca2d34
Chickenpox_SBISWAS_IMG_000443,train,Chickenpox,Chickenpox_SBISWAS_IMG_000443.jpg,train/Chickenpox/Chickenpox_SBISWAS_IMG_000443.jpg,264,264,3,JPEG,13119,3e6b0db828a7226be2706aa8b081e686faa84f0bb1589185f6a89f94efba6aa8,c30f6efc30101b7b
Chickenpox_SBISWAS_IMG_000444,train,Chickenpox,Chickenpox_SBISWAS_IMG_000444.jpg,train/Chickenpox/Chickenpox_SBISWAS_IMG_000444.jpg,241,241,3,JPEG,15190,40e743794afde8915e01c2f2a0ac996408407c1bd76e010e41b96f3fbcc8cff4,e07f61c76b15bb00
Chickenpox_SBISWAS_IMG_000445,train,Chickenpox,Chickenpox_SBISWAS_IMG_000445.jpg,train/Chickenpox/Chickenpox_SBISWAS_IMG_000445.jpg,203,203,3,JPEG,14171,3c69248a2156cccf0f2e67129aa036910055d6a73d2b0d6f4a7d82359c8338cc,9ab42a6aa56a95ec
Chickenpox_SBISWAS_IMG_000446,train,Chickenpox,Chickenpox_SBISWAS_IMG_000446.jpg,train/Chickenpox/Chickenpox_SBISWAS_IMG_000446.jpg,226,226,3,JPEG,15303,0ce496f2979549a0615f919658877d0dd04329e59b92e76b6014b484f818073e,8fbb70346cd16cc1
Chickenpox_SBISWAS_IMG_000447,train,Chickenpox,Chickenpox_SBISWAS_IMG_000447.jpg,train/Chickenpox/Chickenpox_SBISWAS_IMG_000447.jpg,224,224,3,JPEG,16879,c9f513236ece725e77901cac09ae57c8d0861195dc7000e3154d84ed87ea97fc,cbaa7d2cb5b0b0b0
Chickenpox_SBISWAS_IMG_000448,train,Chickenpox,Chickenpox_SBISWAS_IMG_000448.jpg,train/Chickenpox/Chickenpox_SBISWAS_IMG_000448.jpg,224,224,3,JPEG,12477,4611620cfe7a31e2c6ca1fdc2f813a103fea7782b91239e67bea56541fa253ae,95d05b026b6b6be1
Chickenpox_SBISWAS_IMG_000449,train,Chickenpox,Chickenpox_SBISWAS_IMG_000449.jpg,train/Chickenpox/Chickenpox_SBISWAS_IMG_000449.jpg,260,260,3,JPEG,15578,68bb05890850c074ef37a531ace1d5e99960e44c18183208d6b38da3f255c048,8439667b954ab5cc
Chickenpox_SBISWAS_IMG_000450,train,Chickenpox,Chickenpox_SBISWAS_IMG_000450.jpg,train/Chickenpox/Chickenpox_SBISWAS_IMG_000450.jpg,263,263,3,JPEG,15070,f6e7d3ee0bec6cac15a1a0e32d308abddf698153718969a5a29f3ffe463198a2,95d4565a2aa8cdd6
Chickenpox_SBISWAS_IMG_000451,train,Chickenpox,Chickenpox_SBISWAS_IMG_000451.jpg,train/Chickenpox/Chickenpox_SBISWAS_IMG_000451.jpg,224,224,3,JPEG,13057,3a4bec201bce3f6c17250131e617a7fde0ff56d5d10f23a3474ff0ae1bcacdea,d10f0a4f0f0f0f2f
Chickenpox_SBISWAS_IMG_000452,train,Chickenpox,Chickenpox_SBISWAS_IMG_000452.jpg,train/Chickenpox/Chickenpox_SBISWAS_IMG_000452.jpg,233,233,3,JPEG,25896,7f20cb31b743b62ad77102d62882d53d5b94a848e0dab8d703920aef4fef1b36,d196aa17e5a250db
Chickenpox_SBISWAS_IMG_000453,train,Chickenpox,Chickenpox_SBISWAS_IMG_000453.jpg,train/Chickenpox/Chickenpox_SBISWAS_IMG_000453.jpg,235,235,3,JPEG,13023,9e3dae8fe4caf4a1be24a332ad189b4a3962b63f8ac9fa2946bbd4b2129f9ed2,94f14675ee2b60f0
Chickenpox_SBISWAS_IMG_000454,train,Chickenpox,Chickenpox_SBISWAS_IMG_000454.jpg,train/Chickenpox/Chickenpox_SBISWAS_IMG_000454.jpg,224,224,3,JPEG,20349,7f4dda6456cea31963d3a3270b015e322dcd3b497c9315fa0486c2934db97334,9ea37493cd01c0fe
Chickenpox_SBISWAS_IMG_000455,train,Chickenpox,Chickenpox_SBISWAS_IMG_000455.jpg,train/Chickenpox/Chickenpox_SBISWAS_IMG_000455.jpg,267,267,3,JPEG,22764,d6b9cb2b105f456adf2d7b852717097a8518e2468afa0f43788b340f5bc3f3c6,d196aa97e5a250d3
Chickenpox_SBISWAS_IMG_000456,train,Chickenpox,Chickenpox_SBISWAS_IMG_000456.jpg,train/Chickenpox/Chickenpox_SBISWAS_IMG_000456.jpg,224,224,3,JPEG,20175,3e433d84c9471919714495eb80669938cb8ccac42d46cab4c5e9bb88348c6d15,aaf04970696aadea
Chickenpox_SBISWAS_IMG_000457,train,Chickenpox,Chickenpox_SBISWAS_IMG_000457.jpg,train/Chickenpox/Chickenpox_SBISWAS_IMG_000457.jpg,224,224,3,JPEG,8926,67be1a15328eb39b7bf9192c8f6419186bb6e0bdb6e493ec6af45c75b9c08890,e8f625c2b52894fc
Chickenpox_SBISWAS_IMG_000458,train,Chickenpox,Chickenpox_SBISWAS_IMG_000458.jpg,train/Chickenpox/Chickenpox_SBISWAS_IMG_000458.jpg,224,224,3,JPEG,12859,47e3bcec44080c375736d2b2b1442f630045cf6d4125ac1bf27739d2ef4600ff,efa061a5e587a594
Chickenpox_SBISWAS_IMG_000460,train,Chickenpox,Chickenpox_SBISWAS_IMG_000460.jpg,train/Chickenpox/Chickenpox_SBISWAS_IMG_000460.jpg,224,224,3,JPEG,22364,addf0514cd127e777d221f824f320bb04cfe696efddf09845a5129698b3b1c63,9ab42a6aa56a95ec
Chickenpox_SBISWAS_IMG_000462,train,Chickenpox,Chickenpox_SBISWAS_IMG_000462.jpg,train/Chickenpox/Chickenpox_SBISWAS_IMG_000462.jpg,257,257,3,JPEG,18801,558f1f969197ed12bbeaeaf5fd8b27705fc653c4cd187d024bea724799642db1,9ea77493cd01c0f6
Chickenpox_SBISWAS_IMG_000463,train,Chickenpox,Chickenpox_SBISWAS_IMG_000463.jpg,train/Chickenpox/Chickenpox_SBISWAS_IMG_000463.jpg,211,211,3,JPEG,19051,8fe7bc9e5b26df65ae35aa786c96744f3fece7e22a9c9f9761f3b99318601fd4,94d72d756a68325a
Chickenpox_SBISWAS_IMG_000464,train,Chickenpox,Chickenpox_SBISWAS_IMG_000464.jpg,train/Chickenpox/Chickenpox_SBISWAS_IMG_000464.jpg,224,224,3,JPEG,19909,07dfe2b182841ca4504125d1ddfad7eba862a722934187a3ff87caa7e6336486,96298a05fa55d47d
Chickenpox_SBISWAS_IMG_000466,train,Chickenpox,Chickenpox_SBISWAS_IMG_000466.jpg,train/Chickenpox/Chickenpox_SBISWAS_IMG_000466.jpg,212,212,3,JPEG,10733,90a091114af3d08b1c38fc887e8e0c3d3f0daf8c8b2fb0ca9185d1ddee72035f,94f14675ea2f60f0
Chickenpox_SBISWAS_IMG_000468,train,Chickenpox,Chickenpox_SBISWAS_IMG_000468.jpg,train/Chickenpox/Chickenpox_SBISWAS_IMG_000468.jpg,224,224,3,JPEG,13416,a81956671e6727c993494a6be043942c2b1b78d1cb172683a597dd1a330b16e9,d10f0a4f0f0f0f2f
Chickenpox_SBISWAS_IMG_000469,train,Chickenpox,Chickenpox_SBISWAS_IMG_000469.jpg,train/Chickenpox/Chickenpox_SBISWAS_IMG_000469.jpg,263,263,3,JPEG,19724,313e70e0bff1f2fbc2f3b885b520af8eafaeabf29c03265e262149cff8d1bae6,d50b0a4f0f0f0f2f
Chickenpox_SBISWAS_IMG_000470,train,Chickenpox,Chickenpox_SBISWAS_IMG_000470.jpg,train/Chickenpox/Chickenpox_SBISWAS_IMG_000470.jpg,224,224,3,JPEG,13484,7bc7c60efb505cb5cf03c2afe9d08420e07c3276a8b967e62ac7f1db08184bab,8af9af5085cad0e3
Chickenpox_SBISWAS_IMG_000471,train,Chickenpox,Chickenpox_SBISWAS_IMG_000471.jpg,train/Chickenpox/Chickenpox_SBISWAS_IMG_000471.jpg,251,251,3,JPEG,18871,4e272ea97784e911cb377967b35639fe3ef575a73810f67740840b97eb00316c,8ac2b64bbe4a92ae
Chickenpox_SBISWAS_IMG_000472,train,Chickenpox,Chickenpox_SBISWAS_IMG_000472.jpg,train/Chickenpox/Chickenpox_SBISWAS_IMG_000472.jpg,231,231,3,JPEG,15354,cb6af3be297d11e748e812a636eaca22c670e53206d8e76ee53598f2fc69d039,8fbb70346cd16cc1
Chickenpox_SBISWAS_IMG_000473,train,Chickenpox,Chickenpox_SBISWAS_IMG_000473.jpg,train/Chickenpox/Chickenpox_SBISWAS_IMG_000473.jpg,224,224,3,JPEG,16513,8cc77b75c7c4a34c2481d2835ec1f2a1b7e2f53ccd42912d00eb5f05fda88277,e087f7fef0c00703
Chickenpox_SBISWAS_IMG_000474,train,Chickenpox,Chickenpox_SBISWAS_IMG_000474.jpg,train/Chickenpox/Chickenpox_SBISWAS_IMG_000474.jpg,229,229,3,JPEG,18815,995776f1f75a70a35feeb40771b33bb1c349e9ad1b9d2c23866624e8a97dfdcd,9ea77493cd01c0f6
Chickenpox_SBISWAS_IMG_000475,train,Chickenpox,Chickenpox_SBISWAS_IMG_000475.jpg,train/Chickenpox/Chickenpox_SBISWAS_IMG_000475.jpg,242,242,3,JPEG,15434,d1c8ba0890d46a724a4e74c04dbcbcb5f430401483883dda737809fc59d2f051,a530aed192cb8af9
Chickenpox_SBISWAS_IMG_000476,train,Chickenpox,Chickenpox_SBISWAS_IMG_000476.jpg,train/Chickenpox/Chickenpox_SBISWAS_IMG_000476.jpg,224,224,3,JPEG,17414,0d67a980bd03d44e7cd05d5b1712b4b6d2b1a38d256b1e739fa31f5d6594bda8,be017c7fc878aa44
Chickenpox_SBISWAS_IMG_000477,train,Chickenpox,Chickenpox_SBISWAS_IMG_000477.jpg,train/Chickenpox/Chickenpox_SBISWAS_IMG_000477.jpg,210,210,3,JPEG,8371,05b0e090adee71a16a8b0cac83b2f8e00ecfc7b9f6c46b48464916fec0503205,8e86b81ed03e0f3b
Chickenpox_SBISWAS_IMG_000478,train,Chickenpox,Chickenpox_SBISWAS_IMG_000478.jpg,train/Chickenpox/Chickenpox_SBISWAS_IMG_000478.jpg,224,224,3,JPEG,22305,852ce1b9bd3a85ec26153b9c40087c566a89099212bb87a6256b71aff34d5e7d,907a2f209fcf9592
Chickenpox_SBISWAS_IMG_000479,train,Chickenpox,Chickenpox_SBISWAS_IMG_000479.jpg,train/Chickenpox/Chickenpox_SBISWAS_IMG_000479.jpg,240,240,3,JPEG,14150,c982b78a90a7276f12de59853fd0be5e83523fd0c73c2cae8a66b0ebd3be7686,a9e9e56d45362634
Chickenpox_SBISWAS_IMG_000480,train,Chickenpox,Chickenpox_SBISWAS_IMG_000480.jpg,train/Chickenpox/Chickenpox_SBISWAS_IMG_000480.jpg,266,266,3,JPEG,15498,c153d3f444b6b525c1fedf0ebd4857224e3cd20217734671977b35d0874b53a0,95d05b026b6b6be1
Chickenpox_SBISWAS_IMG_000481,train,Chickenpox,Chickenpox_SBISWAS_IMG_000481.jpg,train/Chickenpox/Chickenpox_SBISWAS_IMG_000481.jpg,224,224,3,JPEG,12446,950fbfb94a67c6e6bbd83db080084fddc88419e2bac329067d8239d632174076,943a4ab53b952aea
Chickenpox_SBISWAS_IMG_000482,train,Chickenpox,Chickenpox_SBISWAS_IMG_000482.jpg,train/Chickenpox/Chickenpox_SBISWAS_IMG_000482.jpg,265,265,3,JPEG,21578,137edecf43d56b30364bc4e523d55fa6071d59aad61f08db77c8569cdd60daf1,d196aa17e5a250db
Chickenpox_SBISWAS_IMG_000483,train,Chickenpox,Chickenpox_SBISWAS_IMG_000483.jpg,train/Chickenpox/Chickenpox_SBISWAS_IMG_000483.jpg,224,224,3,JPEG,12947,33427dd25d1a1e1e0a85581a3e29db155c2dab04d5c73fb22e087812da1d98fc,d5c554d5364a378a
Chickenpox_SBISWAS_IMG_000484,train,Chickenpox,Chickenpox_SBISWAS_IMG_000484.jpg,train/Chickenpox/Chickenpox_SBISWAS_IMG_000484.jpg,224,224,3,JPEG,17959,4047a01e1f17c742ce1b507510d58589b1ceb92faea35c95dcb554aca3ed52a4,ad874b2ad6ca2d34
Chickenpox_SBISWAS_IMG_000485,train,Chickenpox,Chickenpox_SBISWAS_IMG_000485.jpg,train/Chickenpox/Chickenpox_SBISWAS_IMG_000485.jpg,193,193,3,JPEG,13087,029831b27145000e9ba344d5f5e6abc7640eeea515799f545252007d5c1b157b,d10f0a4f0f0f0f2f
Chickenpox_SBISWAS_IMG_000486,train,Chickenpox,Chickenpox_SBISWAS_IMG_000486.jpg,train/Chickenpox/Chickenpox_SBISWAS_IMG_000486.jpg,179,179,3,JPEG,12567,b77fb239e09782fa07e943b8c568c1cb2e3ecdb17f211abfc3fc503f7f498914,b8b46406cedb5ab1
Chickenpox_SBISWAS_IMG_000487,train,Chickenpox,Chickenpox_SBISWAS_IMG_000487.jpg,train/Chickenpox/Chickenpox_SBISWAS_IMG_000487.jpg,197,197,3,JPEG,13555,e5c150f64e3d9a29b0da886017f8dda1736ac4ee99f490bb588ae8bc6cfca37c,ad874b2ad6ca2d34
Chickenpox_SBISWAS_IMG_000488,train,Chickenpox,Chickenpox_SBISWAS_IMG_000488.jpg,train/Chickenpox/Chickenpox_SBISWAS_IMG_000488.jpg,249,249,3,JPEG,15129,eb2b2cbf519cb21eda22a0fb872c3fef69753f7943f86855a97e2120344db20a,84396e7b954ab5c4
Chickenpox_SBISWAS_IMG_000489,train,Chickenpox,Chickenpox_SBISWAS_IMG_000489.jpg,train/Chickenpox/Chickenpox_SBISWAS_IMG_000489.jpg,224,224,3,JPEG,11215,b8e87b84ca93f6a116f7fa92b954c797a4e7a7598381d6c09ff4984a9d4c7f73,95d4565a2aa8cdd6
Chickenpox_SBISWAS_IMG_000490,train,Chickenpox,Chickenpox_SBISWAS_IMG_000490.jpg,train/Chickenpox/Chickenpox_SBISWAS_IMG_000490.jpg,183,183,3,JPEG,12928,62eb85629ebd0b84b14e088abfb6b1669a89cae4ab7e7100c889a160b836473d,9ea37493cd01c0fe
Chickenpox_SBISWAS_IMG_000491,train,Chickenpox,Chickenpox_SBISWAS_IMG_000491.jpg,train/Chickenpox/Chickenpox_SBISWAS_IMG_000491.jpg,205,205,3,JPEG,16245,a528bff15279bd136c4ddd151115cec6bdf31826692dd591734f2f4c648a6cb7,aaf04978496aadea
Chickenpox_SBISWAS_IMG_000492,train,Chickenpox,Chickenpox_SBISWAS_IMG_000492.jpg,train/Chickenpox/Chickenpox_SBISWAS_IMG_000492.jpg,212,212,3,JPEG,15249,f8ee30515b92bcc7ccc689e21fc0b6e8916fc0904a3816d24379f6a9a08b0530,8ac2b64bbe4a92ae
Chickenpox_SBISWAS_IMG_000494,train,Chickenpox,Chickenpox_SBISWAS_IMG_000494.jpg,train/Chickenpox/Chickenpox_SBISWAS_IMG_000494.jpg,210,210,3,JPEG,22435,3317afe93df9f9a58ebfa26fa7f0599ed5c58a8c1792e4070ce7eb7c3712c94e,d196aa17e5a250db
Chickenpox_SBISWAS_IMG_000496,train,Chickenpox,Chickenpox_SBISWAS_IMG_000496.jpg,train/Chickenpox/Chickenpox_SBISWAS_IMG_000496.jpg,222,222,3,JPEG,18794,4bffa31d85b37c213b9dfa2358803ebcdf180644f1e6dee3dd8d78770f285ca0,9ab42a6aa56a95ec
Chickenpox_SBISWAS_IMG_000497,train,Chickenpox,Chickenpox_SBISWAS_IMG_000497.jpg,train/Chickenpox/Chickenpox_SBISWAS_IMG_000497.jpg,180,180,3,JPEG,9649,bdc5df6a79758ea715a20f0619f4a7fbecc9ec1b1d43876bae7e2610f2aa9216,8439667b954ab5cc
Chickenpox_SBISWAS_IMG_000499,train,Chickenpox,Chickenpox_SBISWAS_IMG_000499.jpg,train/Chickenpox/Chickenpox_SBISWAS_IMG_000499.jpg,224,224,3,JPEG,15187,ac0026efd96fb552519d10c674ea6137bfe970b46e31f37d9afd6692d0c42723,907a2f209fcf9592
Chickenpox_SBISWAS_IMG_000500,train,Chickenpox,Chickenpox_SBISWAS_IMG_000500.jpg,train/Chickenpox/Chickenpox_SBISWAS_IMG_000500.jpg,224,224,3,JPEG,18538,0cb32cbcd5d315ee98b56dbfc0ec9f37371a77e037b09627d499cda30b94231f,d5c554d5364a768a
Chickenpox_SBISWAS_IMG_000501,train,Chickenpox,Chickenpox_SBISWAS_IMG_000501.jpg,train/Chickenpox/Chickenpox_SBISWAS_IMG_000501.jpg,232,232,3,JPEG,17303,81720ee11389bb240b83aae9124906bb1fa1068d1bd25f94c0fb0696b14581cf,ccd393f2b6247c18
Chickenpox_SBISWAS_IMG_000502,train,Chickenpox,Chickenpox_SBISWAS_IMG_000502.jpg,train/Chickenpox/Chickenpox_SBISWAS_IMG_000502.jpg,233,233,3,JPEG,17790,9d6bd185046dba6ecdd030c2693605232046967a3b3267effadc1f4700c6041e,987bb492db2d4b50
Chickenpox_SBISWAS_IMG_000504,train,Chickenpox,Chickenpox_SBISWAS_IMG_000504.jpg,train/Chickenpox/Chickenpox_SBISWAS_IMG_000504.jpg,213,213,3,JPEG,12415,ed48cbe7d33dcf307b4d53cdf761dbc6e99b273fa662d6589bfd7aac64003c0b,a9e9e56d45362634
Chickenpox_SBISWAS_IMG_000505,train,Chickenpox,Chickenpox_SBISWAS_IMG_000505.jpg,train/Chickenpox/Chickenpox_SBISWAS_IMG_000505.jpg,224,224,3,JPEG,17513,2e0156371be96aade4b78aa28c328a5b0e5979527b98598333f43c4fb7bf742c,8ac2b64bbe4a92ae
Chickenpox_SBISWAS_IMG_000507,train,Chickenpox,Chickenpox_SBISWAS_IMG_000507.jpg,train/Chickenpox/Chickenpox_SBISWAS_IMG_000507.jpg,224,224,3,JPEG,11232,07376c07e835ea1d53020237be5b20f2a893cb1846025a992b1aa21b398e00b9,e9a412ac73336637
Chickenpox_SBISWAS_IMG_000508,train,Chickenpox,Chickenpox_SBISWAS_IMG_000508.jpg,train/Chickenpox/Chickenpox_SBISWAS_IMG_000508.jpg,224,224,3,JPEG,12563,c02c89d8b007437051bb14ded6a1492eb45e510f91687b805d9059d178984e69,943a4ab53b952aea
Chickenpox_SBISWAS_IMG_000509,train,Chickenpox,Chickenpox_SBISWAS_IMG_000509.jpg,train/Chickenpox/Chickenpox_SBISWAS_IMG_000509.jpg,203,203,3,JPEG,11628,de57aea21d00cd0a134690f42d190bb2fd18e9c35d48ec62631e7035346b1b8b,a9e9e56d45362634
Chickenpox_SBISWAS_IMG_000510,train,Chickenpox,Chickenpox_SBISWAS_IMG_000510.jpg,train/Chickenpox/Chickenpox_SBISWAS_IMG_000510.jpg,181,181,3,JPEG,9599,1d71de87d47ac1e6d92f58a05c88fecc46625d9f32c9b7a0f0dc7787606d5c11,d10f0a4f0f0f0f2f
Chickenpox_SBISWAS_IMG_000511,train,Chickenpox,Chickenpox_SBISWAS_IMG_000511.jpg,train/Chickenpox/Chickenpox_SBISWAS_IMG_000511.jpg,224,224,3,JPEG,12544,34ba2a9b40c90f3fdf8b15e99afd5c65721de456a8e0cc610d13ee4492d5798f,94f14675ee2b60f0
Chickenpox_SBISWAS_IMG_000512,train,Chickenpox,Chickenpox_SBISWAS_IMG_000512.jpg,train/Chickenpox/Chickenpox_SBISWAS_IMG_000512.jpg,192,192,3,JPEG,12992,663aa394c108f3a2dc50ce47114d6d75d6623b7f6a8c0150b024dc59272d519c,d5c554d5364a768a
Chickenpox_SBISWAS_IMG_000513,train,Chickenpox,Chickenpox_SBISWAS_IMG_000513.jpg,train/Chickenpox/Chickenpox_SBISWAS_IMG_000513.jpg,224,224,3,JPEG,12662,c03cdf9fa25ac367c60365d562e0581a6327b00f4880fb7c8ea7add638057a53,e07f61c76b15bb00
Chickenpox_SBISWAS_IMG_000514,train,Chickenpox,Chickenpox_SBISWAS_IMG_000514.jpg,train/Chickenpox/Chickenpox_SBISWAS_IMG_000514.jpg,224,224,3,JPEG,16652,be5276f978bbe6e63f7611298646fe84ad43e57daa522f322488e1cabd4bca5e,9af42a6aa56895ec
Chickenpox_SBISWAS_IMG_000515,train,Chickenpox,Chickenpox_SBISWAS_IMG_000515.jpg,train/Chickenpox/Chickenpox_SBISWAS_IMG_000515.jpg,214,214,3,JPEG,12284,1f45cfe93c59395b789aafa5543e7c8961d3cd3216ada06d70088618443ecb32,8bca72a5751475a5
Chickenpox_SBISWAS_IMG_000516,train,Chickenpox,Chickenpox_SBISWAS_IMG_000516.jpg,train/Chickenpox/Chickenpox_SBISWAS_IMG_000516.jpg,235,235,3,JPEG,13084,663c626e3f217b8795084b6438f4af747dd7919821845c2c08e0c627933884d5,943a4ab53b952aea
Chickenpox_SBISWAS_IMG_000517,train,Chickenpox,Chickenpox_SBISWAS_IMG_000517.jpg,train/Chickenpox/Chickenpox_SBISWAS_IMG_000517.jpg,233,233,3,JPEG,9594,72dc05c76efc873f058088227f1e03f15545809270e24b20ef36a9cf95c9c9fd,e8f625c2b52894fc
Chickenpox_SBISWAS_IMG_000518,train,Chickenpox,Chickenpox_SBISWAS_IMG_000518.jpg,train/Chickenpox/Chickenpox_SBISWAS_IMG_000518.jpg,224,224,3,JPEG,12667,c7a4f303b8aaa56dc43ac8171532096d383c3763c3b90122b6141437f9375fcb,c9805f2a0d437fab
Chickenpox_SBISWAS_IMG_000519,train,Chickenpox,Chickenpox_SBISWAS_IMG_000519.jpg,train/Chickenpox/Chickenpox_SBISWAS_IMG_000519.jpg,224,224,3,JPEG,18634,2a0750a86149c5ccf4cb4e5c345ebe1480a6b0eb6427aba58d57bf2ee096ba0e,b8b46406cedb5ab1
Chickenpox_SBISWAS_IMG_000520,train,Chickenpox,Chickenpox_SBISWAS_IMG_000520.jpg,train/Chickenpox/Chickenpox_SBISWAS_IMG_000520.jpg,234,234,3,JPEG,13120,c7d30762e48224455902fd4bba12a35f3a8ce78b6ac43d6367a7d06b257e229a,943a4ab57b912aea
Chickenpox_SBISWAS_IMG_000522,train,Chickenpox,Chickenpox_SBISWAS_IMG_000522.jpg,train/Chickenpox/Chickenpox_SBISWAS_IMG_000522.jpg,223,223,3,JPEG,11729,63ddec59aa96b510921dfce36be0e903f1246d080930a9179d599d7cf629e1f9,803d667b954ab5cc
Chickenpox_SBISWAS_IMG_000523,train,Chickenpox,Chickenpox_SBISWAS_IMG_000523.jpg,train/Chickenpox/Chickenpox_SBISWAS_IMG_000523.jpg,224,224,3,JPEG,9135,26f5fc06d7368946f90bed9d7d615187e7519c761757402fd85347ffc3344bfc,e8f625c2b52894fc
Chickenpox_SBISWAS_IMG_000525,train,Chickenpox,Chickenpox_SBISWAS_IMG_000525.jpg,train/Chickenpox/Chickenpox_SBISWAS_IMG_000525.jpg,253,253,3,JPEG,13720,2d902a8366cfab98aaac84972536114b0a1bb7f7197f9569f0f3362fd82ccaf0,c499b293d5d55554
Chickenpox_SBISWAS_IMG_000526,train,Chickenpox,Chickenpox_SBISWAS_IMG_000526.jpg,train/Chickenpox/Chickenpox_SBISWAS_IMG_000526.jpg,241,241,3,JPEG,21389,19975f0b4328f1ddd8b2a89cf9ede374071c59470b42e57e043348eea7766d1f,907a2f209fcf9592
Chickenpox_SBISWAS_IMG_000527,train,Chickenpox,Chickenpox_SBISWAS_IMG_000527.jpg,train/Chickenpox/Chickenpox_SBISWAS_IMG_000527.jpg,224,224,3,JPEG,12635,6144b0cd623ed7699a70850f3b13f273f3c63f51c1cc0d0d740a964a2ce1b827,9207eab94afb5a81
Chickenpox_SBISWAS_IMG_000530,train,Chickenpox,Chickenpox_SBISWAS_IMG_000530.jpg,train/Chickenpox/Chickenpox_SBISWAS_IMG_000530.jpg,224,224,3,JPEG,14690,bbb5079b44815ba5fc473656bf06b2ad0d802779540ebf4f031a5f0d6f1cacd1,a530aed192cb8af9
Chickenpox_SBISWAS_IMG_000532,train,Chickenpox,Chickenpox_SBISWAS_IMG_000532.jpg,train/Chickenpox/Chickenpox_SBISWAS_IMG_000532.jpg,224,224,3,JPEG,17037,1ccc988d4b091cad69d1ad34aea085ff66e413425c9ae341509817881f73ea82,9ab42a6aa56a95ec
Chickenpox_SBISWAS_IMG_000533,train,Chickenpox,Chickenpox_SBISWAS_IMG_000533.jpg,train/Chickenpox/Chickenpox_SBISWAS_IMG_000533.jpg,224,224,3,JPEG,12569,95fe3bb8e2bc33fd3c3507683e86f24d8f670066eed7747af872e044ca0d55d6,95d05b026b6b6be1
Chickenpox_SBISWAS_IMG_000535,train,Chickenpox,Chickenpox_SBISWAS_IMG_000535.jpg,train/Chickenpox/Chickenpox_SBISWAS_IMG_000535.jpg,224,224,3,JPEG,11651,da069e99f14bc36102d460cd387842a1fca59d3be88c0eef352483bad91ecf04,8bca72a575107da5
Chickenpox_SBISWAS_IMG_000536,train,Chickenpox,Chickenpox_SBISWAS_IMG_000536.jpg,train/Chickenpox/Chickenpox_SBISWAS_IMG_000536.jpg,224,224,3,JPEG,21831,5c76777d6ca46c95c67d711fe32cb599bcc1d01065ec6fb792c256abcb86e0a6,a89517f9163f3c18
Chickenpox_SBISWAS_IMG_000537,train,Chickenpox,Chickenpox_SBISWAS_IMG_000537.jpg,train/Chickenpox/Chickenpox_SBISWAS_IMG_000537.jpg,224,224,3,JPEG,11124,f999f1480793dd1c973b1d61bf90eb128ac3e57e9e1f02eb9d36abb8ca5ecd2b,95d5c878c5057ed8
Chickenpox_SBISWAS_IMG_000538,train,Chickenpox,Chickenpox_SBISWAS_IMG_000538.jpg,train/Chickenpox/Chickenpox_SBISWAS_IMG_000538.jpg,224,224,3,JPEG,12797,6dca479828224c76c5bdfb31560e5c5dfb7996e493b6bb66ca385503e1d18006,9207eabb4aeb5a81
Chickenpox_SBISWAS_IMG_000539,train,Chickenpox,Chickenpox_SBISWAS_IMG_000539.jpg,train/Chickenpox/Chickenpox_SBISWAS_IMG_000539.jpg,199,199,3,JPEG,13102,3b1ad5a520532d8d9e4fb0c31583bed3b0da8c5817b70431231ef41deb81f87f,d10f0a4f0f0f0f2f
Chickenpox_SBISWAS_IMG_000540,train,Chickenpox,Chickenpox_SBISWAS_IMG_000540.jpg,train/Chickenpox/Chickenpox_SBISWAS_IMG_000540.jpg,224,224,3,JPEG,22012,e53490cbc09fec302d50bfe93b03a4c6a83aef73bede6e344982539d5be03d68,cbaa7d2ca5b4b0b0
Chickenpox_SBISWAS_IMG_000541,train,Chickenpox,Chickenpox_SBISWAS_IMG_000541.jpg,train/Chickenpox/Chickenpox_SBISWAS_IMG_000541.jpg,224,224,3,JPEG,12353,4455aa61d39e212131b9ee596ed1657286f8735a4af82450a9933763fd793bf2,a9da752a11da652b
Chickenpox_SBISWAS_IMG_000542,train,Chickenpox,Chickenpox_SBISWAS_IMG_000542.jpg,train/Chickenpox/Chickenpox_SBISWAS_IMG_000542.jpg,224,224,3,JPEG,22348,40313f88e3e003c0836fc0b1044e809758f8048dbe3e7c26797efe91aae0a397,8fbb70346cd16cc1
Chickenpox_SBISWAS_IMG_000543,train,Chickenpox,Chickenpox_SBISWAS_IMG_000543.jpg,train/Chickenpox/Chickenpox_SBISWAS_IMG_000543.jpg,207,207,3,JPEG,11152,68b689c7339e443ccc8ba62bac9e1b4b8535914d20a9c6d236bee88619f75621,d5c554d5364a378a
Chickenpox_SBISWAS_IMG_000544,train,Chickenpox,Chickenpox_SBISWAS_IMG_000544.jpg,train/Chickenpox/Chickenpox_SBISWAS_IMG_000544.jpg,224,224,3,JPEG,22345,34d00adc81d24698f65ebf4735c535fb021f4eb28d0f6e5772c9fd4a3c9255d0,8fbb70346cd169c1
Chickenpox_SBISWAS_IMG_000545,train,Chickenpox,Chickenpox_SBISWAS_IMG_000545.jpg,train/Chickenpox/Chickenpox_SBISWAS_IMG_000545.jpg,184,184,3,JPEG,12511,c28698927f8456d395c3decdbfd78003f9b46721132cef9833e0ae24c334b334,987bb492db2d4b50
Chickenpox_SBISWAS_IMG_000546,train,Chickenpox,Chickenpox_SBISWAS_IMG_000546.jpg,train/Chickenpox/Chickenpox_SBISWAS_IMG_000546.jpg,224,224,3,JPEG,12912,bc33717a5acba388b0c495136dfde4db3d6d3319246b98a5cd32dc4f91d60893,8af9af5085cad0e3
Chickenpox_SBISWAS_IMG_000548,train,Chickenpox,Chickenpox_SBISWAS_IMG_000548.jpg,train/Chickenpox/Chickenpox_SBISWAS_IMG_000548.jpg,224,224,3,JPEG,18307,1f54218fb921d0cbea443d9461e52c212dd5e61bf5c37eb27e5dbd777b73b8e3,d5c554d5364a378a
Chickenpox_SBISWAS_IMG_000549,train,Chickenpox,Chickenpox_SBISWAS_IMG_000549.jpg,train/Chickenpox/Chickenpox_SBISWAS_IMG_000549.jpg,204,204,3,JPEG,14834,2d30d8d944e030ffe80230943cfb68b9631ffb4bfbd6f5a2a3df6b144b42e5a1,987bb492db2d4b50
Chickenpox_SBISWAS_IMG_000551,train,Chickenpox,Chickenpox_SBISWAS_IMG_000551.jpg,train/Chickenpox/Chickenpox_SBISWAS_IMG_000551.jpg,224,224,3,JPEG,17446,add519e56f5f85af93e0e6547948883bce931981b4da7140a7c07fc5a3a360d0,ccd393f2b6247c11
Chickenpox_SBISWAS_IMG_000552,train,Chickenpox,Chickenpox_SBISWAS_IMG_000552.jpg,train/Chickenpox/Chickenpox_SBISWAS_IMG_000552.jpg,180,180,3,JPEG,9714,c77147e5c04efb62eb3c72b97840941045adc9da2765c8264b653b8abf68e1a0,d10f0a4f0f0f0f2f
Chickenpox_SBISWAS_IMG_000553,train,Chickenpox,Chickenpox_SBISWAS_IMG_000553.jpg,train/Chickenpox/Chickenpox_SBISWAS_IMG_000553.jpg,186,186,3,JPEG,11827,e562e316e840fa575632ee63339c973c727dbb6a1943895ef5de830a953e0d5d,8fbb70346cd16cc1
Monkeypox_MPSID_IMG_005311,train,Monkeypox,Monkeypox_MPSID_IMG_005311.png,train/Monkeypox/Monkeypox_MPSID_IMG_005311.png,224,224,3,PNG,119978,4973a4547c90f92482b039669d0c2de0c8fa23a1595426e351580f31e367ab97,e4cd92e44c38731f
Monkeypox_MPSID_IMG_005312,train,Monkeypox,Monkeypox_MPSID_IMG_005312.png,train/Monkeypox/Monkeypox_MPSID_IMG_005312.png,224,224,3,PNG,90958,eb571ed2ac31c21d279df8a23519e3a6ce628a0e777d00531019b5cda8f251c0,b0b70b4d45689bb6
Monkeypox_MPSID_IMG_005313,train,Monkeypox,Monkeypox_MPSID_IMG_005313.png,train/Monkeypox/Monkeypox_MPSID_IMG_005313.png,224,224,3,PNG,86950,cd5485de9afc340b7d2c762c559d0baa5b58966841b4027e6119ea64540d70cf,b00b4d5e1e4c5fb4
Monkeypox_MPSID_IMG_005314,train,Monkeypox,Monkeypox_MPSID_IMG_005314.png,train/Monkeypox/Monkeypox_MPSID_IMG_005314.png,224,224,3,PNG,89898,ac07c9f3ecf56cdbbdee9ef2082631f9c7c86e6fa4ade86169000c6032a7f763,cbadca8d26b2c037
Monkeypox_MPSID_IMG_005315,train,Monkeypox,Monkeypox_MPSID_IMG_005315.png,train/Monkeypox/Monkeypox_MPSID_IMG_005315.png,224,224,3,PNG,92570,cac94b162bf9ab83785df57fb88894d4e4d283cd622b0f9fc1a63e1eb321b4ff,e69b99adc4e11b05
Monkeypox_MPSID_IMG_005316,train,Monkeypox,Monkeypox_MPSID_IMG_005316.png,train/Monkeypox/Monkeypox_MPSID_IMG_005316.png,224,224,3,PNG,92064,5c4f48dadb441f22dd11af167e5d67c9cd2238ad9d214c24395f540cdf0d42f9,dae5b1e6b0c8d807
Monkeypox_MPSID_IMG_005317,train,Monkeypox,Monkeypox_MPSID_IMG_005317.png,train/Monkeypox/Monkeypox_MPSID_IMG_005317.png,224,224,3,PNG,90944,3ddcf244ddb670b020d3b3bbd062cbf5000fc0e60c0d011906db8c75cba26815,80b9e9cee543acd2
Monkeypox_MPSID_IMG_005318,train,Monkeypox,Monkeypox_MPSID_IMG_005318.png,train/Monkeypox/Monkeypox_MPSID_IMG_005318.png,224,224,3,PNG,119963,6d76643e7a224458607f92a16ed5ff288b42fcc872c072fe215f07cde830bbe0,d9f240f2a4ab67d0
Monkeypox_MPSID_IMG_005319,train,Monkeypox,Monkeypox_MPSID_IMG_005319.png,train/Monkeypox/Monkeypox_MPSID_IMG_005319.png,224,224,3,PNG,118833,05a328454548bd4f46a0f1d3054e4b682bf26812701eb5e6c95820d8e163ddc8,f5ebd8c04e4b039c
Monkeypox_MPSID_IMG_005320,train,Monkeypox,Monkeypox_MPSID_IMG_005320.png,train/Monkeypox/Monkeypox_MPSID_IMG_005320.png,224,224,3,PNG,131026,ba4dc7faded0abdd52beb0dcca5090d72fb2eb3143754e062f3ae3d33701e65e,9dbc0e44f0a646f3
Monkeypox_MPSID_IMG_005322,train,Monkeypox,Monkeypox_MPSID_IMG_005322.png,train/Monkeypox/Monkeypox_MPSID_IMG_005322.png,224,224,3,PNG,86521,f62cbc605e9f46a4b10236491010f55b977db838c4a9e8dd351f42251b05335a,908946e75ad9adc6
Monkeypox_MPSID_IMG_005325,train,Monkeypox,Monkeypox_MPSID_IMG_005325.png,train/Monkeypox/Monkeypox_MPSID_IMG_005325.png,224,224,3,PNG,91038,a5c46faed575d5126c61ec5f1d3930f97bb348d8417a7799fe87887c02ab330f,c19f3b1c431b6339
Monkeypox_MPSID_IMG_005326,train,Monkeypox,Monkeypox_MPSID_IMG_005326.png,train/Monkeypox/Monkeypox_MPSID_IMG_005326.png,224,224,3,PNG,84124,ea6dd9ea2108ed0505ad4b2b47a0e9c17ed6ae7290e0672894ca14659984bfdc,8989d09c919b9bbb
Monkeypox_MPSID_IMG_005328,train,Monkeypox,Monkeypox_MPSID_IMG_005328.png,train/Monkeypox/Monkeypox_MPSID_IMG_005328.png,224,224,3,PNG,68611,c8ccffec2c8b6a12d58f844487b33dea78ece1df036b8f7da8756d85e9c62c91,95c2f1a5acb59994
Monkeypox_MPSID_IMG_005329,train,Monkeypox,Monkeypox_MPSID_IMG_005329.png,train/Monkeypox/Monkeypox_MPSID_IMG_005329.png,224,224,3,PNG,71597,c2392ce9340bcf20c3c67d0a94e3fbee0310b68aa8b16d8c209bad650989e79a,f29342dc1c5f0ad9
Monkeypox_MPSID_IMG_005330,train,Monkeypox,Monkeypox_MPSID_IMG_005330.png,train/Monkeypox/Monkeypox_MPSID_IMG_005330.png,224,224,3,PNG,71780,198b61d27c3ca8235feddf6984b2af245c6934f8fd8a9f964cd8b1c959bd4322,95ba2e13952d9b4c
Monkeypox_MPSID_IMG_005331,train,Monkeypox,Monkeypox_MPSID_IMG_005331.png,train/Monkeypox/Monkeypox_MPSID_IMG_005331.png,224,224,3,PNG,69052,a60a87928fbd42c62daf46d6af9ad51573e5ee23bb965ba100f1128f666e0d0b,eee5031e594467c9
Monkeypox_MPSID_IMG_005334,train,Monkeypox,Monkeypox_MPSID_IMG_005334.png,train/Monkeypox/Monkeypox_MPSID_IMG_005334.png,224,224,3,PNG,68332,0715f1ed7fe3aa56b790adecc76bf7776e2dd658b40e35174503ea7b24553bb5,ff8ca1b6a48b08ec
Monkeypox_MPSID_IMG_005335,train,Monkeypox,Monkeypox_MPSID_IMG_005335.png,train/Monkeypox/Monkeypox_MPSID_IMG_005335.png,224,224,3,PNG,68457,643a497c2389765da08b4c3b122f0230e2ad77da3de52ab64e7acc9d75c0b00f,a605455dd7505f55
Monkeypox_MPSID_IMG_005336,train,Monkeypox,Monkeypox_MPSID_IMG_005336.png,train/Monkeypox/Monkeypox_MPSID_IMG_005336.png,224,224,3,PNG,84557,bd468857a1be7fd608a58867c8b748aeefad9214369069bf1c4a39975462181d,9f9b5998b8b13829
Monkeypox_MPSID_IMG_005338,train,Monkeypox,Monkeypox_MPSID_IMG_005338.png,train/Monkeypox/Monkeypox_MPSID_IMG_005338.png,224,224,3,PNG,70842,01e8878d503fd6ac263fee1ff30531badb1aa25d6e8663afee285fb240bce83c,80aadd27558c753e
Monkeypox_MPSID_IMG_005339,train,Monkeypox,Monkeypox_MPSID_IMG_005339.png,train/Monkeypox/Monkeypox_MPSID_IMG_005339.png,224,224,3,PNG,53451,23ef7e9d21218f3c3979e0ddf7cd9cc7fe3243eb0dac6bf80d7f4cd5017a50a9,d52a556a6bb59948
Monkeypox_MPSID_IMG_005340,train,Monkeypox,Monkeypox_MPSID_IMG_005340.png,train/Monkeypox/Monkeypox_MPSID_IMG_005340.png,224,224,3,PNG,81544,de9769b5aae1840b7454534aa8996e945475a0406690289687827c44e5f7b0c1,c3875ef2118ed931
Monkeypox_MPSID_IMG_005342,train,Monkeypox,Monkeypox_MPSID_IMG_005342.png,train/Monkeypox/Monkeypox_MPSID_IMG_005342.png,224,224,3,PNG,121841,b6d805225751658f616fa40364f350a53c8da0fd8e7238107aab52c96f3ea045,b0cb4b633acd05a7
Monkeypox_MPSID_IMG_005343,train,Monkeypox,Monkeypox_MPSID_IMG_005343.png,train/Monkeypox/Monkeypox_MPSID_IMG_005343.png,224,224,3,PNG,110563,f6edc6d1d7bbc04ccb9633e6fe4c622e7f24a90172eeeb46e47eb1ce1e5b7e3e,a38e8e647789c966
Monkeypox_MPSID_IMG_005344,train,Monkeypox,Monkeypox_MPSID_IMG_005344.png,train/Monkeypox/Monkeypox_MPSID_IMG_005344.png,224,224,3,PNG,50841,f66cbb1ccf3e346046c9f6a57efabaa8b27499f074e6e934e2be883008e251e9,a6cf995964645a93
Monkeypox_MPSID_IMG_005345,train,Monkeypox,Monkeypox_MPSID_IMG_005345.png,train/Monkeypox/Monkeypox_MPSID_IMG_005345.png,224,224,3,PNG,110563,fb435425ed4977391910575e3b7146a602f54d9ddc2672a3a728f1e029e23a21,efcb78e0168616e4
Monkeypox_MPSID_IMG_005346,train,Monkeypox,Monkeypox_MPSID_IMG_005346.png,train/Monkeypox/Monkeypox_MPSID_IMG_005346.png,224,224,3,PNG,86514,fac048fedee091ee6198f63563af877b90a51ed8cd21b662e40a99e96e37026e,be41a2ed85db8964
Monkeypox_MPSID_IMG_005348,train,Monkeypox,Monkeypox_MPSID_IMG_005348.png,train/Monkeypox/Monkeypox_MPSID_IMG_005348.png,224,224,3,PNG,71901,f1ddb4627c55544d9803285f9c6c3ee2cdf5473cbd7fa5bd9008f4dbc27636f1,ec91a1ecda0499f3
Monkeypox_MPSID_IMG_005350,train,Monkeypox,Monkeypox_MPSID_IMG_005350.png,train/Monkeypox/Monkeypox_MPSID_IMG_005350.png,224,224,3,PNG,75615,10427b6d0b95f16247ebab83c0e71fce463c7917efc1eb7dfc7835ead91516cf,d8924e2cd13c9e8f
Monkeypox_MPSID_IMG_005351,train,Monkeypox,Monkeypox_MPSID_IMG_005351.png,train/Monkeypox/Monkeypox_MPSID_IMG_005351.png,224,224,3,PNG,65197,c28d6d6684ab752d8d51560dbd011a80d64b85ab4b95aca96a7289c13ff5428c,fc48e23335cc969c
Monkeypox_MPSID_IMG_005353,train,Monkeypox,Monkeypox_MPSID_IMG_005353.png,train/Monkeypox/Monkeypox_MPSID_IMG_005353.png,224,224,3,PNG,72797,94dfe4a9b3d7ba1f9411e3736694580b5a19af44fa3bb0592fc0c1f8d04749fd,d34c5233cc3749e6
Monkeypox_MPSID_IMG_005354,train,Monkeypox,Monkeypox_MPSID_IMG_005354.png,train/Monkeypox/Monkeypox_MPSID_IMG_005354.png,224,224,3,PNG,57457,a7a8042a0d27df1fa49062d5f3777671680a1bcd5885549e1764e9db30aaa2c0,f6d55b6440d87278
Monkeypox_MPSID_IMG_005358,train,Monkeypox,Monkeypox_MPSID_IMG_005358.png,train/Monkeypox/Monkeypox_MPSID_IMG_005358.png,224,224,3,PNG,77625,ef1ceb22d46444531bb69c44c874588ff66b95b4d507d59cc78f38c0d249484a,838ba1e594aedce2
Monkeypox_MPSID_IMG_005360,train,Monkeypox,Monkeypox_MPSID_IMG_005360.png,train/Monkeypox/Monkeypox_MPSID_IMG_005360.png,224,224,3,PNG,78232,83487cbcf8c37cce43f71e5b77e748b5fb9063a17d595a031c6883b15d7332be,9fc16039cf705927
Monkeypox_MPSID_IMG_005361,train,Monkeypox,Monkeypox_MPSID_IMG_005361.png,train/Monkeypox/Monkeypox_MPSID_IMG_005361.png,224,224,3,PNG,79944,8ea85bf29ea05c04082674ea2837b84d27b29b8e577382583096396b5e690385,b3894db336cb4c8c
Monkeypox_MPSID_IMG_005362,train,Monkeypox,Monkeypox_MPSID_IMG_005362.png,train/Monkeypox/Monkeypox_MPSID_IMG_005362.png,224,224,3,PNG,57609,4777b06524eb397189b8658207a20de01ee00f51add11977543b09542dfa86dd,e171e4cef9704346
Monkeypox_MPSID_IMG_005367,train,Monkeypox,Monkeypox_MPSID_IMG_005367.png,train/Monkeypox/Monkeypox_MPSID_IMG_005367.png,224,224,3,PNG,97081,ef943b1808c646cf0be081cc4fdab0ed16231e84702b37d16e51712f9fa049e7,dfd40bd80ad704b5
Monkeypox_MPSID_IMG_005368,train,Monkeypox,Monkeypox_MPSID_IMG_005368.png,train/Monkeypox/Monkeypox_MPSID_IMG_005368.png,224,224,3,PNG,89165,2a4e755bdc980b7c1bb0ba5a1dbec6280e07f2251d5de5483c228dba9dcecec5,cb16910f6f96b4d0
Monkeypox_MPSID_IMG_005370,train,Monkeypox,Monkeypox_MPSID_IMG_005370.png,train/Monkeypox/Monkeypox_MPSID_IMG_005370.png,224,224,3,PNG,68818,5a828090556f460989fb40680f883077fa5f29537d5b3bcba68ae15820e0493a,bccf63908967ca2c
Monkeypox_MPSID_IMG_005371,train,Monkeypox,Monkeypox_MPSID_IMG_005371.png,train/Monkeypox/Monkeypox_MPSID_IMG_005371.png,224,224,3,PNG,78174,fea7642a38cbc9fa9c51578edcdef8e56035e39e2de680b0dc49501ff77efb2f,a0f4b692e1ec0bf1
Monkeypox_MPSID_IMG_005372,train,Monkeypox,Monkeypox_MPSID_IMG_005372.png,train/Monkeypox/Monkeypox_MPSID_IMG_005372.png,224,224,3,PNG,92505,565395c99afef26dcae0bfab7fb8a3b32943d5f02106dad8753a264b1c18e7b3,b986f6d87029a5d2
Monkeypox_MPSID_IMG_005375,train,Monkeypox,Monkeypox_MPSID_IMG_005375.png,train/Monkeypox/Monkeypox_MPSID_IMG_005375.png,224,224,3,PNG,88521,9bcaa569f5cd4ca7d7c3626c713addf5eaf6efaf587213476537cb7bc4496a65,a0f188d96ccfce8a
Monkeypox_MPSID_IMG_005377,train,Monkeypox,Monkeypox_MPSID_IMG_005377.png,train/Monkeypox/Monkeypox_MPSID_IMG_005377.png,224,224,3,PNG,94934,59e9e22b61598990186e1f86abd5fa8beda720ed2433f14c844f93274113eafa,accd60cdc7b00f3c
Monkeypox_MPSID_IMG_005378,train,Monkeypox,Monkeypox_MPSID_IMG_005378.png,train/Monkeypox/Monkeypox_MPSID_IMG_005378.png,224,224,3,PNG,92111,235030756af220aebd3fd1f61a873a38b82fa6ba928af1fb1d8b5510b09ef0db,fef5108c22a73acc
Monkeypox_MPSID_IMG_005379,train,Monkeypox,Monkeypox_MPSID_IMG_005379.png,train/Monkeypox/Monkeypox_MPSID_IMG_005379.png,224,224,3,PNG,83877,ccff2c2048617d0945c8b3afd11322a83eb50a587c8c676a84dffc1a09bccc64,ff7c7210b1b0b898
Monkeypox_MPSID_IMG_005380,train,Monkeypox,Monkeypox_MPSID_IMG_005380.png,train/Monkeypox/Monkeypox_MPSID_IMG_005380.png,224,224,3,PNG,71892,4110aaeff7f4eb0479e18942fb0e935dba879cef4a9e564697dd47c56d56374f,fc9b83b4309961cb
Monkeypox_MPSID_IMG_005388,train,Monkeypox,Monkeypox_MPSID_IMG_005388.png,train/Monkeypox/Monkeypox_MPSID_IMG_005388.png,224,224,3,PNG,102516,3905dacae9c5043ecd48b0ac6464281d6e4623b08b382953af33555bed400ebd,bc410f1bc88ee6e9
Monkeypox_MPSID_IMG_005390,train,Monkeypox,Monkeypox_MPSID_IMG_005390.png,train/Monkeypox/Monkeypox_MPSID_IMG_005390.png,224,224,3,PNG,98124,0043824b62ae22852af7097b1b772660c313740cd6f4623f930264a820bcf16a,c933240e1b34d4ff
Monkeypox_MPSID_IMG_005392,train,Monkeypox,Monkeypox_MPSID_IMG_005392.png,train/Monkeypox/Monkeypox_MPSID_IMG_005392.png,224,224,3,PNG,93141,7472c22c502ea48af3f798791b92865fc0383987b403b20ed75c089eb1147fbf,ca336788b5eb6c12
Monkeypox_MPSID_IMG_005394,train,Monkeypox,Monkeypox_MPSID_IMG_005394.png,train/Monkeypox/Monkeypox_MPSID_IMG_005394.png,224,224,3,PNG,90503,e9e561547ce64af057343c3f1677ab2d6389fc725fafd0afc82af6b1a15c74b9,9f3e749068f0f0e4
Monkeypox_MPSID_IMG_005395,train,Monkeypox,Monkeypox_MPSID_IMG_005395.png,train/Monkeypox/Monkeypox_MPSID_IMG_005395.png,224,224,3,PNG,91760,efcb658310a89ffda46d161f6442738efce5501d685ca33ad587f653888a1f16,ddeaafa09094eb44
Monkeypox_MPSID_IMG_005396,train,Monkeypox,Monkeypox_MPSID_IMG_005396.png,train/Monkeypox/Monkeypox_MPSID_IMG_005396.png,224,224,3,PNG,76269,57ddecfdf0cb215df6caaede528257f08c9e3b16e3142028240b78692b4449e5,8a8f16b594b5c8f2
Monkeypox_MPSID_IMG_005397,train,Monkeypox,Monkeypox_MPSID_IMG_005397.png,train/Monkeypox/Monkeypox_MPSID_IMG_005397.png,224,224,3,PNG,93780,dcf5757d5dd4f2b460554e37108287218df1c7092aed576630c47634ccb0776d,b0e3b696d9c5ca88
Monkeypox_MPSID_IMG_005398,train,Monkeypox,Monkeypox_MPSID_IMG_005398.png,train/Monkeypox/Monkeypox_MPSID_IMG_005398.png,224,224,3,PNG,93438,a736bdcd40f84c0d1e4688c5366c354142289bedbb8d5441ce10ed6a77854993,a18f7e1bc02f2d15
Monkeypox_MPSID_IMG_005399,train,Monkeypox,Monkeypox_MPSID_IMG_005399.png,train/Monkeypox/Monkeypox_MPSID_IMG_005399.png,224,224,3,PNG,87742,2d039ded9f442eacb58d5efff836a7ea61a22f917b24baacc5098423e302499e,f14883e6b36698da
Monkeypox_MPSID_IMG_005400,train,Monkeypox,Monkeypox_MPSID_IMG_005400.png,train/Monkeypox/Monkeypox_MPSID_IMG_005400.png,224,224,3,PNG,91829,15338f1eebfd4b97b39ca773e6a9d0d71ddab56d3c3f63ec5d3cd25cf70f31c2,d45a4ada0e8d4ed6
Monkeypox_MPSID_IMG_005402,train,Monkeypox,Monkeypox_MPSID_IMG_005402.png,train/Monkeypox/Monkeypox_MPSID_IMG_005402.png,224,224,3,PNG,121341,9796b56b986ef030b957b1ebb2cf3ef827153a91ab617ec401ec918c05d9cdfb,c9a592e583f87c43
Monkeypox_MPSID_IMG_005403,train,Monkeypox,Monkeypox_MPSID_IMG_005403.png,train/Monkeypox/Monkeypox_MPSID_IMG_005403.png,224,224,3,PNG,90087,097d3fd7e09700c327c3c9a3485414d63e83eedc58b3627f840af17353f23b63,f6648e99391cb869
Monkeypox_MPSID_IMG_005404,train,Monkeypox,Monkeypox_MPSID_IMG_005404.png,train/Monkeypox/Monkeypox_MPSID_IMG_005404.png,224,224,3,PNG,94007,15485aff42e8f735f09190b10e47e68d0bb00d887b4834566b3d5621e4649d07,e3d8d2f209f80ed2
Monkeypox_MPSID_IMG_005408,train,Monkeypox,Monkeypox_MPSID_IMG_005408.png,train/Monkeypox/Monkeypox_MPSID_IMG_005408.png,224,224,3,PNG,115048,25d298b5bcbd61ccffbd51268b81ea6c815fc219e6004aa7310d8f1f9ddf4978,ccb269769b4c134d
Monkeypox_MPSID_IMG_005410,train,Monkeypox,Monkeypox_MPSID_IMG_005410.png,train/Monkeypox/Monkeypox_MPSID_IMG_005410.png,224,224,3,PNG,99551,7e3532e0243b677530da456df7aec433c66c70468378a97de46fe69eb608c9a7,d1463ebf11211fe2
Monkeypox_MPSID_IMG_005411,train,Monkeypox,Monkeypox_MPSID_IMG_005411.png,train/Monkeypox/Monkeypox_MPSID_IMG_005411.png,224,224,3,PNG,115528,fe4b6626b0f6fb0c59b922c9dc9baba7ca7b558676c7d3cf134a6d530ba161b9,caffc5085a90b387
Monkeypox_MPSID_IMG_005417,train,Monkeypox,Monkeypox_MPSID_IMG_005417.png,train/Monkeypox/Monkeypox_MPSID_IMG_005417.png,224,224,3,PNG,91681,22cee5acae6ee10833ff9c90c928c8a2425193d04d17f8628ce2da28e7d99e4f,e6d394e40ae19cc7
Monkeypox_MPSID_IMG_005419,train,Monkeypox,Monkeypox_MPSID_IMG_005419.png,train/Monkeypox/Monkeypox_MPSID_IMG_005419.png,224,224,3,PNG,91816,efa0a2d0e32c1158be9bb0f7640cf1d9b20dd06b3de452a016f63613061e8cb6,aec7b45a0b46d2a9
Monkeypox_MPSID_IMG_005420,train,Monkeypox,Monkeypox_MPSID_IMG_005420.png,train/Monkeypox/Monkeypox_MPSID_IMG_005420.png,224,224,3,PNG,83170,a0e451a35e8da68e0084ceec64354b190c63057e23f851973849dc900fd0c683,95af12f84a556da4
Monkeypox_MPSID_IMG_005422,train,Monkeypox,Monkeypox_MPSID_IMG_005422.png,train/Monkeypox/Monkeypox_MPSID_IMG_005422.png,224,224,3,PNG,108298,a3b2b478440c4517cdff9d6f77ef726ac6f78427f4ad411db879115629f85db2,d572e1d23a8bc8d4
Monkeypox_MPSID_IMG_005423,train,Monkeypox,Monkeypox_MPSID_IMG_005423.png,train/Monkeypox/Monkeypox_MPSID_IMG_005423.png,224,224,3,PNG,88751,56091aa056efddafb2a118c27fb822b16ff12f43c8ab77ca9266469c15830b32,80f6966233b76c4d
Monkeypox_MPSID_IMG_005425,train,Monkeypox,Monkeypox_MPSID_IMG_005425.png,train/Monkeypox/Monkeypox_MPSID_IMG_005425.png,224,224,3,PNG,85195,d175cae284ef4575665062c78272a8a51f7a51ba891dac2ad1e7242f82b60230,b986f6d85828a5e6
Monkeypox_MPSID_IMG_005426,train,Monkeypox,Monkeypox_MPSID_IMG_005426.png,train/Monkeypox/Monkeypox_MPSID_IMG_005426.png,224,224,3,PNG,84554,6cfd706d93fb244fc2dbed33360bc5bb15daec3d639613cd97ca3131c2146cd3,90beb9e1c0c31f1e
Monkeypox_MPSID_IMG_005427,train,Monkeypox,Monkeypox_MPSID_IMG_005427.png,train/Monkeypox/Monkeypox_MPSID_IMG_005427.png,224,224,3,PNG,81592,d5768256636eaa3a3b1251a104bde388b896bfc04647395554ef2f1b78c46019,d58c87a30d86dda3
Monkeypox_MPSID_IMG_005429,train,Monkeypox,Monkeypox_MPSID_IMG_005429.png,train/Monkeypox/Monkeypox_MPSID_IMG_005429.png,224,224,3,PNG,61650,b0018f098782b5b4d555fb84a82158b4b8b313bcdb012135c75bf1f7b75cee95,8c1866874f5978be
Monkeypox_MPSID_IMG_005430,train,Monkeypox,Monkeypox_MPSID_IMG_005430.png,train/Monkeypox/Monkeypox_MPSID_IMG_005430.png,224,224,3,PNG,75319,5ff9ccfba49294d35d869c9e5db4935ae09feca316d70458487471b519117fba,a680bbd7cb4b0d86
Monkeypox_MPSID_IMG_005431,train,Monkeypox,Monkeypox_MPSID_IMG_005431.png,train/Monkeypox/Monkeypox_MPSID_IMG_005431.png,224,224,3,PNG,100099,6491d147e6bc2f4ff7c682395a68e13e1245ea05b759a792ec7c68e7e86ab0e4,805d3c8e67b14ef2
Monkeypox_MPSID_IMG_005432,train,Monkeypox,Monkeypox_MPSID_IMG_005432.png,train/Monkeypox/Monkeypox_MPSID_IMG_005432.png,224,224,3,PNG,64765,87bd03462a6edce0256c8adc7f024be910da44a58dc2ce427f8eca465048a818,fbb6e6c284617134
Monkeypox_MPSID_IMG_005433,train,Monkeypox,Monkeypox_MPSID_IMG_005433.png,train/Monkeypox/Monkeypox_MPSID_IMG_005433.png,224,224,3,PNG,79104,ff0dc86152556b975a677ace1e1bb3dee61c3b0535ceda4a1200ed498e89ca42,fda22b8b2e50963c
Monkeypox_MPSID_IMG_005434,train,Monkeypox,Monkeypox_MPSID_IMG_005434.png,train/Monkeypox/Monkeypox_MPSID_IMG_005434.png,252,224,3,PNG,85649,95af5e325d8cf5d8bd8f7d96e9f508110235a15c51c3dbbad6c4df0a75df6c97,a74d31c8da7b4b09
Monkeypox_MPSID_IMG_005435,train,Monkeypox,Monkeypox_MPSID_IMG_005435.png,train/Monkeypox/Monkeypox_MPSID_IMG_005435.png,224,224,3,PNG,61116,b63645fb00e324cc60072f19b3f0d521249562b3439d44f713e65ba86d64e35e,daa548f0f07ab54a
Monkeypox_MPSID_IMG_005437,train,Monkeypox,Monkeypox_MPSID_IMG_005437.png,train/Monkeypox/Monkeypox_MPSID_IMG_005437.png,224,224,3,PNG,89506,f128a09c0fe694bfd2533496d4671c2b67dbae91b67df1e0d7a955fe500a23b1,fbc11c9c12f634b4
Monkeypox_MPSID_IMG_005438,train,Monkeypox,Monkeypox_MPSID_IMG_005438.png,train/Monkeypox/Monkeypox_MPSID_IMG_005438.png,224,224,3,PNG,79588,ccbc7ad7295270805444e631ce35594da1f61e6dcb4c357872dbe27cab04526d,daa73896c31c39c5
Monkeypox_MPSID_IMG_005439,train,Monkeypox,Monkeypox_MPSID_IMG_005439.png,train/Monkeypox/Monkeypox_MPSID_IMG_005439.png,224,224,3,PNG,78490,9c3d13e95eced20266a68c1564fef53383515f4d2835f27da66acc7676dba553,82fd954a6294bd4b
Monkeypox_MPSID_IMG_005440,train,Monkeypox,Monkeypox_MPSID_IMG_005440.png,train/Monkeypox/Monkeypox_MPSID_IMG_005440.png,224,224,3,PNG,80083,0179fb920075b884f73daa9a57d6c6953c2c3dd0da1ebadde35059cae6c451eb,83dc3794f29a319c
Monkeypox_MPSID_IMG_005441,train,Monkeypox,Monkeypox_MPSID_IMG_005441.png,train/Monkeypox/Monkeypox_MPSID_IMG_005441.png,224,224,3,PNG,80213,5a4b4b1750c8737e54192520017b3e09c41a270b8f06c882832b1144f45fe6c6,ec97e0351648f4e3
Monkeypox_MPSID_IMG_005444,train,Monkeypox,Monkeypox_MPSID_IMG_005444.png,train/Monkeypox/Monkeypox_MPSID_IMG_005444.png,224,224,3,PNG,98447,09877333cce28755836b33468175f37bd2654380d44987e89422eb1d34431109,d2d69d982627b2cc
Monkeypox_MPSID_IMG_005445,train,Monkeypox,Monkeypox_MPSID_IMG_005445.png,train/Monkeypox/Monkeypox_MPSID_IMG_005445.png,224,224,3,PNG,109623,69dfa1ab6152758512480f792a8b7851804bda8c81cc0e3ce7330e04694468df,dfe14d812c98595b
Monkeypox_MPSID_IMG_005446,train,Monkeypox,Monkeypox_MPSID_IMG_005446.png,train/Monkeypox/Monkeypox_MPSID_IMG_005446.png,224,224,3,PNG,78255,fc3171dbeafd236d8c7ec970a56cd4eadd3b2c3cec2df3304cf2b59d15f4ac67,addd30da27c968b0
Monkeypox_MPSID_IMG_005447,train,Monkeypox,Monkeypox_MPSID_IMG_005447.png,train/Monkeypox/Monkeypox_MPSID_IMG_005447.png,224,224,3,PNG,96395,7abc8d70d89b900ed98ed6a725fac685b528b3854e3d4827d1e05834bb967113,8a1f7dd0787120f6
Monkeypox_MPSID_IMG_005449,train,Monkeypox,Monkeypox_MPSID_IMG_005449.png,train/Monkeypox/Monkeypox_MPSID_IMG_005449.png,224,224,3,PNG,79198,df11fd64a12962ccc7566cec0008b85ba78805f2be4bc3c4f461efc2b637d811,93dd32ca2ff81416
Monkeypox_MPSID_IMG_005450,train,Monkeypox,Monkeypox_MPSID_IMG_005450.png,train/Monkeypox/Monkeypox_MPSID_IMG_005450.png,224,224,3,PNG,87229,d26aa296248b5fa2f67b2b64c8a76b36b6e6a3c4fab93c4eb732bdd3da9e3364,91850cbf32998df3
Monkeypox_MPSID_IMG_005452,train,Monkeypox,Monkeypox_MPSID_IMG_005452.png,train/Monkeypox/Monkeypox_MPSID_IMG_005452.png,224,224,3,PNG,86310,b4cce9dbd6618b1996e3518e28bace749e9c1a43b050aef0448298fbe3784a38,a855a9db166ce744
Monkeypox_MPSID_IMG_005453,train,Monkeypox,Monkeypox_MPSID_IMG_005453.png,train/Monkeypox/Monkeypox_MPSID_IMG_005453.png,224,224,3,PNG,88832,910de8ee9fffa4b03cf71a8daa03a743ef71a065c7a7a62d8078cff6e9aec157,afd2b06d12926d4d
Monkeypox_MPSID_IMG_005454,train,Monkeypox,Monkeypox_MPSID_IMG_005454.png,train/Monkeypox/Monkeypox_MPSID_IMG_005454.png,224,224,3,PNG,108085,ca229c88d699d5e3418fc8f9a14c4dddc3b739cc93515c622eecb02051103502,8f00d07f1554be9b
Monkeypox_MPSID_IMG_005457,train,Monkeypox,Monkeypox_MPSID_IMG_005457.png,train/Monkeypox/Monkeypox_MPSID_IMG_005457.png,224,224,3,PNG,95851,763bd3618732d60bcffe231cd811ca03964e61a325bd2d28fc226a953ab62a37,c48e2b9d7af42a92
Monkeypox_MPSID_IMG_005458,train,Monkeypox,Monkeypox_MPSID_IMG_005458.png,train/Monkeypox/Monkeypox_MPSID_IMG_005458.png,224,224,3,PNG,71669,7c595333a82a041d8689704c7493848ee946fd755f842dde41c7e6fd31846304,c3e887b358a195e6
Monkeypox_MPSID_IMG_005459,train,Monkeypox,Monkeypox_MPSID_IMG_005459.png,train/Monkeypox/Monkeypox_MPSID_IMG_005459.png,224,224,3,PNG,98019,abb0f8bc090c312df4c985eb12486e4bbd8b26c95c10b6a18d10709816769489,bce0331dc08739fc
Monkeypox_MPSID_IMG_005460,train,Monkeypox,Monkeypox_MPSID_IMG_005460.png,train/Monkeypox/Monkeypox_MPSID_IMG_005460.png,224,224,3,PNG,91865,10172cc022a451e3554894114e507136cc579c806bf7e790305be218f65be883,90d9c6335cd36789
Monkeypox_MPSID_IMG_005461,train,Monkeypox,Monkeypox_MPSID_IMG_005461.png,train/Monkeypox/Monkeypox_MPSID_IMG_005461.png,224,224,3,PNG,95762,4bd4fa259da814fd2381f91acf18d7d1089385ea574efe0ccaddf6204880018f,d4616df36c2648a7
Monkeypox_MPSID_IMG_005462,train,Monkeypox,Monkeypox_MPSID_IMG_005462.png,train/Monkeypox/Monkeypox_MPSID_IMG_005462.png,224,224,3,PNG,93575,646ea45666c3f7efdc88007e407207e49957b87334e40093c19ac927a9e9f6e9,b6d7a785984a4a1d
Monkeypox_MPSID_IMG_005463,train,Monkeypox,Monkeypox_MPSID_IMG_005463.png,train/Monkeypox/Monkeypox_MPSID_IMG_005463.png,224,224,3,PNG,93802,c5423bd9ba7277cebb69a9d6260204a8735a3ee1b000691edb51b7e38ac0f583,df14b758ac1f4270
Monkeypox_MPSID_IMG_005465,train,Monkeypox,Monkeypox_MPSID_IMG_005465.png,train/Monkeypox/Monkeypox_MPSID_IMG_005465.png,224,224,3,PNG,74319,d7fdd69ea8aec49e1d77aa928cb8b7d4b72047573e255b3d59c68aa9bc0ae166,dc911ad12ea72ad5
Monkeypox_MPSID_IMG_005466,train,Monkeypox,Monkeypox_MPSID_IMG_005466.png,train/Monkeypox/Monkeypox_MPSID_IMG_005466.png,224,224,3,PNG,102211,a2019e6e3a56973e1a215a48a362cc08344f00f611f83f8ab7f34c85770e169d,917c63232f950f33
Monkeypox_MPSID_IMG_005468,train,Monkeypox,Monkeypox_MPSID_IMG_005468.png,train/Monkeypox/Monkeypox_MPSID_IMG_005468.png,224,224,3,PNG,79588,5edf75121f192c9aec01f0e1209a69e3ae6a5171a409793f6122ba5b7223ac53,91edc182aee3ead0
Monkeypox_MPSID_IMG_005469,train,Monkeypox,Monkeypox_MPSID_IMG_005469.png,train/Monkeypox/Monkeypox_MPSID_IMG_005469.png,224,224,3,PNG,85182,010c7aafb3fdf5dd32953a80a3b47edfbe9c9ad37c0ef81f09d6725e2178b6f0,f3cc6e9591a226d8
Monkeypox_MPSID_IMG_005470,train,Monkeypox,Monkeypox_MPSID_IMG_005470.png,train/Monkeypox/Monkeypox_MPSID_IMG_005470.png,224,224,3,PNG,95099,53825aa671a749c1446047df45bad021e5688a89281abedbd629612aa9816fd5,99da7f248532894f
Monkeypox_MPSID_IMG_005472,train,Monkeypox,Monkeypox_MPSID_IMG_005472.png,train/Monkeypox/Monkeypox_MPSID_IMG_005472.png,224,224,3,PNG,77601,91678174c14cb0d474f953dc955d6f0cd7ab0df07a96060eb805654b3033a6f9,82ed1ba2c41aed3e
Monkeypox_MPSID_IMG_005473,train,Monkeypox,Monkeypox_MPSID_IMG_005473.png,train/Monkeypox/Monkeypox_MPSID_IMG_005473.png,224,224,3,PNG,82921,9c998ffe6abdff54e8104b90b2e00f573f684aba0551d8a1e8e9ae10d33ebb12,a605455dd7505f55
Monkeypox_MPSID_IMG_005475,train,Monkeypox,Monkeypox_MPSID_IMG_005475.png,train/Monkeypox/Monkeypox_MPSID_IMG_005475.png,224,224,3,PNG,96150,dd39757e692b717c92a791da8a882c7b47f571c7f3a19d069727993e9c61d0ef,a5db399c66328a36
Monkeypox_MPSID_IMG_005476,train,Monkeypox,Monkeypox_MPSID_IMG_005476.png,train/Monkeypox/Monkeypox_MPSID_IMG_005476.png,224,224,3,PNG,94326,8f1f0bbffc677cd1dcbb71d30c61994d03d1af18f588987a18a333469b38265a,b198ae47d0e82f27
Monkeypox_MPSID_IMG_005477,train,Monkeypox,Monkeypox_MPSID_IMG_005477.png,train/Monkeypox/Monkeypox_MPSID_IMG_005477.png,224,224,3,PNG,89494,c3377394bab2320cf83aedcd6a34c22bda05b6ef14ec161d08c74d48883a1c20,9d39e00663e1273f
Monkeypox_MPSID_IMG_005479,train,Monkeypox,Monkeypox_MPSID_IMG_005479.png,train/Monkeypox/Monkeypox_MPSID_IMG_005479.png,224,224,3,PNG,79801,dabaa240b3f0459786b9ad302fa68b1edc7d2f692eb7f5940f26947a9782fab8,8ef7c38952f94c12
Monkeypox_MPSID_IMG_005480,train,Monkeypox,Monkeypox_MPSID_IMG_005480.png,train/Monkeypox/Monkeypox_MPSID_IMG_005480.png,224,224,3,PNG,76422,ccf525e0e449c897de3f61ed856470c414248e94168061334772b37869ea0eac,d7848ab95ca9f093
Monkeypox_MPSID_IMG_005481,train,Monkeypox,Monkeypox_MPSID_IMG_005481.png,train/Monkeypox/Monkeypox_MPSID_IMG_005481.png,224,224,3,PNG,89993,db996c621211bc5103bcdfffc881d3b9d07258f4103b51a48c4301b77e4a211e,95ba2e17952d934c
Monkeypox_MPSID_IMG_005482,train,Monkeypox,Monkeypox_MPSID_IMG_005482.png,train/Monkeypox/Monkeypox_MPSID_IMG_005482.png,224,224,3,PNG,94298,f41f0894df92bd1141422f890f0a452b7613000bdbe2a17f46329d03008c0d74,d56b6635f3306807
Monkeypox_MPSID_IMG_005484,train,Monkeypox,Monkeypox_MPSID_IMG_005484.png,train/Monkeypox/Monkeypox_MPSID_IMG_005484.png,224,224,3,PNG,83842,559386e24f0094f30091423541c5e8d08831ffbb628e82a3d1d59b09b2b299b9,a605455dd7505f55
Monkeypox_MPSID_IMG_005485,train,Monkeypox,Monkeypox_MPSID_IMG_005485.png,train/Monkeypox/Monkeypox_MPSID_IMG_005485.png,224,224,3,PNG,104161,182be240c70b38a1b29bdbd21bd76f505b3d5ad18dd45f5b8cb063c8ba4f79a2,85b46109e56475fb
Monkeypox_MPSID_IMG_005486,train,Monkeypox,Monkeypox_MPSID_IMG_005486.png,train/Monkeypox/Monkeypox_MPSID_IMG_005486.png,224,224,3,PNG,43431,fcfc05aa6de4648a9637592aa003d1394caa093e995a7b67df2f0a0e2cd1c084,f2b5ca047b3a8cca
Monkeypox_MPSID_IMG_005487,train,Monkeypox,Monkeypox_MPSID_IMG_005487.png,train/Monkeypox/Monkeypox_MPSID_IMG_005487.png,224,224,3,PNG,98936,e74b77188751412e4ca2d3a5366e786a36a4ccca14a4b04c4b971885f6b743e5,80881f70fef97cc1
Monkeypox_MPSID_IMG_005490,train,Monkeypox,Monkeypox_MPSID_IMG_005490.png,train/Monkeypox/Monkeypox_MPSID_IMG_005490.png,224,224,3,PNG,98821,d8584c810de919234f8192e9eec7addd7447b40f665f6b2e990709fb0a48e32e,ff8c16cbc1c23169
Monkeypox_MPSID_IMG_005493,train,Monkeypox,Monkeypox_MPSID_IMG_005493.png,train/Monkeypox/Monkeypox_MPSID_IMG_005493.png,224,224,3,PNG,79916,3f9829726da0d9c486423b6d7c3d8962ec0f7061c7c3745f4152e616bc15c7bf,fdeef08099e150e1
Monkeypox_MPSID_IMG_005495,train,Monkeypox,Monkeypox_MPSID_IMG_005495.png,train/Monkeypox/Monkeypox_MPSID_IMG_005495.png,224,224,3,PNG,64538,05967e431362d9a9b81f8954eb98e30511559ab0d1c03eff538dd84fc94d06a9,d49b42cc4759747c
Monkeypox_MPSID_IMG_005496,train,Monkeypox,Monkeypox_MPSID_IMG_005496.png,train/Monkeypox/Monkeypox_MPSID_IMG_005496.png,224,224,3,PNG,69596,446c3d5988a292afa8d0a5139c97fe450058b6fb8de709a03adbe58e33300ee1,85e89e9057ed454d
Monkeypox_MPSID_IMG_005497,train,Monkeypox,Monkeypox_MPSID_IMG_005497.png,train/Monkeypox/Monkeypox_MPSID_IMG_005497.png,224,224,3,PNG,81207,bf3b433e604a4633e398e1f08644460ed5ae4ec129fe4eea6397da8b4a877714,f9bc422a353a1f46
Monkeypox_MPSID_IMG_005498,train,Monkeypox,Monkeypox_MPSID_IMG_005498.png,train/Monkeypox/Monkeypox_MPSID_IMG_005498.png,224,224,3,PNG,77827,be59b92d55c4867d7485abe1671fbaf5ef197a41380056aa949264300acab3ce,8593188e6c1ffc27
Monkeypox_MPSID_IMG_005500,train,Monkeypox,Monkeypox_MPSID_IMG_005500.png,train/Monkeypox/Monkeypox_MPSID_IMG_005500.png,224,224,3,PNG,71479,1f7ff68b81b3f5fbdf91e9051db1a5d0017c72073b169457cb35185dcb1311f5,d4919391a9cf1c37
Monkeypox_MPSID_IMG_005501,train,Monkeypox,Monkeypox_MPSID_IMG_005501.png,train/Monkeypox/Monkeypox_MPSID_IMG_005501.png,224,224,3,PNG,78559,b0aa7b192eab7873b6f18662c1923a87a36f82a6469d9e427b06cd96b9350a31,fb3986cc4b297298
Monkeypox_MPSID_IMG_005502,train,Monkeypox,Monkeypox_MPSID_IMG_005502.png,train/Monkeypox/Monkeypox_MPSID_IMG_005502.png,224,224,3,PNG,74494,ea2c5b05d2f3e743a197cb329ba75eda9fc6f2d2301b38a5e87200a380454ec6,b698b5245f5283d5
Monkeypox_MPSID_IMG_005503,train,Monkeypox,Monkeypox_MPSID_IMG_005503.png,train/Monkeypox/Monkeypox_MPSID_IMG_005503.png,224,224,3,PNG,80195,366177ced4542b07b9cb11cfb51be0c9519e14baeaf3e35667d3628bf4d125d8,c6a53293b54c9cad
Monkeypox_MPSID_IMG_005505,train,Monkeypox,Monkeypox_MPSID_IMG_005505.png,train/Monkeypox/Monkeypox_MPSID_IMG_005505.png,224,224,3,PNG,81965,3b2bf612d5eb536560c32067ce91379ceabfade2bf3710e1dab6d91a7876c458,8c4b21131fbf1f8c
Monkeypox_MPSID_IMG_005506,train,Monkeypox,Monkeypox_MPSID_IMG_005506.png,train/Monkeypox/Monkeypox_MPSID_IMG_005506.png,224,224,3,PNG,87913,bace064c6a7d72b4ce3e75309faf524482da7109909e0558a7f48f60553e4e1b,b501465f176e4b56
Monkeypox_MPSID_IMG_005508,train,Monkeypox,Monkeypox_MPSID_IMG_005508.png,train/Monkeypox/Monkeypox_MPSID_IMG_005508.png,224,224,3,PNG,80366,ac50f4a0837cb39626d297a66970ff71f7446aaa7312b95e9bcec6c3379ed01b,95d46aea3bdd0c03
Monkeypox_MPSID_IMG_005509,train,Monkeypox,Monkeypox_MPSID_IMG_005509.png,train/Monkeypox/Monkeypox_MPSID_IMG_005509.png,224,224,3,PNG,97780,6efb5192032f8b9ca19cabe120237090f3dc9363672b6e3ed0bcf2cdef49c5c8,97f01fb731aa02aa
Monkeypox_MPSID_IMG_005510,train,Monkeypox,Monkeypox_MPSID_IMG_005510.png,train/Monkeypox/Monkeypox_MPSID_IMG_005510.png,224,224,3,PNG,79781,e27f39d3054d69d0e922478ec1476a5fbc8c72e06f8a5a8f9c8a7727e3eb1961,a3e867f414b02dab
Monkeypox_MSID_IMG_000669,train,Monkeypox,Monkeypox_MSID_IMG_000669.png,train/Monkeypox/Monkeypox_MSID_IMG_000669.png,224,224,3,PNG,69667,1a34d4e51b5ba8e07388e538f9624990c5b593c50ab7c51c48908021aab33b69,958a7e217d4026fd
Monkeypox_MSID_IMG_000674,train,Monkeypox,Monkeypox_MSID_IMG_000674.png,train/Monkeypox/Monkeypox_MSID_IMG_000674.png,224,224,3,PNG,77042,c6ecd3f62e5b27674c9d400e8b5b350f74226789d2b1d9551d95aec6e4c800ab,87d7a153a152b52b
Monkeypox_MSID_IMG_000679,train,Monkeypox,Monkeypox_MSID_IMG_000679.png,train/Monkeypox/Monkeypox_MSID_IMG_000679.png,224,224,3,PNG,90361,6edd44bc5a20e5c1500f6f471b35c23de0e0d7c80a9e6fb254502411a834c008,ca37ff1828fca481
Monkeypox_MSID_IMG_000680,train,Monkeypox,Monkeypox_MSID_IMG_000680.png,train/Monkeypox/Monkeypox_MSID_IMG_000680.png,224,224,3,PNG,83652,7a7d5856514343fabded63a92af744bbfc508dc3bd26d7d41733b9aa5dbadd05,945b5a6a6fa8a8a5
Monkeypox_MSID_IMG_000685,train,Monkeypox,Monkeypox_MSID_IMG_000685.png,train/Monkeypox/Monkeypox_MSID_IMG_000685.png,224,224,3,PNG,81203,8e26635ab65512fef101e9f64dcfea64e3e424756b3cdc3a6158b00d92246e4f,958a7e05586f68c7
Monkeypox_MSID_IMG_000686,train,Monkeypox,Monkeypox_MSID_IMG_000686.png,train/Monkeypox/Monkeypox_MSID_IMG_000686.png,224,224,3,PNG,66062,ef97a82b34e56dd98d1e94deee6cbf903e5799046f9422760e69c5b662a02d84,8c91f2d25e85b347
Monkeypox_MSID_IMG_000694,train,Monkeypox,Monkeypox_MSID_IMG_000694.png,train/Monkeypox/Monkeypox_MSID_IMG_000694.png,224,224,3,PNG,48330,ecdba8d2a9f028e4d5e8fb3dc979a5d1b96c69a6f2240d21f58883f48b048dcf,b71e8d2b4a5615a5
Monkeypox_MSID_IMG_000696,train,Monkeypox,Monkeypox_MSID_IMG_000696.png,train/Monkeypox/Monkeypox_MSID_IMG_000696.png,224,224,3,PNG,78556,9364fb2381a14671cde505108fb78f1eea799948e34882a1304eea12da076380,d14b41784d7d24cf
Monkeypox_MSID_IMG_000719,train,Monkeypox,Monkeypox_MSID_IMG_000719.png,train/Monkeypox/Monkeypox_MSID_IMG_000719.png,224,224,3,PNG,95187,076923c440caa36c2ba193db64464b06d840c7888f6502985ed27527bf5c10bc,de8571903366676a
Monkeypox_MSID_IMG_000720,train,Monkeypox,Monkeypox_MSID_IMG_000720.png,train/Monkeypox/Monkeypox_MSID_IMG_000720.png,224,224,3,PNG,91670,d380a32470589b49b764c8877a0725c58df8495e6fb6358d177130751b36ea07,a0e136b2b5565ba9
Monkeypox_MSID_IMG_000738,train,Monkeypox,Monkeypox_MSID_IMG_000738.png,train/Monkeypox/Monkeypox_MSID_IMG_000738.png,224,224,3,PNG,81248,8b42f510ce23d266142a6cb53801fe4f5171b7b3d855ec9b296c9db209fcfb9b,e1a5cad0733396cc
Monkeypox_MSID_IMG_000739,train,Monkeypox,Monkeypox_MSID_IMG_000739.png,train/Monkeypox/Monkeypox_MSID_IMG_000739.png,224,224,3,PNG,86474,81d2b69f8a07872e102b29d28be1ea315d9283dc1ea37f58bad14a221efeb662,809fd172b34ecc8d
Monkeypox_MSID_IMG_000741,train,Monkeypox,Monkeypox_MSID_IMG_000741.png,train/Monkeypox/Monkeypox_MSID_IMG_000741.png,224,224,3,PNG,82359,9287e0c704d6a5300a4c95dedcd6d52a3651cc75bd68b60946d29e93e9f0a4b1,ecd6ad5ab52a5409
Monkeypox_MSID_IMG_000742,train,Monkeypox,Monkeypox_MSID_IMG_000742.png,train/Monkeypox/Monkeypox_MSID_IMG_000742.png,224,224,3,PNG,63734,91d1e3fa48bd088cbbce35dbc2bc542d9ec46ccc006981060a9eb94116097051,934a4a51aab557ae
Monkeypox_MSID_IMG_000744,train,Monkeypox,Monkeypox_MSID_IMG_000744.png,train/Monkeypox/Monkeypox_MSID_IMG_000744.png,224,224,3,PNG,56921,eeae22054c7572cde62c0e753f0f5feb191ffae7f9cc6d89560c6ee34ef54410,8bc30103170f9fbf
Monkeypox_MSID_IMG_000745,train,Monkeypox,Monkeypox_MSID_IMG_000745.png,train/Monkeypox/Monkeypox_MSID_IMG_000745.png,224,224,3,PNG,75533,3ba0b73227888abcec5cfb397ed30777a565396a5ba7dd4aa159f84338668118,80793edc46b26e71
Monkeypox_MSID_IMG_000746,train,Monkeypox,Monkeypox_MSID_IMG_000746.png,train/Monkeypox/Monkeypox_MSID_IMG_000746.png,224,224,3,PNG,83069,bb9376b204f5a53a27e1cfca3ea2f9d77748460fff3940e9f19a37e81809714f,b1958e627a71ccd8
Monkeypox_MSID_IMG_000749,train,Monkeypox,Monkeypox_MSID_IMG_000749.png,train/Monkeypox/Monkeypox_MSID_IMG_000749.png,224,224,3,PNG,73435,f8cf2efe67558cc4a46207630c984583d948a9fa297782836d2fee072cf6e176,8305924c9968fdbf
Monkeypox_MSID_IMG_000751,train,Monkeypox,Monkeypox_MSID_IMG_000751.png,train/Monkeypox/Monkeypox_MSID_IMG_000751.png,224,224,3,PNG,92439,77181e0abd00f1497d0286ec42f3d54745a547e8833ee7488f99372e1bd79ddd,82eab5fa3ba45309
Monkeypox_MSID_IMG_000752,train,Monkeypox,Monkeypox_MSID_IMG_000752.png,train/Monkeypox/Monkeypox_MSID_IMG_000752.png,224,224,3,PNG,75137,31bc026f0df42ae215d84f3e33590f36965d98ab43d6baa27d91436714d5286b,a552ea35ca38e53a
Monkeypox_MSID_IMG_000755,train,Monkeypox,Monkeypox_MSID_IMG_000755.png,train/Monkeypox/Monkeypox_MSID_IMG_000755.png,224,224,3,PNG,44854,45f5e20e7714035639b9768941002af461dc8a94774b6c7a1d423a30f99a327d,d4ea02dd2b55387a
Monkeypox_MSID_IMG_000756,train,Monkeypox,Monkeypox_MSID_IMG_000756.png,train/Monkeypox/Monkeypox_MSID_IMG_000756.png,224,224,3,PNG,43803,4a8c3d66be6176eb999dc62b289934fbedec55f4a4b7f97537944818698c4e6e,b63313309f93998d
Monkeypox_MSID_IMG_000757,train,Monkeypox,Monkeypox_MSID_IMG_000757.png,train/Monkeypox/Monkeypox_MSID_IMG_000757.png,224,224,3,PNG,92527,4de93d3a25a3fb863588ff9fbabfe34a805abc05af9ac0d5d0d7ed2212182010,b936c0c9b669969a
Monkeypox_MSID_IMG_000759,train,Monkeypox,Monkeypox_MSID_IMG_000759.png,train/Monkeypox/Monkeypox_MSID_IMG_000759.png,224,224,3,PNG,82109,f37225fcea8487853146ab4f72ef7634473328169bfc50c88867847dcc60c5dc,838ba1e594aedce2
Monkeypox_MSID_IMG_000760,train,Monkeypox,Monkeypox_MSID_IMG_000760.png,train/Monkeypox/Monkeypox_MSID_IMG_000760.png,224,224,3,PNG,74880,cf8eb816458cefe3e500412590ce98bcb3991216c5a830f2f8536989b2ff33fe,b1ce0131cef1c771
Monkeypox_MSID_IMG_000763,train,Monkeypox,Monkeypox_MSID_IMG_000763.png,train/Monkeypox/Monkeypox_MSID_IMG_000763.png,224,224,3,PNG,92260,3e7478db67e1d064b5b1676720942cf9d75a6eaa0f9763b98d9332570c5d4886,d32e69d72cb9c608
Monkeypox_MSID_IMG_000766,train,Monkeypox,Monkeypox_MSID_IMG_000766.png,train/Monkeypox/Monkeypox_MSID_IMG_000766.png,224,224,3,PNG,98215,fbe080fbd540d9ae5aade380a407ed38083a88043cb87c8a7fff74f0a8a4ce49,b1988e6667b39389
Monkeypox_MSID_IMG_000767,train,Monkeypox,Monkeypox_MSID_IMG_000767.png,train/Monkeypox/Monkeypox_MSID_IMG_000767.png,224,224,3,PNG,64001,5f8577cde560e29573662c78d3ee997392f53dac3a84874efa7d4d1c301de7be,a8919f2666f8c999
Monkeypox_MSID_IMG_000770,train,Monkeypox,Monkeypox_MSID_IMG_000770.png,train/Monkeypox/Monkeypox_MSID_IMG_000770.png,224,224,3,PNG,48897,ec73942fd39e86c6ab06fa67641941b178dcdcfa07537495f64543ff10c09245,ba66d51a661d5266
Monkeypox_MSID_IMG_000771,train,Monkeypox,Monkeypox_MSID_IMG_000771.png,train/Monkeypox/Monkeypox_MSID_IMG_000771.png,224,224,3,PNG,59589,d479327dbdd5cffd1bca1ca1619aaa8cab48d682a4b989bb6404123405d9dddd,aab68789d064e5da
Monkeypox_MSID_IMG_000773,train,Monkeypox,Monkeypox_MSID_IMG_000773.png,train/Monkeypox/Monkeypox_MSID_IMG_000773.png,224,224,3,PNG,92596,4f78c020ec7cbfc9b1dbad559560c5bad645e712db7ed178e8e8825ebfbe2940,e425afe16a2bb095
Monkeypox_MSID_IMG_000775,train,Monkeypox,Monkeypox_MSID_IMG_000775.png,train/Monkeypox/Monkeypox_MSID_IMG_000775.png,224,224,3,PNG,105679,60b19f9ccca574cf789bbb9b1c4bcbd867db72bfb9dd791c847040cf6198b081,e5134b958b64e669
Monkeypox_MSID_IMG_000776,train,Monkeypox,Monkeypox_MSID_IMG_000776.png,train/Monkeypox/Monkeypox_MSID_IMG_000776.png,224,224,3,PNG,56762,b30ce5721695affb4fdc2db8176968fd5588e6e0378f1687a061cb6af2efcd73,83522432337bb4f7
Monkeypox_MSID_IMG_000778,train,Monkeypox,Monkeypox_MSID_IMG_000778.png,train/Monkeypox/Monkeypox_MSID_IMG_000778.png,224,224,3,PNG,67716,a915b6c16fc0d813c3ff70de6ed73026e2894de15e7b0497db97106196beec0d,84fb05085518bf7f
Monkeypox_MSID_IMG_000780,train,Monkeypox,Monkeypox_MSID_IMG_000780.png,train/Monkeypox/Monkeypox_MSID_IMG_000780.png,224,224,3,PNG,63760,aa58e5eee9ba00c5c0062f3175268016293aaf206320f75289d9688f665c1f17,80d70101e592fffd
Monkeypox_MSID_IMG_000782,train,Monkeypox,Monkeypox_MSID_IMG_000782.png,train/Monkeypox/Monkeypox_MSID_IMG_000782.png,224,224,3,PNG,75113,354480dcc870db2d8cc14e12419d3736cf4350c646e849ec5110c5679dd63fc3,ebc4e419996b6a64
Monkeypox_MSID_IMG_000783,train,Monkeypox,Monkeypox_MSID_IMG_000783.png,train/Monkeypox/Monkeypox_MSID_IMG_000783.png,224,224,3,PNG,58222,720c467a1dfa72fcbccade8d8a26b60cca9d613a5444180659c1330983ccc9be,e502a94205addb7f
Monkeypox_MSID_IMG_000786,train,Monkeypox,Monkeypox_MSID_IMG_000786.png,train/Monkeypox/Monkeypox_MSID_IMG_000786.png,224,224,3,PNG,91645,2d382e7360a42483f1af9b0672d51731b7fa32eaa779bef2b30da56d0eab72dd,cb16ff1b286ab490
Monkeypox_MSID_IMG_000789,train,Monkeypox,Monkeypox_MSID_IMG_000789.png,train/Monkeypox/Monkeypox_MSID_IMG_000789.png,224,224,3,PNG,71015,76a124e7aeac10c1570c67bdf7e506b5e90903cca5ddcde417104827ca231780,80a3f1acb556d359
Monkeypox_MSID_IMG_000790,train,Monkeypox,Monkeypox_MSID_IMG_000790.png,train/Monkeypox/Monkeypox_MSID_IMG_000790.png,224,224,3,PNG,88213,c9f9e8eede5be4f1ecd3bd9f8a32512c9fe096f24f825d71a825355103627264,878071e371b8c7cd
Monkeypox_MSID_IMG_000794,train,Monkeypox,Monkeypox_MSID_IMG_000794.png,train/Monkeypox/Monkeypox_MSID_IMG_000794.png,224,224,3,PNG,90671,84a71578f2883744283d632eb35cf29082216b70b3ec04057c4fc796d35f1dd0,bf75c0014fbe5cc0
Monkeypox_MSID_IMG_000798,train,Monkeypox,Monkeypox_MSID_IMG_000798.png,train/Monkeypox/Monkeypox_MSID_IMG_000798.png,224,224,3,PNG,51148,a6e01c448a0cbc11d620bc8dc3563e9d981ad0379ff6d355ee8807ed18029f38,998d3a0916864dff
Monkeypox_MSID_IMG_000799,train,Monkeypox,Monkeypox_MSID_IMG_000799.png,train/Monkeypox/Monkeypox_MSID_IMG_000799.png,224,224,3,PNG,53853,c12908b9cae98e049ecbe64c26261d1a067bb6d777f163d9f5e197eeb3db3f20,f7a000fecda06b27
Monkeypox_MSID_IMG_000800,train,Monkeypox,Monkeypox_MSID_IMG_000800.png,train/Monkeypox/Monkeypox_MSID_IMG_000800.png,224,224,3,PNG,71723,099c860277fbfb94dab21a7f71589efc2dbedbacaf50c2e57387ebbda61646be,f11e9a6a2c754c33
Monkeypox_MSID_IMG_000802,train,Monkeypox,Monkeypox_MSID_IMG_000802.png,train/Monkeypox/Monkeypox_MSID_IMG_000802.png,224,224,3,PNG,63115,fc495ed0224f58d820f20ef467b315b7ebca45e83f363d5bbaa86f732359c4e6,8551c1a16163e7ef
Monkeypox_MSID_IMG_000803,train,Monkeypox,Monkeypox_MSID_IMG_000803.png,train/Monkeypox/Monkeypox_MSID_IMG_000803.png,224,224,3,PNG,75187,87dbc35f3667244c206ec1869db0377f2753ee729ec4f65abd3d98091c412212,aada5655521553ad
Monkeypox_MSID_IMG_000804,train,Monkeypox,Monkeypox_MSID_IMG_000804.png,train/Monkeypox/Monkeypox_MSID_IMG_000804.png,224,224,3,PNG,104028,1fd9fcd0e5da3b4070064a4ce49960b283b8d0959e0f8da2e12683aae5123f97,b13b4aa03d84b9f5
Monkeypox_MSID_IMG_000808,train,Monkeypox,Monkeypox_MSID_IMG_000808.png,train/Monkeypox/Monkeypox_MSID_IMG_000808.png,224,224,3,PNG,63347,08a7db756d1521c54cfd0c01c00acda1eef75d27728ff68736996daaf7f70043,e2800d9d37bf889e
Monkeypox_MSID_IMG_000809,train,Monkeypox,Monkeypox_MSID_IMG_000809.png,train/Monkeypox/Monkeypox_MSID_IMG_000809.png,224,224,3,PNG,67896,1fc449fd3af8f163bf1e3b757f0ee1252d9ca3c1dacd51b434896d007302e63d,df90f4e700d0f80f
Monkeypox_MSID_IMG_000810,train,Monkeypox,Monkeypox_MSID_IMG_000810.png,train/Monkeypox/Monkeypox_MSID_IMG_000810.png,224,224,3,PNG,75330,b0f1a172df4fe2dbfe67b51efc539623e5e72cb7b6d0ad9ef15718d7ee2c3ad6,d741bda643720ec3
Monkeypox_MSID_IMG_000811,train,Monkeypox,Monkeypox_MSID_IMG_000811.png,train/Monkeypox/Monkeypox_MSID_IMG_000811.png,224,224,3,PNG,55561,db591f1dd4b11fb2f9b37eb8ce9e7511e751c0d3e021f54ca63cbb2319fb9dba,f1a30f0f81a2376d
Monkeypox_MSID_IMG_000812,train,Monkeypox,Monkeypox_MSID_IMG_000812.png,train/Monkeypox/Monkeypox_MSID_IMG_000812.png,224,224,3,PNG,54074,74931d981c334b0391a3b62a8cb12b99dfaf82e0c0d96b670b144bf1f74dbd21,e0c73f3cc903f28c
Monkeypox_MSID_IMG_000813,train,Monkeypox,Monkeypox_MSID_IMG_000813.png,train/Monkeypox/Monkeypox_MSID_IMG_000813.png,224,224,3,PNG,66148,7ef453444c2c66a419780ea41e99d9413dedff10628ce9e4ad05f6596d7f543d,be8f6172cc263463
Monkeypox_MSID_IMG_000814,train,Monkeypox,Monkeypox_MSID_IMG_000814.png,train/Monkeypox/Monkeypox_MSID_IMG_000814.png,224,224,3,PNG,71575,e6de5275203cc9e83e315ec28702a805a75d391a1a9ca9c4ec7e9f43a288c2c4,f391d85e0f0ae8e4
Monkeypox_MSID_IMG_000815,train,Monkeypox,Monkeypox_MSID_IMG_000815.png,train/Monkeypox/Monkeypox_MSID_IMG_000815.png,224,224,3,PNG,78742,fd972cb193eee48022998f6357b1ca381abfeb6c9d8ef885b7a0f20c3eeeb5a7,a3720f9cbdb01c65
Monkeypox_MSID_IMG_000816,train,Monkeypox,Monkeypox_MSID_IMG_000816.png,train/Monkeypox/Monkeypox_MSID_IMG_000816.png,224,224,3,PNG,109813,c3dc82a71ab0421eaa4986e19efb1ea16663cafd266d64183cb99b359ab29590,cb1fb5e942c0e5e0
Monkeypox_MSID_IMG_000817,train,Monkeypox,Monkeypox_MSID_IMG_000817.png,train/Monkeypox/Monkeypox_MSID_IMG_000817.png,224,224,3,PNG,78722,2a54222c13146320c6830aa52acabd3a42cdd268cd42cdba4de961654f219f91,e9c4660a965d9367
Monkeypox_MSID_IMG_000825,train,Monkeypox,Monkeypox_MSID_IMG_000825.png,train/Monkeypox/Monkeypox_MSID_IMG_000825.png,224,224,3,PNG,77470,d089663f37d3f8a88a27aa8759858d8e3593f53072c93bfb44adc563634d57e5,a469b6bd15d43968
Monkeypox_MSID_IMG_000826,train,Monkeypox,Monkeypox_MSID_IMG_000826.png,train/Monkeypox/Monkeypox_MSID_IMG_000826.png,224,224,3,PNG,70619,c424d2c92ced7bdb2ec41fd45b45f6b0f2431eeb720688491de700ca5b3ae683,e733c9a0f800e8ef
Monkeypox_MSID_IMG_000827,train,Monkeypox,Monkeypox_MSID_IMG_000827.png,train/Monkeypox/Monkeypox_MSID_IMG_000827.png,224,224,3,PNG,91673,f68535c5a62cdeda1f26ee0e82d85754b5fc6defa1622e3fc540f2490334d574,8c5abf9d40fcb610
Monkeypox_MSID_IMG_000831,train,Monkeypox,Monkeypox_MSID_IMG_000831.png,train/Monkeypox/Monkeypox_MSID_IMG_000831.png,224,224,3,PNG,62255,5e9caa73edbd52492a6ec5193985b7c958493c3cb39f968c84cf0ae21efdda46,a507c7f58e60743c
Monkeypox_MSID_IMG_000832,train,Monkeypox,Monkeypox_MSID_IMG_000832.png,train/Monkeypox/Monkeypox_MSID_IMG_000832.png,224,224,3,PNG,51264,8c32543248cf96e6ecd0937fd4003fbe9347ef943b68b1dd40504b96e8cbdd2d,e6b891768acfb038
Monkeypox_MSID_IMG_000838,train,Monkeypox,Monkeypox_MSID_IMG_000838.png,train/Monkeypox/Monkeypox_MSID_IMG_000838.png,224,224,3,PNG,64894,3f5135f90dc31eb19095b2c08ae22bb446b18fc3a62f399e854ec4b46c311e9d,8ef7c38952f94c12
Monkeypox_MSID_IMG_000839,train,Monkeypox,Monkeypox_MSID_IMG_000839.png,train/Monkeypox/Monkeypox_MSID_IMG_000839.png,224,224,3,PNG,51329,9fe1d84257d5f13e2793e8f5cc8b0a0eb6efa51c0ec518fd70cea1b550e5206a,d3646a292db5b592
Monkeypox_MSID_IMG_000846,train,Monkeypox,Monkeypox_MSID_IMG_000846.png,train/Monkeypox/Monkeypox_MSID_IMG_000846.png,224,224,3,PNG,93573,76fe1a6019ae1edbe9f4f7e4d624846578a96d7f62d00856cbfd658c4013a6f4,917c63232f950f33
Monkeypox_MSID_IMG_000849,train,Monkeypox,Monkeypox_MSID_IMG_000849.png,train/Monkeypox/Monkeypox_MSID_IMG_000849.png,224,224,3,PNG,36918,ee1d7f1e1676e5a7472cf0b60bbbc9ab0d22b496119dd3920750270451b6ea84,ba8d4f33c9b1388c
Monkeypox_MSID_IMG_000853,train,Monkeypox,Monkeypox_MSID_IMG_000853.png,train/Monkeypox/Monkeypox_MSID_IMG_000853.png,224,224,3,PNG,83944,81f50ffce1efbb66a4725d6538c534ed765017ebd60f564ad70f37b151e0d14a,f7d7cc8998d99028
Monkeypox_MSID_IMG_000856,train,Monkeypox,Monkeypox_MSID_IMG_000856.png,train/Monkeypox/Monkeypox_MSID_IMG_000856.png,224,224,3,PNG,88943,97d7ec0fd4abb5d08931af15d860027340616b7a9e4bf87a1158c5d21f32206f,ba95f9c636c22323
Monkeypox_MSID_IMG_000857,train,Monkeypox,Monkeypox_MSID_IMG_000857.png,train/Monkeypox/Monkeypox_MSID_IMG_000857.png,224,224,3,PNG,76699,6e7ad7fde1733fd8f91c55496f0a76a7d70baacad1c9cc4a0a78ee46fa99d5e3,c9ae000f38c07fdf
Monkeypox_MSID_IMG_000860,train,Monkeypox,Monkeypox_MSID_IMG_000860.png,train/Monkeypox/Monkeypox_MSID_IMG_000860.png,224,224,3,PNG,90194,2613dbc33918041a64445f64e8cc37779afde1d488cd059ab287e604ea659485,ac6a9bd8a42b56b4
Monkeypox_MSID_IMG_000866,train,Monkeypox,Monkeypox_MSID_IMG_000866.png,train/Monkeypox/Monkeypox_MSID_IMG_000866.png,224,224,3,PNG,71259,473c3d1596aba9ae6e2a3dfcbd257726c003cffc7504c9a3c43b784c4d2e8967,b093dbccc6c3c9e0
Monkeypox_MSID_IMG_000870,train,Monkeypox,Monkeypox_MSID_IMG_000870.png,train/Monkeypox/Monkeypox_MSID_IMG_000870.png,224,224,3,PNG,71508,3bc33f1719267bc5a5f7b32415f3c800e79f37dfd62ac1c4eb994e31bc3a47b9,8d481f7cbc7ca868
Monkeypox_MSID_IMG_000872,train,Monkeypox,Monkeypox_MSID_IMG_000872.png,train/Monkeypox/Monkeypox_MSID_IMG_000872.png,224,224,3,PNG,64629,b18fa48acb3eb8ff0fd7b7b4bce151cb0f109ee2750c6ceb1e58161477870242,83e06f80df40ff85
Monkeypox_MSID_IMG_000873,train,Monkeypox,Monkeypox_MSID_IMG_000873.png,train/Monkeypox/Monkeypox_MSID_IMG_000873.png,224,224,3,PNG,64410,18a7377784362b900f21710c16af7ec9377d47a9af6025bd9cf9e4f28f7ba66e,91036f4d5a5d3972
Monkeypox_MSID_IMG_000874,train,Monkeypox,Monkeypox_MSID_IMG_000874.png,train/Monkeypox/Monkeypox_MSID_IMG_000874.png,224,224,3,PNG,55282,175a3d648ae924386771d39fb21746c83a36328802c513e74d1d2f865a5fdcf7,c7f840cf05c0ef0f
Monkeypox_MSID_IMG_000878,train,Monkeypox,Monkeypox_MSID_IMG_000878.png,train/Monkeypox/Monkeypox_MSID_IMG_000878.png,224,224,3,PNG,79102,12969a06fee078bf608324e3da0aeea28a901184845a39c69741e4e63fc63d78,d6e914ea91caad94
Monkeypox_MSID_IMG_000883,train,Monkeypox,Monkeypox_MSID_IMG_000883.png,train/Monkeypox/Monkeypox_MSID_IMG_000883.png,224,224,3,PNG,93844,d150a0a99379eed7b6dbe305278c7c42ffcd3af178d6153aa7797b949cea8035,a1c696d2d9ccc98d
Monkeypox_MSID_IMG_000888,train,Monkeypox,Monkeypox_MSID_IMG_000888.png,train/Monkeypox/Monkeypox_MSID_IMG_000888.png,224,224,3,PNG,72841,ca4529f29b340c0dbe45ce9ce27e01c71ddbc3d840e6115b465140b2e37576a7,96cf8195e3e0627a
Monkeypox_MSID_IMG_000891,train,Monkeypox,Monkeypox_MSID_IMG_000891.png,train/Monkeypox/Monkeypox_MSID_IMG_000891.png,224,224,3,PNG,59735,d9af2c68bfc1659253d279918a420792f4aec03def0f0c2b69c3893dc0eb9547,8b41713f8d30fc47
Monkeypox_MSID_IMG_000892,train,Monkeypox,Monkeypox_MSID_IMG_000892.png,train/Monkeypox/Monkeypox_MSID_IMG_000892.png,224,224,3,PNG,71248,a96ec1aaf709ea9b808ad53f40586d3dddcd6cbbaa98783b479b2db5a2f3b669,f948e6359998616b
Monkeypox_MSID_IMG_000893,train,Monkeypox,Monkeypox_MSID_IMG_000893.png,train/Monkeypox/Monkeypox_MSID_IMG_000893.png,224,224,3,PNG,81124,2301dda058daa9642fbc3c00aacce333843ed3f82a946c36b89de47aaddaf3d8,8007ff7e0c7c7870
Monkeypox_MSID_IMG_000895,train,Monkeypox,Monkeypox_MSID_IMG_000895.png,train/Monkeypox/Monkeypox_MSID_IMG_000895.png,224,224,3,PNG,96688,bd5cc092c10429312e86a20087a2e5faa5bf7b19ece58ef40975e980ab3b0785,b36ccc1973668a93
Monkeypox_MSID_IMG_000896,train,Monkeypox,Monkeypox_MSID_IMG_000896.png,train/Monkeypox/Monkeypox_MSID_IMG_000896.png,224,224,3,PNG,69283,f33c5598576aade16575e968ebe55a63fbe14feabff40119d09a56d699c71052,ac1eb249cfc1c4ce
Monkeypox_MSID_IMG_000897,train,Monkeypox,Monkeypox_MSID_IMG_000897.png,train/Monkeypox/Monkeypox_MSID_IMG_000897.png,224,224,3,PNG,107466,42835d5c7db01f817d5ab5cd54247cc72fd99e4cfbbd85918bc6ea26bbdc1d16,85f56b3946518976
Monkeypox_MSID_IMG_000898,train,Monkeypox,Monkeypox_MSID_IMG_000898.png,train/Monkeypox/Monkeypox_MSID_IMG_000898.png,224,224,3,PNG,74560,e295d8232f72b778953fd3be982d4d24ac46d57de1684adff5960bfa31a39a50,a589f49ecf309983
Monkeypox_MSID_IMG_000903,train,Monkeypox,Monkeypox_MSID_IMG_000903.png,train/Monkeypox/Monkeypox_MSID_IMG_000903.png,224,224,3,PNG,57322,8294f0ceff3bf44b9d5d93ad190a02c6dc0938273e0a6702e90a77a0312420c4,f13cec4e56d544e0
Monkeypox_MSID_IMG_000908,train,Monkeypox,Monkeypox_MSID_IMG_000908.png,train/Monkeypox/Monkeypox_MSID_IMG_000908.png,224,224,3,PNG,90998,858f62aa381ff7958e7d6f276d259c6445e4b090241de29af69b1ba744d1cf8d,cffa10ad47b00ce3
Monkeypox_MSID_IMG_000915,train,Monkeypox,Monkeypox_MSID_IMG_000915.png,train/Monkeypox/Monkeypox_MSID_IMG_000915.png,224,224,3,PNG,92483,9ba97c4d4bea3be2ef8f88766e24671ff42a5733a36b04ecdf438d1502631adb,c63dfac017eaa283
Monkeypox_MSID_IMG_000923,train,Monkeypox,Monkeypox_MSID_IMG_000923.png,train/Monkeypox/Monkeypox_MSID_IMG_000923.png,224,224,3,PNG,79944,6b68ebb2c93bb676a72aca3320b8bf9822ce19f0e32ecec6f5f73ab9a15e5ae4,e21b94cda5699396
Monkeypox_MSID_IMG_000925,train,Monkeypox,Monkeypox_MSID_IMG_000925.png,train/Monkeypox/Monkeypox_MSID_IMG_000925.png,224,224,3,PNG,67827,46247a663cfeaa722f75db6534e08ea4fe0644cb2eb08ba0189a47d25163206d,aa94d2ed359a49b4
Monkeypox_MSID_IMG_000927,train,Monkeypox,Monkeypox_MSID_IMG_000927.png,train/Monkeypox/Monkeypox_MSID_IMG_000927.png,224,224,3,PNG,89579,caae102b756fbc8467d5c8632269444aeb39648dc4c8f3d35f5fdaa43f4d0e6d,ca37ff1868fca081
Monkeypox_MSID_IMG_000931,train,Monkeypox,Monkeypox_MSID_IMG_000931.png,train/Monkeypox/Monkeypox_MSID_IMG_000931.png,224,224,3,PNG,98448,03d88ce7996a5946a1e45b8c0c4a8147c767b767412d7b270d1686e0461855ca,da3372758507c53a
Monkeypox_MSID_IMG_000932,train,Monkeypox,Monkeypox_MSID_IMG_000932.png,train/Monkeypox/Monkeypox_MSID_IMG_000932.png,224,224,3,PNG,97766,8b9a3e3ca069c09f342c511b19cb1e163dd1e2e65a0606eb16f9b887282ffe8b,9c5c2dbc4273b2a5
Monkeypox_MSID_IMG_000938,train,Monkeypox,Monkeypox_MSID_IMG_000938.png,train/Monkeypox/Monkeypox_MSID_IMG_000938.png,224,224,3,PNG,87159,9e00b62b06ed02c432a6fcc8159e85cd8699842666ffc9231a897b944814ffcc,cb15b11aee4ea5b0
Monkeypox_MSLD_IMG_001335,train,Monkeypox,Monkeypox_MSLD_IMG_001335.jpg,train/Monkeypox/Monkeypox_MSLD_IMG_001335.jpg,224,224,3,JPEG,5513,8ea1f9b02af5f32e997b4298d53e05b670a9d90ccc7f73ba246d5882b4a10c90,b87e876bc81c4785
Monkeypox_MSLD_IMG_001336,train,Monkeypox,Monkeypox_MSLD_IMG_001336.jpg,train/Monkeypox/Monkeypox_MSLD_IMG_001336.jpg,224,224,3,JPEG,5887,87d254e8620b8b1ec17fa7a4e0d548abcc26881c071f6dc766a845c8d1a093bc,b005cf3a3e6138cf
Monkeypox_MSLD_IMG_001338,train,Monkeypox,Monkeypox_MSLD_IMG_001338.jpg,train/Monkeypox/Monkeypox_MSLD_IMG_001338.jpg,224,224,3,JPEG,5757,990ece7242d093e8239cc0c33ddf56378e54a4f3d7e2584c0ba25211f2176213,b2ec39621eb30c3b
Monkeypox_MSLD_IMG_001339,train,Monkeypox,Monkeypox_MSLD_IMG_001339.jpg,train/Monkeypox/Monkeypox_MSLD_IMG_001339.jpg,224,224,3,JPEG,5041,ae67d5540a16ffc17f5275bd3ecacb25a1c915c1644a2c81fcf2ff5e9f40c2d7,e502a94205addb7f
Monkeypox_MSLD_IMG_001341,train,Monkeypox,Monkeypox_MSLD_IMG_001341.jpg,train/Monkeypox/Monkeypox_MSLD_IMG_001341.jpg,224,224,3,JPEG,7315,4d45827830f49ad92e840207bdb1082f29909f529fd6ea03a4ac3ae529b4e314,e1a5cad0733396cc
Monkeypox_MSLD_IMG_001344,train,Monkeypox,Monkeypox_MSLD_IMG_001344.jpg,train/Monkeypox/Monkeypox_MSLD_IMG_001344.jpg,224,224,3,JPEG,2615,2a175684080eaf006614e898b22c24a92483c13092e72158c4c4c6725ee4f85c,eeb1116b942b7299
Monkeypox_MSLD_IMG_001345,train,Monkeypox,Monkeypox_MSLD_IMG_001345.jpg,train/Monkeypox/Monkeypox_MSLD_IMG_001345.jpg,224,224,3,JPEG,2637,b5fffd06570151998f445ae33c32a4864fa01bfe00390c5e24b1f7f7f044f7e2,fa61eccc957b3042
Monkeypox_MSLD_IMG_001346,train,Monkeypox,Monkeypox_MSLD_IMG_001346.jpg,train/Monkeypox/Monkeypox_MSLD_IMG_001346.jpg,224,224,3,JPEG,7629,3ed4476b9596e08d4bc73c2a994637039145aa51443351293b43d36967be9729,b3894db336cb4c8c
Monkeypox_MSLD_IMG_001347,train,Monkeypox,Monkeypox_MSLD_IMG_001347.jpg,train/Monkeypox/Monkeypox_MSLD_IMG_001347.jpg,224,224,3,JPEG,4952,1800081bf0af26bf630ea61653168d71aea845dfe6f72ef8476f08f442a1892d,e171e4cef9704346
Monkeypox_MSLD_IMG_001348,train,Monkeypox,Monkeypox_MSLD_IMG_001348.jpg,train/Monkeypox/Monkeypox_MSLD_IMG_001348.jpg,224,224,3,JPEG,6841,a59f36fd65e273bb3a68b528743cf907d94034157423cb52c8439be31cae23b1,d3d5cd583132c336
Monkeypox_MSLD_IMG_001349,train,Monkeypox,Monkeypox_MSLD_IMG_001349.jpg,train/Monkeypox/Monkeypox_MSLD_IMG_001349.jpg,224,224,3,JPEG,6196,18cc5a8a70f9c87524b2631eeada73f98f9a4b0a927d680fc76ddac27a513d5c,89b27f9144c79d16
Monkeypox_MSLD_IMG_001350,train,Monkeypox,Monkeypox_MSLD_IMG_001350.jpg,train/Monkeypox/Monkeypox_MSLD_IMG_001350.jpg,224,224,3,JPEG,6118,ad5ef76f5e7f2ceb113f961c6739d2896c8e092c0b33cc9029cbf8fb6359d10e,da95a7110e559b56
Monkeypox_MSLD_IMG_001351,train,Monkeypox,Monkeypox_MSLD_IMG_001351.jpg,train/Monkeypox/Monkeypox_MSLD_IMG_001351.jpg,224,224,3,JPEG,6642,e02e829126568c482ab6bee7850182c8f7fe05698391728941e04f92a69fbd98,ad829861c36bfcc9
Monkeypox_MSLD_IMG_001352,train,Monkeypox,Monkeypox_MSLD_IMG_001352.jpg,train/Monkeypox/Monkeypox_MSLD_IMG_001352.jpg,224,224,3,JPEG,7240,b6ef87997b7429ac4acbf5b6458ec58e26d8667397197e8171b5e4f9265d2fe6,93a7487e829f5e50
Monkeypox_MSLD_IMG_001353,train,Monkeypox,Monkeypox_MSLD_IMG_001353.jpg,train/Monkeypox/Monkeypox_MSLD_IMG_001353.jpg,224,224,3,JPEG,3967,772eea7fcc9234109e45f8eb4a27efdce1428af65fda79bd7b475c8bd77a8a9f,afb729251c2943ad
Monkeypox_MSLD_IMG_001354,train,Monkeypox,Monkeypox_MSLD_IMG_001354.jpg,train/Monkeypox/Monkeypox_MSLD_IMG_001354.jpg,224,224,3,JPEG,9297,1f87cb6fa76fe34ef815c3f7e83d0857ba853e55956c1336423d2d1c5127543c,85b46109e5a475fb
Monkeypox_MSLD_IMG_001357,train,Monkeypox,Monkeypox_MSLD_IMG_001357.jpg,train/Monkeypox/Monkeypox_MSLD_IMG_001357.jpg,224,224,3,JPEG,7324,ba04ed7f7ff01f7eee8701b867cea2b9d27852c9bb88665e362c5ad2cab56c88,84e1e07a1fcd714e
Monkeypox_MSLD_IMG_001363,train,Monkeypox,Monkeypox_MSLD_IMG_001363.jpg,train/Monkeypox/Monkeypox_MSLD_IMG_001363.jpg,224,224,3,JPEG,4829,1ff5d8c4277cef1442288311f21f2c1a030317150de409701247413e7b0ba068,adbbd42b9454a44b
Monkeypox_MSLD_IMG_001364,train,Monkeypox,Monkeypox_MSLD_IMG_001364.jpg,train/Monkeypox/Monkeypox_MSLD_IMG_001364.jpg,224,224,3,JPEG,6126,fcbf4ef2a0b6b00af395b29ce0400c07d590b45d42b8be2c135bdf0e64e799cb,a09d7227d96678b4
Monkeypox_MSLD_IMG_001367,train,Monkeypox,Monkeypox_MSLD_IMG_001367.jpg,train/Monkeypox/Monkeypox_MSLD_IMG_001367.jpg,224,224,3,JPEG,6601,87849ff1925722e46b428364ddb7a74232c7380af356ba04fc8410c34e6ed894,e9e9d01bc66047b5
Monkeypox_MSLD_IMG_001368,train,Monkeypox,Monkeypox_MSLD_IMG_001368.jpg,train/Monkeypox/Monkeypox_MSLD_IMG_001368.jpg,224,224,3,JPEG,6651,64987968e3ac46cb2f257003a624a9b0743c5e8cd80bbca524caa3577a26278d,cda0a4cce4358b6f
Monkeypox_MSLD_IMG_001369,train,Monkeypox,Monkeypox_MSLD_IMG_001369.jpg,train/Monkeypox/Monkeypox_MSLD_IMG_001369.jpg,224,224,3,JPEG,5196,799860f5348efc39d0757238d330956f5d0fd430a55a2bbe597dc69d38369877,f74a756849286c5b
Monkeypox_MSLD_IMG_001370,train,Monkeypox,Monkeypox_MSLD_IMG_001370.jpg,train/Monkeypox/Monkeypox_MSLD_IMG_001370.jpg,224,224,3,JPEG,3275,5d5fe1506e82243f4e6945c8beaaf7392b0d48bd4fe9021553789fbcc947e142,b049cf78307e01f7
Monkeypox_MSLD_IMG_001372,train,Monkeypox,Monkeypox_MSLD_IMG_001372.jpg,train/Monkeypox/Monkeypox_MSLD_IMG_001372.jpg,224,224,3,JPEG,6384,ee72ef6a2d9e27d2ffbd723a636ca66183f0f4774fe9fef0c3d0cc27d39e00f6,80aadd27558c753e
Monkeypox_MSLD_IMG_001373,train,Monkeypox,Monkeypox_MSLD_IMG_001373.jpg,train/Monkeypox/Monkeypox_MSLD_IMG_001373.jpg,224,224,3,JPEG,4220,839012f1f6694ca1b2ad95c43831aa7337c79052202f8f0f94aed3a88ab9d11f,d52a556a6bb59948
Monkeypox_MSLD_IMG_001377,train,Monkeypox,Monkeypox_MSLD_IMG_001377.jpg,train/Monkeypox/Monkeypox_MSLD_IMG_001377.jpg,224,224,3,JPEG,13635,70d65360ffc3b9f7223a57828751a45b36dad785fd3cf00cad27763be3424820,b0cb4b633acd05a7
Monkeypox_MSLD_IMG_001378,train,Monkeypox,Monkeypox_MSLD_IMG_001378.jpg,train/Monkeypox/Monkeypox_MSLD_IMG_001378.jpg,224,224,3,JPEG,11599,76324754aeaec7db0c624354e00ef162e0887c5cfa2950209220dc28ee81dc7e,a38e8e647789c966
Monkeypox_MSLD_IMG_001381,train,Monkeypox,Monkeypox_MSLD_IMG_001381.jpg,train/Monkeypox/Monkeypox_MSLD_IMG_001381.jpg,224,224,3,JPEG,6552,b183c87486ec41cb85dc60436135b251cdc5efa21b2ad1824ecacbd85e07ba49,e86b0cf57402b86f
Monkeypox_MSLD_IMG_001384,train,Monkeypox,Monkeypox_MSLD_IMG_001384.jpg,train/Monkeypox/Monkeypox_MSLD_IMG_001384.jpg,224,224,3,JPEG,4565,0a2b0169ba1043fbb2535d4f87789491ee25bdad52856af062faa8c6d554d4c9,99a552ad58b16af4
Monkeypox_MSLD_IMG_001385,train,Monkeypox,Monkeypox_MSLD_IMG_001385.jpg,train/Monkeypox/Monkeypox_MSLD_IMG_001385.jpg,224,224,3,JPEG,5093,e5d48ec920cd4e1336f52944dc13f248faa3d031ea88bd6598bf9310079755d6,9aa147a64996af5a
Monkeypox_MSLD_IMG_001386,train,Monkeypox,Monkeypox_MSLD_IMG_001386.jpg,train/Monkeypox/Monkeypox_MSLD_IMG_001386.jpg,224,224,3,JPEG,5414,1032bc5c2c0f4b697ca6ff177722d7d612b54c60da63057d62e629f47e540ee9,81e11ef63df3308a
Monkeypox_MSLD_IMG_001387,train,Monkeypox,Monkeypox_MSLD_IMG_001387.jpg,train/Monkeypox/Monkeypox_MSLD_IMG_001387.jpg,224,224,3,JPEG,5888,a22f76a44e5c466be655175785bbd454e60e516fd573d487dea5368f195efcb4,c0a34f174e9e65b2
Monkeypox_MSLD_IMG_001714,train,Monkeypox,Monkeypox_MSLD_IMG_001714.jpg,train/Monkeypox/Monkeypox_MSLD_IMG_001714.jpg,224,224,3,JPEG,5394,4a294f37b068a5e987766416f70c0e7d4339c3cacd960e3dc85f6a8d80aa3ef3,df9b2fd0c0c0b153
Monkeypox_MSLD_IMG_001715,train,Monkeypox,Monkeypox_MSLD_IMG_001715.jpg,train/Monkeypox/Monkeypox_MSLD_IMG_001715.jpg,224,224,3,JPEG,6149,51c9200b57d414991fc941b1b1710be3fd281a966ea629c49d2ea7c9561c75d5,c8f5cb0ab5775822
Monkeypox_MSLD_IMG_001716,train,Monkeypox,Monkeypox_MSLD_IMG_001716.jpg,train/Monkeypox/Monkeypox_MSLD_IMG_001716.jpg,224,224,3,JPEG,4598,fed35379f662fddbcbf1f4fb12f64ceb03c20208c5fa1e082414ce714cc8b933,e6795652aaad426a
Monkeypox_MSLD_IMG_001718,train,Monkeypox,Monkeypox_MSLD_IMG_001718.jpg,train/Monkeypox/Monkeypox_MSLD_IMG_001718.jpg,224,224,3,JPEG,5890,b77462e67195ffb9abc4863030c76a0a77396316c7e0531a055457e849652191,c1d146ca7fca2f09
Monkeypox_MSLD_IMG_001719,train,Monkeypox,Monkeypox_MSLD_IMG_001719.jpg,train/Monkeypox/Monkeypox_MSLD_IMG_001719.jpg,224,224,3,JPEG,10424,27b863cbe6ae39d12e38c128c1cdb4cd8edd5435681abd10a27d92264005515a,cf14e1493e7f42c2
Monkeypox_MSLD_IMG_001724,train,Monkeypox,Monkeypox_MSLD_IMG_001724.jpg,train/Monkeypox/Monkeypox_MSLD_IMG_001724.jpg,224,224,3,JPEG,6257,a76a6d8249fea18c115e9d2b3d0c0bc4f6419bade4e8d0996170674c777107af,d5a26b51a725ac96
Monkeypox_MSLD_IMG_001727,train,Monkeypox,Monkeypox_MSLD_IMG_001727.jpg,train/Monkeypox/Monkeypox_MSLD_IMG_001727.jpg,224,224,3,JPEG,5586,b2d54bd9ed8879ee0b5266c12249c1db1230c5b3ad62be9a33ae0a22c2101892,e2664e3cc13ef04d
Monkeypox_MSLD_IMG_001731,train,Monkeypox,Monkeypox_MSLD_IMG_001731.jpg,train/Monkeypox/Monkeypox_MSLD_IMG_001731.jpg,224,224,3,JPEG,5736,57a80f379cad0e1b94225dc54aa0eae95e9bcd6a616520fc653d2c51df4c74d4,958a7e217d4026fd
Monkeypox_MSLD_IMG_001746,train,Monkeypox,Monkeypox_MSLD_IMG_001746.jpg,train/Monkeypox/Monkeypox_MSLD_IMG_001746.jpg,224,224,3,JPEG,8115,ea2275f0ef3ebf74dc212cd42c17532b3ff6a1e5ff82a15df64a05de517ab5e1,917c63232f950f33
Monkeypox_MSLD_IMG_001749,train,Monkeypox,Monkeypox_MSLD_IMG_001749.jpg,train/Monkeypox/Monkeypox_MSLD_IMG_001749.jpg,224,224,3,JPEG,6454,aa98ffa9a6e4849a2a28e9319419366baadeb70f3c8641c8ed3d8043ccb7d886,e276c2c963b62a8b
Monkeypox_MSLD_IMG_001753,train,Monkeypox,Monkeypox_MSLD_IMG_001753.jpg,train/Monkeypox/Monkeypox_MSLD_IMG_001753.jpg,224,224,3,JPEG,8070,214894b8425f37a4de2ff20c4a0563a7ed476aad982fc8f4322bc6abfd4d37f3,b936c0c9b669969a
Monkeypox_MSLD_IMG_001754,train,Monkeypox,Monkeypox_MSLD_IMG_001754.jpg,train/Monkeypox/Monkeypox_MSLD_IMG_001754.jpg,224,224,3,JPEG,6710,7b5385486110def992fddedcc0b5e086b4cb97b3dda40ca4beefacefdac8f63e,838ba1e594aedce2
Monkeypox_MSLD_IMG_001757,train,Monkeypox,Monkeypox_MSLD_IMG_001757.jpg,train/Monkeypox/Monkeypox_MSLD_IMG_001757.jpg,224,224,3,JPEG,7955,8d88d8fdc82baaeee0d4ff1a892ade3a6e21ec9c42ecdd5bd98d67c20019208b,b759f1ca1a3384b4
Monkeypox_MSLD_IMG_001761,train,Monkeypox,Monkeypox_MSLD_IMG_001761.jpg,train/Monkeypox/Monkeypox_MSLD_IMG_001761.jpg,255,255,3,JPEG,6709,d6a2b73c80eccd35c4a84ae74388f25e84257e11d503d4cb1f305a151a4d44cf,fa7d6aeec85818c0
Monkeypox_MSLD_IMG_001762,train,Monkeypox,Monkeypox_MSLD_IMG_001762.jpg,train/Monkeypox/Monkeypox_MSLD_IMG_001762.jpg,255,255,3,JPEG,7014,2ac8a4c705efa64883d4f16453a8f3d53732ffc96c40f324ecb4b5eb3751f0b1,fffad8a028aaa22c
Monkeypox_MSLD_IMG_001765,train,Monkeypox,Monkeypox_MSLD_IMG_001765.jpg,train/Monkeypox/Monkeypox_MSLD_IMG_001765.jpg,224,224,3,JPEG,6284,a2ce8f8c8448d65b926df773db8ff1f0dd2c2143a7e96f8aa007e99cf2b326df,b6c9c63370ee8c31
Monkeypox_MSLD_IMG_001766,train,Monkeypox,Monkeypox_MSLD_IMG_001766.jpg,train/Monkeypox/Monkeypox_MSLD_IMG_001766.jpg,224,224,3,JPEG,3615,53fa41fb4aff2226f358497f29f72a01255f1c148e483d9df9e4323258ff1f40,d6517d6a59664a29
Monkeypox_MSLD_IMG_001767,train,Monkeypox,Monkeypox_MSLD_IMG_001767.jpg,train/Monkeypox/Monkeypox_MSLD_IMG_001767.jpg,224,224,3,JPEG,3895,6d9033d8f2a795c67e43011cce99f12681d1ccc0f5e6e3cbdff7b1a3e1a1dce4,92fe6aa13f2d083c
Monkeypox_MSLD_IMG_001768,train,Monkeypox,Monkeypox_MSLD_IMG_001768.jpg,train/Monkeypox/Monkeypox_MSLD_IMG_001768.jpg,224,224,3,JPEG,4501,5e4a8fa4b958e1ebc7c2d3abff180360ab6a36d473469cbfcdd8e91dd7913044,e3bcc0471cd86337
Monkeypox_MSLD_IMG_001769,train,Monkeypox,Monkeypox_MSLD_IMG_001769.jpg,train/Monkeypox/Monkeypox_MSLD_IMG_001769.jpg,224,224,3,JPEG,3552,93ba33fae4fc99beb00e260eb9f757093b14accd002a77c5fdc9cabc8dbf6196,f7bf39e11011032f
Monkeypox_MSLD_IMG_001770,train,Monkeypox,Monkeypox_MSLD_IMG_001770.jpg,train/Monkeypox/Monkeypox_MSLD_IMG_001770.jpg,224,224,3,JPEG,3449,8d04ce73747499b4aa2535d374fcd89cfcc951cd81508abf1c94b868bc223a7e,d974360b2f64d1d1
Monkeypox_MSLD_IMG_001771,train,Monkeypox,Monkeypox_MSLD_IMG_001771.jpg,train/Monkeypox/Monkeypox_MSLD_IMG_001771.jpg,224,224,3,JPEG,3196,6fbce4e97c5734b536f25a46c66c8db5d4c0e36c7efeb812eae59258e0218051,cd97c760f05f32a0
Monkeypox_MSLD_IMG_001772,train,Monkeypox,Monkeypox_MSLD_IMG_001772.jpg,train/Monkeypox/Monkeypox_MSLD_IMG_001772.jpg,224,224,3,JPEG,3514,521bfc54e5a1ba1ca91cbf241c85973bd83a19743f7a8717730fe5bb328b948e,d36924849b5b7d64
Monkeypox_MSLD_IMG_001773,train,Monkeypox,Monkeypox_MSLD_IMG_001773.jpg,train/Monkeypox/Monkeypox_MSLD_IMG_001773.jpg,224,224,3,JPEG,3259,6cfb66e640b200ef149a5591a420d28c2c31a83952391b7198fd003122a7bb41,bd686f09a5a57614
Monkeypox_MSLD_IMG_001774,train,Monkeypox,Monkeypox_MSLD_IMG_001774.jpg,train/Monkeypox/Monkeypox_MSLD_IMG_001774.jpg,224,224,3,JPEG,4217,b38fc4dab06fe1dfbf00e97d790364e336a0071284bfacf60d2aeedb0ede723e,ab654e161b3b6646
Monkeypox_MSLD_IMG_001775,train,Monkeypox,Monkeypox_MSLD_IMG_001775.jpg,train/Monkeypox/Monkeypox_MSLD_IMG_001775.jpg,224,224,3,JPEG,4829,e567e17b3d3a068197089f06c6902528a05746d939f690eb05de11746ff0520a,f9b5c68e99d264a0
Monkeypox_MSLD_IMG_001776,train,Monkeypox,Monkeypox_MSLD_IMG_001776.jpg,train/Monkeypox/Monkeypox_MSLD_IMG_001776.jpg,224,224,3,JPEG,5890,cf8a138063ad1f41482543757f46cef89b66f966094e40612eb20ba36506ec74,fc48e23335cc969c
Monkeypox_MSLD_IMG_001777,train,Monkeypox,Monkeypox_MSLD_IMG_001777.jpg,train/Monkeypox/Monkeypox_MSLD_IMG_001777.jpg,224,224,3,JPEG,7128,8ca633a0bc4e093a55ea5da2d15bb001b6afc6f23ae70b9f0825e5ff61adc4a4,9d39e00663e1273f
Monkeypox_MSLD_IMG_001778,train,Monkeypox,Monkeypox_MSLD_IMG_001778.jpg,train/Monkeypox/Monkeypox_MSLD_IMG_001778.jpg,224,224,3,JPEG,7549,78876523530493e628b62900a9398a38553f9bcde758ecbf1e333fc9d9ad55db,a680bbd7cb4b0d86
Monkeypox_MSLD_IMG_001779,train,Monkeypox,Monkeypox_MSLD_IMG_001779.jpg,train/Monkeypox/Monkeypox_MSLD_IMG_001779.jpg,224,224,3,JPEG,7594,38ffa49963fd3908cb7d21a8a416ae2e05eb00be7f055abd3737db732a47d3dc,95d46aea3bdd0c03
Monkeypox_MSLD_IMG_001781,train,Monkeypox,Monkeypox_MSLD_IMG_001781.jpg,train/Monkeypox/Monkeypox_MSLD_IMG_001781.jpg,224,224,3,JPEG,3831,14531c008a73aa22e72fd6c0b94c98a7505dc045e4baa983a7bcd2da00468f11,a99664eb85920abf
Monkeypox_MSLD_IMG_001782,train,Monkeypox,Monkeypox_MSLD_IMG_001782.jpg,train/Monkeypox/Monkeypox_MSLD_IMG_001782.jpg,224,224,3,JPEG,8014,5e6ed2c500b5fb28633a43b26a194a94e34fb93cbd0c2c24d4dbac6d80146484,aacb98bd261f5494
Monkeypox_MSLD_IMG_001783,train,Monkeypox,Monkeypox_MSLD_IMG_001783.jpg,train/Monkeypox/Monkeypox_MSLD_IMG_001783.jpg,224,224,3,JPEG,7925,f11442f1ab683efc1402ac4e6ae8f0db294175060417d6e89bd370bbde24731e,bfd6529ac1b0e464
Monkeypox_MSLD_IMG_001784,train,Monkeypox,Monkeypox_MSLD_IMG_001784.jpg,train/Monkeypox/Monkeypox_MSLD_IMG_001784.jpg,224,224,3,JPEG,7911,b2cb16b1ac0af805111802133550d4d4519371b538e090fdf770d2771346ba15,908946e75ad9adc6
Monkeypox_MSLD_IMG_001785,train,Monkeypox,Monkeypox_MSLD_IMG_001785.jpg,train/Monkeypox/Monkeypox_MSLD_IMG_001785.jpg,224,224,3,JPEG,8293,f23049e660a9bcadb7f1ba7624bbdb87153a4ebc1587a8cecf3e3f290392b270,8989d09c919b9bbb
Monkeypox_MSLD_IMG_001787,train,Monkeypox,Monkeypox_MSLD_IMG_001787.jpg,train/Monkeypox/Monkeypox_MSLD_IMG_001787.jpg,224,224,3,JPEG,10402,e0e6babfc58f2aa63abc33566fc0f88983da9df480998fffcdc4b75f90aab68d,e49d1d3576d6b180
Monkeypox_MSLD_IMG_001789,train,Monkeypox,Monkeypox_MSLD_IMG_001789.jpg,train/Monkeypox/Monkeypox_MSLD_IMG_001789.jpg,224,224,3,JPEG,5723,abc0051202f19a6b9c54ffffe1d99a404422f99a69d9dc78fcc9034439cb54a3,d66a2a369d9d1d0c
Monkeypox_MSLD_IMG_001790,train,Monkeypox,Monkeypox_MSLD_IMG_001790.jpg,train/Monkeypox/Monkeypox_MSLD_IMG_001790.jpg,224,224,3,JPEG,6079,526b0627da6fd6806a3076bc3fcbf35299a3379f06d66971e25ccd9946998093,95c2f1a5acb59994
Monkeypox_MSLD_IMG_001791,train,Monkeypox,Monkeypox_MSLD_IMG_001791.jpg,train/Monkeypox/Monkeypox_MSLD_IMG_001791.jpg,224,224,3,JPEG,6284,efd9a1ca1bba9602c582d81cf3c2bcdef378e8e962ebc31c78fd02333714e6db,95ba2e13952d9b4c
Monkeypox_MSLD_IMG_001794,train,Monkeypox,Monkeypox_MSLD_IMG_001794.jpg,train/Monkeypox/Monkeypox_MSLD_IMG_001794.jpg,224,224,3,JPEG,4969,63e57df89e7e3f61fb3efaadeba3895c640bbbbdc1e3be96a84e0fc727ec6162,d5976850521e9ee5
Monkeypox_MSLD_IMG_001795,train,Monkeypox,Monkeypox_MSLD_IMG_001795.jpg,train/Monkeypox/Monkeypox_MSLD_IMG_001795.jpg,224,224,3,JPEG,5385,5e1cf2ff5eb09af31d96c4c9f4ac4eddaca010c2921c79cc491875e7f4f70a31,f3638d9d2dee6040
Monkeypox_MSLD_IMG_001796,train,Monkeypox,Monkeypox_MSLD_IMG_001796.jpg,train/Monkeypox/Monkeypox_MSLD_IMG_001796.jpg,224,224,3,JPEG,5885,ae3903378b32e260dc9411a713554149506384988ed1b1d47180abd772edb195,a605455dd7505f55
Monkeypox_MSLD_IMG_001797,train,Monkeypox,Monkeypox_MSLD_IMG_001797.jpg,train/Monkeypox/Monkeypox_MSLD_IMG_001797.jpg,224,224,3,JPEG,5938,0fe5e585b631cd59ac9f8a545341a2c2ed2cd3522ff1f06795a408311be3dec7,8d566da56d226a72
Monkeypox_MSLD_IMG_001800,train,Monkeypox,Monkeypox_MSLD_IMG_001800.jpg,train/Monkeypox/Monkeypox_MSLD_IMG_001800.jpg,224,224,3,JPEG,5019,d46756bc8e8637d18e7980cb4c21186ae714fe3ae4bc50e84dfd8fe1fbe9aab1,8c91f2d65e85b346
Monkeypox_MSLD_IMG_001803,train,Monkeypox,Monkeypox_MSLD_IMG_001803.jpg,train/Monkeypox/Monkeypox_MSLD_IMG_001803.jpg,224,224,3,JPEG,3618,9b8e239ece15ac08b701600a69a354fde66badd3f3fcdd387c5e2eb534ed095d,f68bc93628cf3630
Monkeypox_MSLD_IMG_001805,train,Monkeypox,Monkeypox_MSLD_IMG_001805.jpg,train/Monkeypox/Monkeypox_MSLD_IMG_001805.jpg,224,224,3,JPEG,5411,9525e295359f9c506fed1def5c3824fd5041cfb59e3e55735463a805809bd13f,907da95a5a1d0b6e
Monkeypox_MSLD_IMG_001807,train,Monkeypox,Monkeypox_MSLD_IMG_001807.jpg,train/Monkeypox/Monkeypox_MSLD_IMG_001807.jpg,224,224,3,JPEG,8273,0b6fcf82f38ba5dbf02b19b1cc4e2f6514df6cbdaf4412192c87876afe0d460e,93e232a1f3b7b380
Monkeypox_MSLD_IMG_001810,train,Monkeypox,Monkeypox_MSLD_IMG_001810.jpg,train/Monkeypox/Monkeypox_MSLD_IMG_001810.jpg,224,224,3,JPEG,5436,ed2b3e634d0a2a3866f48d4a7cea48abe4f04fcd2978ec591f0629fae750f628,8e45aab4b192b5b3
Monkeypox_MSLD_IMG_001811,train,Monkeypox,Monkeypox_MSLD_IMG_001811.jpg,train/Monkeypox/Monkeypox_MSLD_IMG_001811.jpg,224,224,3,JPEG,3933,50353cff6e4ff7d3ab9985d3198d47f4a28b02d67d58736c9c4e463891613ca0,a6d898277e9a6439
Monkeypox_MSLD_IMG_001815,train,Monkeypox,Monkeypox_MSLD_IMG_001815.jpg,train/Monkeypox/Monkeypox_MSLD_IMG_001815.jpg,224,224,3,JPEG,9308,738bf285a7bb3a48731e5016729815bddde9b8f75acf04ed001aafee0d8c5c10,85f53ab293ca294b
Monkeypox_MSLD_IMG_001816,train,Monkeypox,Monkeypox_MSLD_IMG_001816.jpg,train/Monkeypox/Monkeypox_MSLD_IMG_001816.jpg,224,224,3,JPEG,8272,878e37cc05deb88ec066823fed544caca48b7e456226f98ac62b9d06d3f75180,921d4ee63ac92c67
Monkeypox_MSLD_IMG_001819,train,Monkeypox,Monkeypox_MSLD_IMG_001819.jpg,train/Monkeypox/Monkeypox_MSLD_IMG_001819.jpg,224,224,3,JPEG,8414,7bf4ddab3891acd424a6a7772b419ed90cfee80a0f5541ebfbac157bc42f2ea2,9f9b5998b8b13829
Monkeypox_MSLD_IMG_001820,train,Monkeypox,Monkeypox_MSLD_IMG_001820.jpg,train/Monkeypox/Monkeypox_MSLD_IMG_001820.jpg,224,224,3,JPEG,8584,49aba410b8b3d98a9772f820bfc301a8e498795a366956efa7d5e7bf599bf745,9f81f81dea17a00f
Monkeypox_MSLD_IMG_001821,train,Monkeypox,Monkeypox_MSLD_IMG_001821.jpg,train/Monkeypox/Monkeypox_MSLD_IMG_001821.jpg,224,224,3,JPEG,8443,d52a667c98b60e627799e9a9c3d7498f1b15fe15d1cdd374b29c2ade77e4fb5e,95d575e2f8ea2848
Monkeypox_MSLD_IMG_001824,train,Monkeypox,Monkeypox_MSLD_IMG_001824.jpg,train/Monkeypox/Monkeypox_MSLD_IMG_001824.jpg,224,224,3,JPEG,4053,2b94348413b582d9657674081f3733a7b2504c295fa6ca54d9a6e0d1cf011531,ffedc8e2318c80b1
Monkeypox_MSLD_IMG_001825,train,Monkeypox,Monkeypox_MSLD_IMG_001825.jpg,train/Monkeypox/Monkeypox_MSLD_IMG_001825.jpg,224,224,3,JPEG,5869,d450c6ff7ea1db21aec27d35bdfc906dc0391590266b820689a683871bbe9332,a2e023beb4b6b193
Monkeypox_MSLD_IMG_001826,train,Monkeypox,Monkeypox_MSLD_IMG_001826.jpg,train/Monkeypox/Monkeypox_MSLD_IMG_001826.jpg,224,224,3,JPEG,7274,9585ee335d629ca1a951617f7422ed34beae5294f8e7ca028678deeb32cbf6f0,c3875ef2118ed931
Monkeypox_MSLD_IMG_001827,train,Monkeypox,Monkeypox_MSLD_IMG_001827.jpg,train/Monkeypox/Monkeypox_MSLD_IMG_001827.jpg,224,224,3,JPEG,7392,1c363e8316565bc4a76e8fc6d7bf09d9579362ba8ea957f8a716ed71afa72ba0,be41a2ed85db8964
Monkeypox_MSLD_IMG_001828,train,Monkeypox,Monkeypox_MSLD_IMG_001828.jpg,train/Monkeypox/Monkeypox_MSLD_IMG_001828.jpg,224,224,3,JPEG,6246,2e3d1f5f6fa29466b752a768c6737ae6ced783c9ef5a88823746a695560e68ef,d8924e2cd13c9e8f
Monkeypox_MSLD_IMG_001829,train,Monkeypox,Monkeypox_MSLD_IMG_001829.jpg,train/Monkeypox/Monkeypox_MSLD_IMG_001829.jpg,224,224,3,JPEG,6118,d551ab3a84b1e2cfb321b56b68703009bee34ce0f2b605928eab6f37f0bd1b53,c81625aba60fdef0
Monkeypox_MSLD_IMG_001831,train,Monkeypox,Monkeypox_MSLD_IMG_001831.jpg,train/Monkeypox/Monkeypox_MSLD_IMG_001831.jpg,224,224,3,JPEG,5559,7706fbf7826fa73018dd5d5ad2791124ef23303ff38d5b011fc034e2f6a6e656,958e4f1f20d3d6a8
Monkeypox_MSLD_IMG_001833,train,Monkeypox,Monkeypox_MSLD_IMG_001833.jpg,train/Monkeypox/Monkeypox_MSLD_IMG_001833.jpg,224,224,3,JPEG,6238,8b7f9711c41874089ee321c9213699854f58d06f89485b61af4131f6e86f44b8,95857196c7d82b5a
Monkeypox_MSLD_IMG_001834,train,Monkeypox,Monkeypox_MSLD_IMG_001834.jpg,train/Monkeypox/Monkeypox_MSLD_IMG_001834.jpg,224,224,3,JPEG,6315,38daf2617d641515bce3fc8e82db773f06ea3933d97bfd129ad82a8cc6186707,979a84bde709ea03
Monkeypox_MSLD_IMG_001836,train,Monkeypox,Monkeypox_MSLD_IMG_001836.jpg,train/Monkeypox/Monkeypox_MSLD_IMG_001836.jpg,224,224,3,JPEG,6768,e8d208eb9c207a292d5d8fbb9e7bf5efd08883b64ab01671d76c5facd97aa111,c551aa4f65a7b4b0
Monkeypox_MSLD_IMG_001839,train,Monkeypox,Monkeypox_MSLD_IMG_001839.jpg,train/Monkeypox/Monkeypox_MSLD_IMG_001839.jpg,224,224,3,JPEG,4710,fdf88441a1caccffb6455b875b96fea842d38a9ed18016f5bc2837e5d39a4d30,ca9e3ca815982bdd
Monkeypox_MSLD_IMG_001841,train,Monkeypox,Monkeypox_MSLD_IMG_001841.jpg,train/Monkeypox/Monkeypox_MSLD_IMG_001841.jpg,224,224,3,JPEG,7132,3640835a03687f98270ff47bcf8acdd3c59c6663066df02d0bb739f81e905b63,addd30da27c968b0
Monkeypox_MSLD_IMG_001842,train,Monkeypox,Monkeypox_MSLD_IMG_001842.jpg,train/Monkeypox/Monkeypox_MSLD_IMG_001842.jpg,224,224,3,JPEG,8974,5071393ea0434ae2bdbc79e24bf688b840d87a2c5aed0a8b74ce605e233afd19,c48e2b9d7af42a92
Monkeypox_MSLD_IMG_001843,train,Monkeypox,Monkeypox_MSLD_IMG_001843.jpg,train/Monkeypox/Monkeypox_MSLD_IMG_001843.jpg,224,224,3,JPEG,6993,114e0c7d1f8287726530985c290deba8668abb36c6990b70a50ca79be9f6d35e,dc911ad12ea72ad5
Monkeypox_MSLD_IMG_001845,train,Monkeypox,Monkeypox_MSLD_IMG_001845.jpg,train/Monkeypox/Monkeypox_MSLD_IMG_001845.jpg,224,224,3,JPEG,3670,4513c4db99c98f5988f71457c1051a31c57ef279eca4ce6354103bb5da0bb65c,f2b5ca047b3a8cca
Monkeypox_MSLD_IMG_001846,train,Monkeypox,Monkeypox_MSLD_IMG_001846.jpg,train/Monkeypox/Monkeypox_MSLD_IMG_001846.jpg,224,224,3,JPEG,3464,75166a93d69558e158c913498e20b6da46b3c0f88a3469cc65512e8f670ed2c3,dfaf0ac0e150b8f8
Monkeypox_MSLD_IMG_001847,train,Monkeypox,Monkeypox_MSLD_IMG_001847.jpg,train/Monkeypox/Monkeypox_MSLD_IMG_001847.jpg,224,224,3,JPEG,3834,90659a9a5c46fd68afcc39a2c9bdb0faf38ca874e8142888f75b5e2db30fe852,ff0380f83b9bc170
Monkeypox_MSLD_IMG_001848,train,Monkeypox,Monkeypox_MSLD_IMG_001848.jpg,train/Monkeypox/Monkeypox_MSLD_IMG_001848.jpg,224,224,3,JPEG,6576,26f6d96b2c8dd29be30de296f7014d44be6187230e3aca4f5b808c57805c404f,e1faa3a82eaa2d29
Monkeypox_MSLD_IMG_001849,train,Monkeypox,Monkeypox_MSLD_IMG_001849.jpg,train/Monkeypox/Monkeypox_MSLD_IMG_001849.jpg,224,224,3,JPEG,5207,f1757eaaf0c6af18e231d81478e3aa4abfbd47b70d9e6b4dc6974715f3b4a991,ffda0420fa0e723c
Monkeypox_MSLD_IMG_001850,train,Monkeypox,Monkeypox_MSLD_IMG_001850.jpg,train/Monkeypox/Monkeypox_MSLD_IMG_001850.jpg,224,224,3,JPEG,5053,9bda98560a2b58cd8e29e8a81942c3861c81f957b6338e3c9b9c343199803ad7,bf428e10afd8f262
Monkeypox_MSLD_IMG_001851,train,Monkeypox,Monkeypox_MSLD_IMG_001851.jpg,train/Monkeypox/Monkeypox_MSLD_IMG_001851.jpg,224,224,3,JPEG,5320,f6f85cd72c902b5555d2216a59a82d7cb076771869262c7a0429c8e2bc211fe4,e3e78edc3c0a21b2
Monkeypox_MSLD_IMG_001853,train,Monkeypox,Monkeypox_MSLD_IMG_001853.jpg,train/Monkeypox/Monkeypox_MSLD_IMG_001853.jpg,224,224,3,JPEG,5372,184768eabc224dc3d4fddaf97346e0d13edd76f1e5305db6bd63fce91eb9d973,8bb9c37c05e09f49
Monkeypox_MSLD_IMG_001854,train,Monkeypox,Monkeypox_MSLD_IMG_001854.jpg,train/Monkeypox/Monkeypox_MSLD_IMG_001854.jpg,224,224,3,JPEG,5216,3a67439fd10a3e343cfb8f0fcac7c3a0188e5802afb5504acdd753d4f8ac7006,ff6fb66881404993
Monkeypox_MSLD_IMG_001856,train,Monkeypox,Monkeypox_MSLD_IMG_001856.jpg,train/Monkeypox/Monkeypox_MSLD_IMG_001856.jpg,224,224,3,JPEG,5614,e290166ec45e169d7eb220e150e1c8de2b29cb818a32126e2de6a96aed87e0f0,ab7bc464d35bc805
Monkeypox_MSLD_IMG_001857,train,Monkeypox,Monkeypox_MSLD_IMG_001857.jpg,train/Monkeypox/Monkeypox_MSLD_IMG_001857.jpg,224,224,3,JPEG,3858,e67628a4f86e2b5a5802d158f6ab843a578ab73e146a8fcb161d06a301eb2223,b1cb16c936ce198d
Monkeypox_MSLD_IMG_001858,train,Monkeypox,Monkeypox_MSLD_IMG_001858.jpg,train/Monkeypox/Monkeypox_MSLD_IMG_001858.jpg,224,224,3,JPEG,6791,7f6f1e8ccceb1c10c3ed3ce92b3f040b20655f91e5eba8b057dd5547345c65c5,830707fc73034efc
Monkeypox_MSLD_IMG_001860,train,Monkeypox,Monkeypox_MSLD_IMG_001860.jpg,train/Monkeypox/Monkeypox_MSLD_IMG_001860.jpg,224,224,3,JPEG,6366,ae50596a2ac7febc6b88442a8c2f4c0dc9bf008d1baa14facb122bd1cf1116e6,cf0d0e2a8912ed7d
Monkeypox_MSLD_IMG_001868,train,Monkeypox,Monkeypox_MSLD_IMG_001868.jpg,train/Monkeypox/Monkeypox_MSLD_IMG_001868.jpg,224,224,3,JPEG,3537,699dcb25e657f9efd98c754a6eec407bc247a8859ffc0361cf4baa8f38b91fb1,ac549372ccccf233
Monkeypox_MSLD_IMG_001869,train,Monkeypox,Monkeypox_MSLD_IMG_001869.jpg,train/Monkeypox/Monkeypox_MSLD_IMG_001869.jpg,224,224,3,JPEG,4001,70189256cfc6136e7158dbc594ef4c473fd65b0dec8a67844ec1f84355b4006e,ef29828ece999923
Monkeypox_MSLD_IMG_001870,train,Monkeypox,Monkeypox_MSLD_IMG_001870.jpg,train/Monkeypox/Monkeypox_MSLD_IMG_001870.jpg,224,224,3,JPEG,6142,e4f2a04c45da69697c27f34882e86f4a581a06d70f4c900de92a692e99771ae3,a07adb8c6e33cc4c
Monkeypox_MSLD_IMG_001873,train,Monkeypox,Monkeypox_MSLD_IMG_001873.jpg,train/Monkeypox/Monkeypox_MSLD_IMG_001873.jpg,224,224,3,JPEG,5185,cdc0574d87e65f376b4e4b4e02b2b3bc6862e45be40a7c7dec4de056bf7164d7,b3cd0d318c527367
Monkeypox_MSLD_IMG_001874,train,Monkeypox,Monkeypox_MSLD_IMG_001874.jpg,train/Monkeypox/Monkeypox_MSLD_IMG_001874.jpg,224,224,3,JPEG,4959,80b88e7419d59e4820fcdbef9ab349b326c6002ca4838d19d5c6197747096e57,eb3710e9b0e82b96
Monkeypox_MSLD_IMG_001879,train,Monkeypox,Monkeypox_MSLD_IMG_001879.jpg,train/Monkeypox/Monkeypox_MSLD_IMG_001879.jpg,224,224,3,JPEG,7813,59c4a2d63305ac9f4f98ff6eabadbbf74fc10c34900a3a6d23c161462fd18f56,9727ce8d181d2a3d
Monkeypox_MSLD_IMG_001880,train,Monkeypox,Monkeypox_MSLD_IMG_001880.jpg,train/Monkeypox/Monkeypox_MSLD_IMG_001880.jpg,224,224,3,JPEG,8122,340c670dd82fd3faa663536e8f4b00b4d16c1bfaa8a98baba1e99abd546cf52a,c3cc9b73846b5a68
Monkeypox_MSLD_IMG_001882,train,Monkeypox,Monkeypox_MSLD_IMG_001882.jpg,train/Monkeypox/Monkeypox_MSLD_IMG_001882.jpg,224,224,3,JPEG,7352,31fad1c3ee284265ebbd86d11badfa75dae31b13a20897757b89c93ddfc23c2e,b28e6dd23a45b668
Monkeypox_MSLD_IMG_001884,train,Monkeypox,Monkeypox_MSLD_IMG_001884.jpg,train/Monkeypox/Monkeypox_MSLD_IMG_001884.jpg,224,224,3,JPEG,6675,7f6a60abc4b9f31fcba267a4e4434c8d93b7beceeb3a4d6a2dd640133dfc9595,f68a91bd85a334aa
Monkeypox_MSLD_IMG_001885,train,Monkeypox,Monkeypox_MSLD_IMG_001885.jpg,train/Monkeypox/Monkeypox_MSLD_IMG_001885.jpg,224,224,3,JPEG,13537,ee2328b3102f4abf6047a436ee0cb548eafc51e94d82c440bae2e74a587d623a,e9c09cbe4959f306
Monkeypox_MSLD_IMG_001887,train,Monkeypox,Monkeypox_MSLD_IMG_001887.jpg,train/Monkeypox/Monkeypox_MSLD_IMG_001887.jpg,224,224,3,JPEG,8421,9608cd7a637b4a47412bef10653952a7fddfa91958514d62c238163d68064211,ac6dc961cbbcc892
Monkeypox_MSLD_IMG_001889,train,Monkeypox,Monkeypox_MSLD_IMG_001889.jpg,train/Monkeypox/Monkeypox_MSLD_IMG_001889.jpg,224,224,3,JPEG,3068,1dd6a0dc6abed9daa99ef8783619fc449e3a36d56c3c75f32e0a5545c16a8080,f6f42b2f3c30140f
Monkeypox_MSLD_IMG_001890,train,Monkeypox,Monkeypox_MSLD_IMG_001890.jpg,train/Monkeypox/Monkeypox_MSLD_IMG_001890.jpg,224,224,3,JPEG,3740,bcc1c0a6511cb0c7583aad7dd1945c6657ea96126f63c1f726458608e5a47a02,b9c1459eb8b1664e
Monkeypox_MSLD_IMG_001894,train,Monkeypox,Monkeypox_MSLD_IMG_001894.jpg,train/Monkeypox/Monkeypox_MSLD_IMG_001894.jpg,224,224,3,JPEG,3342,cd49b22f4671564ce8597cdaaa3da1123dd53b1be6b3ec711b2c6d7907dc309e,c39999c1ce36334d
Monkeypox_MSLD_IMG_001895,train,Monkeypox,Monkeypox_MSLD_IMG_001895.jpg,train/Monkeypox/Monkeypox_MSLD_IMG_001895.jpg,224,224,3,JPEG,3073,3c72b55a0c2088a9c39c9f646829a94518a38929fbeb749699d89ab6b865a662,fff18e8010ab8f86
Monkeypox_MSLD_IMG_001896,train,Monkeypox,Monkeypox_MSLD_IMG_001896.jpg,train/Monkeypox/Monkeypox_MSLD_IMG_001896.jpg,224,224,3,JPEG,2817,7831fd1f6b483201b0da992647b51e55159968e9f0d1a4d76ab0c031b09e95dc,a6d9996655992669
Monkeypox_MSLD_IMG_001897,train,Monkeypox,Monkeypox_MSLD_IMG_001897.jpg,train/Monkeypox/Monkeypox_MSLD_IMG_001897.jpg,224,224,3,JPEG,4199,fe56d25daa5e2ae8804fc5645340cbaf2922772614a219a8f64c718ff2ae65f1,b181ccac9bb1659b
Monkeypox_MSLD_IMG_001898,train,Monkeypox,Monkeypox_MSLD_IMG_001898.jpg,train/Monkeypox/Monkeypox_MSLD_IMG_001898.jpg,224,224,3,JPEG,2823,f32f0f74e45797b67dd6cf7302f588876cdac0b556327ad7bbcd3c0b4125ea85,b1d38c8e53313bcc
Monkeypox_MSLD_IMG_001899,train,Monkeypox,Monkeypox_MSLD_IMG_001899.jpg,train/Monkeypox/Monkeypox_MSLD_IMG_001899.jpg,224,224,3,JPEG,2962,53f61becb91ee6f2bd444d9a9bb2802f8b54e96b9c0f230b7332533c1ec791ad,94c7db180de72c3c
Monkeypox_MSLD_IMG_001900,train,Monkeypox,Monkeypox_MSLD_IMG_001900.jpg,train/Monkeypox/Monkeypox_MSLD_IMG_001900.jpg,224,224,3,JPEG,3217,3fccdb97b85ab4ab0decd3764020b2563783c720fbc627522baec002490f58b5,d2ff0d1e851712a5
Monkeypox_MSLD_IMG_001902,train,Monkeypox,Monkeypox_MSLD_IMG_001902.jpg,train/Monkeypox/Monkeypox_MSLD_IMG_001902.jpg,224,224,3,JPEG,3351,3a565bfd00ff93f8b0c23d83cd9f7fd3afd7c4a464cf74bfae3b2609d841cd61,e1ebb49c9a33318c
Monkeypox_MSLD_IMG_001903,train,Monkeypox,Monkeypox_MSLD_IMG_001903.jpg,train/Monkeypox/Monkeypox_MSLD_IMG_001903.jpg,224,224,3,JPEG,3529,c69ca63d69b629ccea925c175f5a38fa912292977d2db5444dc3d81361afbe52,8296f2aad2d94d53
Monkeypox_MSLD_IMG_001904,train,Monkeypox,Monkeypox_MSLD_IMG_001904.jpg,train/Monkeypox/Monkeypox_MSLD_IMG_001904.jpg,224,224,3,JPEG,5888,a92137f301a64f057e18bf75f7b88f20fd9042b61be5a2e26989e408cc4132e8,93919c665d997664
Monkeypox_MSLD_IMG_001905,train,Monkeypox,Monkeypox_MSLD_IMG_001905.jpg,train/Monkeypox/Monkeypox_MSLD_IMG_001905.jpg,224,224,3,JPEG,4296,c80f281fe5962fdc347ef7bce916baf30e9b8b6aa8e108260eadbfd6b30cfd27,a6cf995964645a93
Monkeypox_MSLD_IMG_001907,train,Monkeypox,Monkeypox_MSLD_IMG_001907.jpg,train/Monkeypox/Monkeypox_MSLD_IMG_001907.jpg,224,224,3,JPEG,6461,acb8953e6856f03079d7568dbc20867518fbb9386a0737f606fa5b3ee45756cd,ec91a1ecda0499f3
Monkeypox_MSLD_IMG_001911,train,Monkeypox,Monkeypox_MSLD_IMG_001911.jpg,train/Monkeypox/Monkeypox_MSLD_IMG_001911.jpg,195,195,3,JPEG,4806,627d26837bc988915005b2d399bdcb4bcc612a3e4cc28d2955d30166de32139b,e3baff00e8f007e0
Monkeypox_MSLD_IMG_001913,train,Monkeypox,Monkeypox_MSLD_IMG_001913.jpg,train/Monkeypox/Monkeypox_MSLD_IMG_001913.jpg,224,224,3,JPEG,5656,80470bb87af69720fe740c5894f8a731fedcfb8079a419ced8dd159d29eabcf1,a7628dd09dc62367
Monkeypox_MSLD_IMG_001914,train,Monkeypox,Monkeypox_MSLD_IMG_001914.jpg,train/Monkeypox/Monkeypox_MSLD_IMG_001914.jpg,224,224,3,JPEG,5397,ef4958eccec5165e0aa545c18c9bcc3ee45ad549c11b543412d0d9516ac43543,b8a5c2b338cdc39a
Monkeypox_MSLD_IMG_001915,train,Monkeypox,Monkeypox_MSLD_IMG_001915.jpg,train/Monkeypox/Monkeypox_MSLD_IMG_001915.jpg,224,224,3,JPEG,5799,812a1c881dfffc62004bbf9cb9b0b0be83dbd5ae087d17ca6275ae879bab970b,ee95a65a3d629035
Monkeypox_MSLD_IMG_001917,train,Monkeypox,Monkeypox_MSLD_IMG_001917.jpg,train/Monkeypox/Monkeypox_MSLD_IMG_001917.jpg,224,224,3,JPEG,3616,601e7bb142eae294673dfc8efef522cec7ca61c6cc47009f15071aa9779c6cb6,e0e59bb6a44ab44b
Monkeypox_MSLD_IMG_001918,train,Monkeypox,Monkeypox_MSLD_IMG_001918.jpg,train/Monkeypox/Monkeypox_MSLD_IMG_001918.jpg,224,224,3,JPEG,3845,020d791699c63a817eac2563d37a06ed5aadedbe2c0750c09d429594226dc19b,a1f1c6deb1499266
Monkeypox_MSLD_IMG_001919,train,Monkeypox,Monkeypox_MSLD_IMG_001919.jpg,train/Monkeypox/Monkeypox_MSLD_IMG_001919.jpg,224,224,3,JPEG,3714,3b7e8c3dafc2b98fb1ffa415cba6d3031b2336605521194437ea9e7d71be3ae8,a0f8c44e916f9ba9
Monkeypox_MSLD_IMG_001923,train,Monkeypox,Monkeypox_MSLD_IMG_001923.jpg,train/Monkeypox/Monkeypox_MSLD_IMG_001923.jpg,224,224,3,JPEG,6678,74ca4b805aa2e07a10a6ea807d87f2207bbd2814e79883aa5af441d9b986a121,d34c5233cc3749e6
Monkeypox_MSLD_IMG_001924,train,Monkeypox,Monkeypox_MSLD_IMG_001924.jpg,train/Monkeypox/Monkeypox_MSLD_IMG_001924.jpg,224,224,3,JPEG,3344,06edb555179e58ff6d6b03fd3853c9762091cfdcc22f58d53c5906251d10b495,bbf7f1e3c082030e
Monkeypox_MSLD_IMG_001925,train,Monkeypox,Monkeypox_MSLD_IMG_001925.jpg,train/Monkeypox/Monkeypox_MSLD_IMG_001925.jpg,224,224,3,JPEG,5248,9dcddbd00374115372bf73590a9fedb6d4136ce7697b15e833834854a9e37b69,f6d55b6440d87278
Monkeypox_MSLD_IMG_001974,train,Monkeypox,Monkeypox_MSLD_IMG_001974.jpg,train/Monkeypox/Monkeypox_MSLD_IMG_001974.jpg,224,224,3,JPEG,8776,b777faf56b1ef89a7cc49d9df219f1af9b6d1c4534f12962637e01c2bb8cd8df,de8571903366676a
Monkeypox_MSLD_IMG_001976,train,Monkeypox,Monkeypox_MSLD_IMG_001976.jpg,train/Monkeypox/Monkeypox_MSLD_IMG_001976.jpg,224,224,3,JPEG,9926,f87dbd5aa457b59e2a7c01e15c33297c13fc27ac24b4d1c0990e663254e891d5,89989e667399cc66
Monkeypox_MSLD_IMG_001978,train,Monkeypox,Monkeypox_MSLD_IMG_001978.jpg,train/Monkeypox/Monkeypox_MSLD_IMG_001978.jpg,224,224,3,JPEG,7228,70c90d514ceb561eba901c0010b7119a5e1596d2cf2d62b10a83755180034b1b,8198c133e78dccbd
Monkeypox_MSLD_IMG_001979,train,Monkeypox,Monkeypox_MSLD_IMG_001979.jpg,train/Monkeypox/Monkeypox_MSLD_IMG_001979.jpg,224,224,3,JPEG,8009,b95232a8f935b5ef4f563c6b525a800c4bf49817e9d45d7e23161032915aebad,b584aba9d5626a59
Monkeypox_MSLD_IMG_001980,train,Monkeypox,Monkeypox_MSLD_IMG_001980.jpg,train/Monkeypox/Monkeypox_MSLD_IMG_001980.jpg,224,224,3,JPEG,8850,5c89e9a883b6e261e70d38b4e1d538f84572bfbefad09647cbb6c6b800887961,c19f3b1c431b6339
Monkeypox_MSLD_IMG_001981,train,Monkeypox,Monkeypox_MSLD_IMG_001981.jpg,train/Monkeypox/Monkeypox_MSLD_IMG_001981.jpg,224,224,3,JPEG,6082,07fe04fd23507e326855c48bca8bfa591e3f574b4bce27ed272aa632da204cb2,953fc562c7c3a2c4
Monkeypox_MSLD_IMG_001983,train,Monkeypox,Monkeypox_MSLD_IMG_001983.jpg,train/Monkeypox/Monkeypox_MSLD_IMG_001983.jpg,224,224,3,JPEG,6235,320f1703a717a2409ab66b090d730f6985565316d8caa6e3e5c81a48992bba4a,c6d1c7f9c2848d9a
Monkeypox_TKITTY_IMG_005012,train,Monkeypox,Monkeypox_TKITTY_IMG_005012.jpg,train/Monkeypox/Monkeypox_TKITTY_IMG_005012.jpg,224,224,3,JPEG,4747,10c88b17959cbb817d79ea9738283a45665cadd6844425255ecc98fead2b6fb5,8e0fe4c74d4d8d89
Monkeypox_TKITTY_IMG_005014,train,Monkeypox,Monkeypox_TKITTY_IMG_005014.jpg,train/Monkeypox/Monkeypox_TKITTY_IMG_005014.jpg,224,224,3,JPEG,5511,08a2bc1209c08e45c3a3943138dc19792b4789ffb64143a0803558df116be9ff,b87e876bc81c4785
Monkeypox_TKITTY_IMG_005018,train,Monkeypox,Monkeypox_TKITTY_IMG_005018.jpg,train/Monkeypox/Monkeypox_TKITTY_IMG_005018.jpg,224,224,3,JPEG,6445,519f9045dacdcbf2d5bcc782b7a184b970a2293b2ad1b9d1d109146065023d70,e303388739ee3d1c
Monkeypox_TKITTY_IMG_005019,train,Monkeypox,Monkeypox_TKITTY_IMG_005019.jpg,train/Monkeypox/Monkeypox_TKITTY_IMG_005019.jpg,224,224,3,JPEG,5868,ee0168a170967a3b2fa4584e54563723a0cf58c1102e0e9d556d6ccdfbefa3de,8ae07d40be47f50e
Monkeypox_TKITTY_IMG_005035,train,Monkeypox,Monkeypox_TKITTY_IMG_005035.jpg,train/Monkeypox/Monkeypox_TKITTY_IMG_005035.jpg,224,224,3,JPEG,5890,3c7e2273e9680e7e20e80f06bd8e159aa7f2e23d5dfa59f0186ddbbfaf2897e5,fc48e23335cc969c
Monkeypox_TKITTY_IMG_005037,train,Monkeypox,Monkeypox_TKITTY_IMG_005037.jpg,train/Monkeypox/Monkeypox_TKITTY_IMG_005037.jpg,224,224,3,JPEG,7630,cc59a0a6f406416da115265cabdebf397a4f784ba64b6b85b4d2b9355d8e037b,b3894db336cb4c8c
Monkeypox_TKITTY_IMG_005039,train,Monkeypox,Monkeypox_TKITTY_IMG_005039.jpg,train/Monkeypox/Monkeypox_TKITTY_IMG_005039.jpg,224,224,3,JPEG,7549,8aa47300d412c65195794b2b53bfc13b12be8e433e8da61ab601cfad342abbd2,a680bbd7cb4b0d86
Monkeypox_TKITTY_IMG_005042,train,Monkeypox,Monkeypox_TKITTY_IMG_005042.jpg,train/Monkeypox/Monkeypox_TKITTY_IMG_005042.jpg,224,224,3,JPEG,3831,ed163e0a5074b585e081ddcabc2f12051bbc8b8423970f145dd9098b64b309a2,a99664eb85920abf
Monkeypox_TKITTY_IMG_005043,train,Monkeypox,Monkeypox_TKITTY_IMG_005043.jpg,train/Monkeypox/Monkeypox_TKITTY_IMG_005043.jpg,224,224,3,JPEG,8014,d79a525ae7640eab6338ef5a82206208c89f988dcf6e594086b6aa150f382d51,aacb98bd261f5494
Monkeypox_TKITTY_IMG_005046,train,Monkeypox,Monkeypox_TKITTY_IMG_005046.jpg,train/Monkeypox/Monkeypox_TKITTY_IMG_005046.jpg,224,224,3,JPEG,7922,2dc71c00928f3e32381a6df4821e7122df839f57df0c4eb1f444940ed37037d9,908946e75ad9adc6
Monkeypox_TKITTY_IMG_005048,train,Monkeypox,Monkeypox_TKITTY_IMG_005048.jpg,train/Monkeypox/Monkeypox_TKITTY_IMG_005048.jpg,224,224,3,JPEG,8850,6ad87bcb3f826f262351180243f1e884db469b34da847a4516820170ed24a19f,c19f3b1c431b6339
Monkeypox_TKITTY_IMG_005054,train,Monkeypox,Monkeypox_TKITTY_IMG_005054.jpg,train/Monkeypox/Monkeypox_TKITTY_IMG_005054.jpg,224,224,3,JPEG,6079,5377d3572088ca2e016f7609f5e1a35120439a781382851fca33cbc94a6c1aab,95c2f1a5acb59994
Monkeypox_TKITTY_IMG_005058,train,Monkeypox,Monkeypox_TKITTY_IMG_005058.jpg,train/Monkeypox/Monkeypox_TKITTY_IMG_005058.jpg,224,224,3,JPEG,4968,930471c312df738a61863968227a96deaba51e94126b017651b01d9154d0b533,d5976850521e9ee5
Monkeypox_TKITTY_IMG_005060,train,Monkeypox,Monkeypox_TKITTY_IMG_005060.jpg,train/Monkeypox/Monkeypox_TKITTY_IMG_005060.jpg,224,224,3,JPEG,6344,7ba538285398546ce1e91e8f369fe37f8290ac6b52f729034d0632e25369a644,f29342dc1c5f0ad9
Monkeypox_TKITTY_IMG_005061,train,Monkeypox,Monkeypox_TKITTY_IMG_005061.jpg,train/Monkeypox/Monkeypox_TKITTY_IMG_005061.jpg,224,224,3,JPEG,6320,62a207f9cec28196e03666e17a53ac428c9d527ec825e5c474b5d6134a7ccf48,eee5031e594467c9
Monkeypox_TKITTY_IMG_005071,train,Monkeypox,Monkeypox_TKITTY_IMG_005071.jpg,train/Monkeypox/Monkeypox_TKITTY_IMG_005071.jpg,224,224,3,JPEG,3988,2e05b063b9c9b0f2203d9a70a008b319b147598e5609e4abfe11ae7d9c39b73f,d4aa80559bbb9574
Monkeypox_TKITTY_IMG_005072,train,Monkeypox,Monkeypox_TKITTY_IMG_005072.jpg,train/Monkeypox/Monkeypox_TKITTY_IMG_005072.jpg,224,224,3,JPEG,5114,8ded064204f54fa007ffff94b67825b813df3082ef1b52ca5ddf744f3c62198f,dce639cca31c0799
Monkeypox_TKITTY_IMG_005073,train,Monkeypox,Monkeypox_TKITTY_IMG_005073.jpg,train/Monkeypox/Monkeypox_TKITTY_IMG_005073.jpg,224,224,3,JPEG,4967,83df011461bbbe39d8ce20a83f9314ee4c3fbc555d5b2109e2c8da3034c59f11,df8a323b6e62682a
Monkeypox_TKITTY_IMG_005080,train,Monkeypox,Monkeypox_TKITTY_IMG_005080.jpg,train/Monkeypox/Monkeypox_TKITTY_IMG_005080.jpg,224,224,3,JPEG,6083,c2fbdabd9ffb9252409bc2e5e8a66fd67deb82a3bccfb96bc209c815fa9de9e4,953fc562c7c3a2c4
Monkeypox_TKITTY_IMG_005081,train,Monkeypox,Monkeypox_TKITTY_IMG_005081.jpg,train/Monkeypox/Monkeypox_TKITTY_IMG_005081.jpg,224,224,3,JPEG,6163,f2c28cf96723a7ea90565e057d2df78f08e3752823d76e015e18d745adbe4296,fad5c569f6920246
Monkeypox_TKITTY_IMG_005084,train,Monkeypox,Monkeypox_TKITTY_IMG_005084.jpg,train/Monkeypox/Monkeypox_TKITTY_IMG_005084.jpg,224,224,3,JPEG,5436,380b29551aaf143284489ae199cb69e9163a5ca1da143906ba08e92f6fce96e5,8e45aab4b192b5b3
Monkeypox_TKITTY_IMG_005089,train,Monkeypox,Monkeypox_TKITTY_IMG_005089.jpg,train/Monkeypox/Monkeypox_TKITTY_IMG_005089.jpg,224,224,3,JPEG,9310,f5718a1ddc2b3cc1b55c14c087f79083982bcff04f521208d1459c789ccecb5a,85f53ab293ca294b
Monkeypox_TKITTY_IMG_005090,train,Monkeypox,Monkeypox_TKITTY_IMG_005090.jpg,train/Monkeypox/Monkeypox_TKITTY_IMG_005090.jpg,224,224,3,JPEG,8272,988ebbb72b065cc4bdf1ad5a33c412bbf47bea024762e678558740c4873d5845,921d4ee63ac92c67
Monkeypox_TKITTY_IMG_005091,train,Monkeypox,Monkeypox_TKITTY_IMG_005091.jpg,train/Monkeypox/Monkeypox_TKITTY_IMG_005091.jpg,224,224,3,JPEG,6235,45f2921ff655bb6076736a925badb306a7dff6e6aa8fa93661d9aa7f12bd20f6,c6d1c7f9c2848d9a
Monkeypox_TKITTY_IMG_005099,train,Monkeypox,Monkeypox_TKITTY_IMG_005099.jpg,train/Monkeypox/Monkeypox_TKITTY_IMG_005099.jpg,224,224,3,JPEG,7325,3a8f4a7507243b00b37fffa5e459378669aabf207df652da5b22a4b2c17e6d25,84e1e07a1fcd714e
Monkeypox_TKITTY_IMG_005104,train,Monkeypox,Monkeypox_TKITTY_IMG_005104.jpg,train/Monkeypox/Monkeypox_TKITTY_IMG_005104.jpg,224,224,3,JPEG,8414,7a66665edafacf9ae355597ce1928395c1770c3d413aaeaae89878a0a71bd0af,9f9b5998b8b13829
Monkeypox_TKITTY_IMG_005105,train,Monkeypox,Monkeypox_TKITTY_IMG_005105.jpg,train/Monkeypox/Monkeypox_TKITTY_IMG_005105.jpg,224,224,3,JPEG,8588,5f82bcaef39dd255e8d192c909257cbaea5089473edea22ef97bc37f761573dc,9f81f81dea17a00f
101_bright_jpg.rf.4b367a61e6ca25208c401b070f9934e4,train,Normal,101_bright_jpg.rf.4b367a61e6ca25208c401b070f9934e4.jpg,train/Normal/101_bright_jpg.rf.4b367a61e6ca25208c401b070f9934e4.jpg,640,640,3,JPEG,26231,a0b66d0dddb3dfc6b41a1424ce2d70a49b61af59e9b086caaaae1a66432eb220,d560407a437b5c7b
101_bright_jpg.rf.6cf402876ee25874fdc5c8ce97b1130f,train,Normal,101_bright_jpg.rf.6cf402876ee25874fdc5c8ce97b1130f.jpg,train/Normal/101_bright_jpg.rf.6cf402876ee25874fdc5c8ce97b1130f.jpg,640,640,3,JPEG,27611,bf4312ec6c90aa8c424149bbee197d1b53a0273ea10d789135b23b6d96e88f57,d560417a417b517f
101_bright_jpg.rf.ce86671a91eda509ae32016aedc6d9ed,train,Normal,101_bright_jpg.rf.ce86671a91eda509ae32016aedc6d9ed.jpg,train/Normal/101_bright_jpg.rf.ce86671a91eda509ae32016aedc6d9ed.jpg,640,640,3,JPEG,26125,de5f268a21b8136c505281987dea7502e873fa27da028dcb28151423499f151a,d7746a734319282f
101_jpg.rf.6d31a5e84b167ee9a3b8fe0c9ebab982,train,Normal,101_jpg.rf.6d31a5e84b167ee9a3b8fe0c9ebab982.jpg,train/Normal/101_jpg.rf.6d31a5e84b167ee9a3b8fe0c9ebab982.jpg,640,640,3,JPEG,27864,7e5c8fedef46b33d13179f5a9998d8ef053753e12180fd1584e25fe61ed8ef80,d557043f5b2a4927
101_jpg.rf.99030b85b1a578d3bfdb8d651d51af59,train,Normal,101_jpg.rf.99030b85b1a578d3bfdb8d651d51af59.jpg,train/Normal/101_jpg.rf.99030b85b1a578d3bfdb8d651d51af59.jpg,640,640,3,JPEG,28020,e3752227c9eca6b4dae9238175576e04457813ff784ba6c710f623f0886bede9,d542046a517b55f7
101_jpg.rf.fa495217583f0ff7e6c82d6d40be4b99,train,Normal,101_jpg.rf.fa495217583f0ff7e6c82d6d40be4b99.jpg,train/Normal/101_jpg.rf.fa495217583f0ff7e6c82d6d40be4b99.jpg,640,640,3,JPEG,26746,cd310127f0502ec6bb4e88ade68e1ec95fef4cd25b574825b4feb67b0b95ce9e,80077729273ebd66
102_bright_jpg.rf.3364100f3d08052b43e0646c10b1ec0c,train,Normal,102_bright_jpg.rf.3364100f3d08052b43e0646c10b1ec0c.jpg,train/Normal/102_bright_jpg.rf.3364100f3d08052b43e0646c10b1ec0c.jpg,640,640,3,JPEG,22462,083322114fdf98ac452bc16f6be6a4eae47e630db82bba1ff4be2e2942cf9996,c148517a17f60cfb
102_bright_jpg.rf.8d05873acf6d98beab82f79493c26171,train,Normal,102_bright_jpg.rf.8d05873acf6d98beab82f79493c26171.jpg,train/Normal/102_bright_jpg.rf.8d05873acf6d98beab82f79493c26171.jpg,640,640,3,JPEG,22460,177cdf79fa8b19eb57f3ac0b2c9b2c6237f20b910850a756c19a862c86b77584,c548515857f61cfa
102_bright_jpg.rf.b4a108e237aadbb8a9a56d40244601ee,train,Normal,102_bright_jpg.rf.b4a108e237aadbb8a9a56d40244601ee.jpg,train/Normal/102_bright_jpg.rf.b4a108e237aadbb8a9a56d40244601ee.jpg,640,640,3,JPEG,20394,21e59d2eebeaad8df8ed7db2905379677d5dd6c3ba09af91bf79d1debb8bf66f,9f1c0f1d02274b6f
102_jpg.rf.32e4610a5d354219fe594d8454d7e032,train,Normal,102_jpg.rf.32e4610a5d354219fe594d8454d7e032.jpg,train/Normal/102_jpg.rf.32e4610a5d354219fe594d8454d7e032.jpg,640,640,3,JPEG,23249,a47b158eec05e869211b8e1227554e43ade7647b4bb1479c14cf2a5b0c601e4c,d5a0507a075f587d
102_jpg.rf.9658ae868c2f46c44681a854e0267d90,train,Normal,102_jpg.rf.9658ae868c2f46c44681a854e0267d90.jpg,train/Normal/102_jpg.rf.9658ae868c2f46c44681a854e0267d90.jpg,640,640,3,JPEG,23329,974a96edefebac5dc33636b02f08837669ce6a5175214a89bbaef66a672c125a,d5bf151f0e0c190f
102_jpg.rf.d038ccf2e3a7b4980df4030afa87a91b,train,Normal,102_jpg.rf.d038ccf2e3a7b4980df4030afa87a91b.jpg,train/Normal/102_jpg.rf.d038ccf2e3a7b4980df4030afa87a91b.jpg,640,640,3,JPEG,21120,dd537b79a3f6936f359e64b109c52c149ab6f1c71552baff304ade51df12f6e3,80fe016ff24aaf58
103_jpg.rf.09835ac1e5ca611791a877c249534dee,train,Normal,103_jpg.rf.09835ac1e5ca611791a877c249534dee.jpg,train/Normal/103_jpg.rf.09835ac1e5ca611791a877c249534dee.jpg,640,640,3,JPEG,21476,ffa1711d1ad5559124efd1a4dab661798f8feb8bf31706ea326cef3beef1252b,d6e6cd1a01e1d98d
103_jpg.rf.ace9f5050ed5e7988a813cc0f4749955,train,Normal,103_jpg.rf.ace9f5050ed5e7988a813cc0f4749955.jpg,train/Normal/103_jpg.rf.ace9f5050ed5e7988a813cc0f4749955.jpg,640,640,3,JPEG,21521,9da95615c530aecb4beb4c4a0be9d8fe54bdb838415d3b012526431423a65b03,83b3984fdcb68c98
103_jpg.rf.e70090249acc8c90ee6bc2f50db1072f,train,Normal,103_jpg.rf.e70090249acc8c90ee6bc2f50db1072f.jpg,train/Normal/103_jpg.rf.e70090249acc8c90ee6bc2f50db1072f.jpg,640,640,3,JPEG,23643,c2f327aba1af7227085db604239a80d3106f960f7c2d336a65dce90a8a522b21,81a2544a55ff0ddd
104_bright_jpg.rf.5c0af82111ef775f59b5ee4bdfdfb891,train,Normal,104_bright_jpg.rf.5c0af82111ef775f59b5ee4bdfdfb891.jpg,train/Normal/104_bright_jpg.rf.5c0af82111ef775f59b5ee4bdfdfb891.jpg,640,640,3,JPEG,29198,dc5b3701336dbd0e4a5f909307f87b0168f3628c494e31a0b5da588b39a27e8f,a0c8cd1645fc47dd
104_bright_jpg.rf.656cdff76389447a9a87b3fdb7d27fca,train,Normal,104_bright_jpg.rf.656cdff76389447a9a87b3fdb7d27fca.jpg,train/Normal/104_bright_jpg.rf.656cdff76389447a9a87b3fdb7d27fca.jpg,640,640,3,JPEG,29019,f17652d7570a799080de0bff1611c5d5596fb3a8048d34a9276e30430021f89b,91dd5517578c078d
104_bright_jpg.rf.f84993c0ea03daa4ad27bd4d408694e5,train,Normal,104_bright_jpg.rf.f84993c0ea03daa4ad27bd4d408694e5.jpg,train/Normal/104_bright_jpg.rf.f84993c0ea03daa4ad27bd4d408694e5.jpg,640,640,3,JPEG,27723,c837134517bd34eacf65c1c01bec8c3973918b9f07253fea0e1e8f12956efa3c,ff98d84392f93288
104_jpg.rf.5f1371cac0109980916de2177d753c6a,train,Normal,104_jpg.rf.5f1371cac0109980916de2177d753c6a.jpg,train/Normal/104_jpg.rf.5f1371cac0109980916de2177d753c6a.jpg,640,640,3,JPEG,25095,6d8b2650e7cb4e0f916b487e2988e09044f61ecdc0a30a38f283ad90ab54cdd3,902a554e706a47ff
104_jpg.rf.743cce9bd3d070d879e0cd6a24cc4c24,train,Normal,104_jpg.rf.743cce9bd3d070d879e0cd6a24cc4c24.jpg,train/Normal/104_jpg.rf.743cce9bd3d070d879e0cd6a24cc4c24.jpg,640,640,3,JPEG,25005,5e154fe1d3e1a831d4eb56c397440b2467f39f4ca33c052a6af57922522cb220,903d5585552a4fbe
104_jpg.rf.a3451e0e690d347ff2f9232bbcbeccb7,train,Normal,104_jpg.rf.a3451e0e690d347ff2f9232bbcbeccb7.jpg,train/Normal/104_jpg.rf.a3451e0e690d347ff2f9232bbcbeccb7.jpg,640,640,3,JPEG,23670,fcce326da439b7dd9b647cc6b491bb8a59be1a766c39f06be7df62734d394062,ed4b8011e57f126b
105_bright_jpg.rf.41f1e8b39051cba6d409584918f4329b,train,Normal,105_bright_jpg.rf.41f1e8b39051cba6d409584918f4329b.jpg,train/Normal/105_bright_jpg.rf.41f1e8b39051cba6d409584918f4329b.jpg,640,640,3,JPEG,25539,b8aa17d1b2b09e25752481da98d2c971e2f08a1066c66ae3e06b844da2e8f200,959f159d1d861cac
105_bright_jpg.rf.63f6568cfe04bf6dd62c1d9bcbcd8b33,train,Normal,105_bright_jpg.rf.63f6568cfe04bf6dd62c1d9bcbcd8b33.jpg,train/Normal/105_bright_jpg.rf.63f6568cfe04bf6dd62c1d9bcbcd8b33.jpg,640,640,3,JPEG,23292,95ccbecde1ab421f9a64d55f37589ab881d2cf64d5b72ed20c51587ecbb30653,c0f9c2bcc9927879
105_bright_jpg.rf.ad79d9935ee8b869d6067a3d5eeae4dd,train,Normal,105_bright_jpg.rf.ad79d9935ee8b869d6067a3d5eeae4dd.jpg,train/Normal/105_bright_jpg.rf.ad79d9935ee8b869d6067a3d5eeae4dd.jpg,640,640,3,JPEG,23602,e0754de9acad473d672c82d91bdc097ed735575e1f291a877cce798796a7d1e9,c0ff44bf458e5829
105_jpg.rf.4a1584df1a1e1265fde31e1086ea88a6,train,Normal,105_jpg.rf.4a1584df1a1e1265fde31e1086ea88a6.jpg,train/Normal/105_jpg.rf.4a1584df1a1e1265fde31e1086ea88a6.jpg,640,640,3,JPEG,22504,45919772c20bde33c092c7db62a3127b9ef7fe7388b950d4d0de45510c460ed9,856a15f81adf14e3
105_jpg.rf.4ffac1d670b63b1429ca25b17a9fcc44,train,Normal,105_jpg.rf.4ffac1d670b63b1429ca25b17a9fcc44.jpg,train/Normal/105_jpg.rf.4ffac1d670b63b1429ca25b17a9fcc44.jpg,640,640,3,JPEG,22320,325aeeb4db0623009a7c59f68f46813ade2d2f6d0ac81362ad779f4fddf744b6,814a05f85e5f51f3
105_jpg.rf.7495e66fe78a93806558a9fa3db50c78,train,Normal,105_jpg.rf.7495e66fe78a93806558a9fa3db50c78.jpg,train/Normal/105_jpg.rf.7495e66fe78a93806558a9fa3db50c78.jpg,640,640,3,JPEG,20305,c9ed203d3d8629712c1bc2e0ffc44d4a8394076d2d68ba758c7a344276ef0725,fc1453a853cf64a6
106_bright_jpg.rf.3d28b61e0b33ba0dc1cf848b686a77e1,train,Normal,106_bright_jpg.rf.3d28b61e0b33ba0dc1cf848b686a77e1.jpg,train/Normal/106_bright_jpg.rf.3d28b61e0b33ba0dc1cf848b686a77e1.jpg,640,640,3,JPEG,21200,017024ba2722e19f7e9b721bfd67f49d44d26bd13a45aa7979eb1cf7dfb2d8a9,8062c3791f79363d
106_bright_jpg.rf.90bd42570369a9663561921cb4059790,train,Normal,106_bright_jpg.rf.90bd42570369a9663561921cb4059790.jpg,train/Normal/106_bright_jpg.rf.90bd42570369a9663561921cb4059790.jpg,640,640,3,JPEG,23513,6201d4036dd3526b74c1226fc6652a46ff9a74d1ee9d22443bddc44bf62985c2,8077413d15af15af
106_bright_jpg.rf.d0685d1b7f354e31c1bf899ba469775d,train,Normal,106_bright_jpg.rf.d0685d1b7f354e31c1bf899ba469775d.jpg,train/Normal/106_bright_jpg.rf.d0685d1b7f354e31c1bf899ba469775d.jpg,640,640,3,JPEG,22709,d01a679e15b110eb222c01d54c5b56ab987f0427dbbeb523939cf03b89364737,d522146c557d457e
106_jpg.rf.76b2c8b805174cb70a3343bc3a77f82d,train,Normal,106_jpg.rf.76b2c8b805174cb70a3343bc3a77f82d.jpg,train/Normal/106_jpg.rf.76b2c8b805174cb70a3343bc3a77f82d.jpg,640,640,3,JPEG,20886,0115d0dc46755731e5e85381652bd75d86359fe575ab33d6563cf34211d63983,819f55ad1dac458e
106_jpg.rf.8fb288a752ec39e94410182571a8b83a,train,Normal,106_jpg.rf.8fb288a752ec39e94410182571a8b83a.jpg,train/Normal/106_jpg.rf.8fb288a752ec39e94410182571a8b83a.jpg,640,640,3,JPEG,21017,33096cd41189661418620a2d03e20e04ecf55ae0bf18410951c53607efd534e0,819f552c1fa44dae
106_jpg.rf.948ec055f2d059da7ba8e3c157a0e030,train,Normal,106_jpg.rf.948ec055f2d059da7ba8e3c157a0e030.jpg,train/Normal/106_jpg.rf.948ec055f2d059da7ba8e3c157a0e030.jpg,640,640,3,JPEG,18893,9ec78279d9767dec40945c2cf0846219a418bfba9bb8591ffdbdaec7ad10fa01,a08f57e81dfc42ca
107_jpg.rf.12f5bb7968cbac6141b33cdd0ab76bf4,train,Normal,107_jpg.rf.12f5bb7968cbac6141b33cdd0ab76bf4.jpg,train/Normal/107_jpg.rf.12f5bb7968cbac6141b33cdd0ab76bf4.jpg,640,640,3,JPEG,29378,f0284b2ef5549e65b3cc387928a8d4567ec7d3365fcbdd097ccdad7d0ff238e0,d5bd54274faa4807
107_jpg.rf.5d48369beadb0bdee676e0f40edda33d,train,Normal,107_jpg.rf.5d48369beadb0bdee676e0f40edda33d.jpg,train/Normal/107_jpg.rf.5d48369beadb0bdee676e0f40edda33d.jpg,640,640,3,JPEG,28449,6658b60303534f43fe711adffac8111d3274dfa44330194e99e03867557d68a3,f9a978240f9b70f0
107_jpg.rf.f35136e6ca4e875edc8db51b02cd9bb2,train,Normal,107_jpg.rf.f35136e6ca4e875edc8db51b02cd9bb2.jpg,train/Normal/107_jpg.rf.f35136e6ca4e875edc8db51b02cd9bb2.jpg,640,640,3,JPEG,29536,5f2f4545daa7a8bd8cc963211d952c4746ad09f78927c7e239468a21046cf8b9,8068057a5fff1553
108_jpg.rf.860deea066ec06319afca044fec6d41e,train,Normal,108_jpg.rf.860deea066ec06319afca044fec6d41e.jpg,train/Normal/108_jpg.rf.860deea066ec06319afca044fec6d41e.jpg,640,640,3,JPEG,23986,d7c80cd36f145da3a0bb4c94eaa28f4d29383f909db44924f08b05297c91425d,c1c0146a16ff4bf3
108_jpg.rf.9c48b8f2de900ba2143d1362cbd2c9dc,train,Normal,108_jpg.rf.9c48b8f2de900ba2143d1362cbd2c9dc.jpg,train/Normal/108_jpg.rf.9c48b8f2de900ba2143d1362cbd2c9dc.jpg,640,640,3,JPEG,23441,3fd1c9df6600076abbbc57dcbc37106a79077509edeb4b59ef23c420c721ac94,948a457a4fd15c79
108_jpg.rf.ccf053fb1bb54490c1d908ae94cac781,train,Normal,108_jpg.rf.ccf053fb1bb54490c1d908ae94cac781.jpg,train/Normal/108_jpg.rf.ccf053fb1bb54490c1d908ae94cac781.jpg,640,640,3,JPEG,21790,353893044aaaa7d41240725209ef9b4dba024fe5c47f942e81ce82246df2574d,9886e13fc3c83cb5
10_jpg.rf.c9bcbd5e168711f27774548637c1e40f,train,Normal,10_jpg.rf.c9bcbd5e168711f27774548637c1e40f.jpg,train/Normal/10_jpg.rf.c9bcbd5e168711f27774548637c1e40f.jpg,640,640,3,JPEG,32840,a316e933760beb73818f3461f8af479e0d6d3323570e02e6c061c15304c736aa,c03e1f161d36659b
10_jpg.rf.f6f4f9016962648f11fcff60e5db1cf3,train,Normal,10_jpg.rf.f6f4f9016962648f11fcff60e5db1cf3.jpg,train/Normal/10_jpg.rf.f6f4f9016962648f11fcff60e5db1cf3.jpg,640,640,3,JPEG,32881,4dbe3d95f05c72185954e4f22194ba4db1a3bc2127a389c498fceb131191aecb,956d4c574c6710de
114_jpg.rf.64d0580840cd78141f52903a3542307f,train,Normal,114_jpg.rf.64d0580840cd78141f52903a3542307f.jpg,train/Normal/114_jpg.rf.64d0580840cd78141f52903a3542307f.jpg,640,640,3,JPEG,22348,e027b92abada551e52440f80e8b39b5204c3bd3a03dbb422e89c0a3543e0adb4,c5bf119f052f1583
114_jpg.rf.73f061efe75bd63a943aff646ad6acfb,train,Normal,114_jpg.rf.73f061efe75bd63a943aff646ad6acfb.jpg,train/Normal/114_jpg.rf.73f061efe75bd63a943aff646ad6acfb.jpg,640,640,3,JPEG,20074,f10d69cca946db0d0a0b4ffcb41b0d6b1b7a4f2726d1865d682ebbf3960aa9e8,c7ad1a9b2c251793
114_jpg.rf.773ad64d6a672c0653ae6186bf82d2a4,train,Normal,114_jpg.rf.773ad64d6a672c0653ae6186bf82d2a4.jpg,train/Normal/114_jpg.rf.773ad64d6a672c0653ae6186bf82d2a4.jpg,640,640,3,JPEG,22433,34e123f60d01ef29e18b85410ae8f60328d91d64a83ffa1b1eb9f847d25e5227,95f5458759204f8f
115_jpg.rf.32d4d072f20633c9e779bbe61c0481d1,train,Normal,115_jpg.rf.32d4d072f20633c9e779bbe61c0481d1.jpg,train/Normal/115_jpg.rf.32d4d072f20633c9e779bbe61c0481d1.jpg,640,640,3,JPEG,18402,3a83be7acd6f60096e42f43df96d0f162a4fcec68af785113d97037f43a44627,9ed51d1c155d15c5
115_jpg.rf.c790db2e4cd494afb319f2624bd7f3a5,train,Normal,115_jpg.rf.c790db2e4cd494afb319f2624bd7f3a5.jpg,train/Normal/115_jpg.rf.c790db2e4cd494afb319f2624bd7f3a5.jpg,640,640,3,JPEG,20781,1d44126d89d478aab529d9462b323e5a319737c59fa7ba75dae1b8507e6a0466,94e0555a157a15fd
115_jpg.rf.ca4ca125a693d500458b658f1907c8c4,train,Normal,115_jpg.rf.ca4ca125a693d500458b658f1907c8c4.jpg,train/Normal/115_jpg.rf.ca4ca125a693d500458b658f1907c8c4.jpg,640,640,3,JPEG,18402,34f1486ca23ed500bf0c1584cd31c83c3e92e2309f04f215fcb43310b9797bde,9ed51d1c155d15c5
116_jpg.rf.6f7e0e9166421f9cf5b280f3a625922a,train,Normal,116_jpg.rf.6f7e0e9166421f9cf5b280f3a625922a.jpg,train/Normal/116_jpg.rf.6f7e0e9166421f9cf5b280f3a625922a.jpg,640,640,3,JPEG,24182,e4b911b78025da29d3bc084609b49c68c4662be85937f0f147d22fb572d001c5,91f515b5158a5d2d
116_jpg.rf.7675a6f0f9b3cecfc9b57e68543c4b2e,train,Normal,116_jpg.rf.7675a6f0f9b3cecfc9b57e68543c4b2e.jpg,train/Normal/116_jpg.rf.7675a6f0f9b3cecfc9b57e68543c4b2e.jpg,640,640,3,JPEG,24177,c1d0b996c712ee0467cbb0157a762838b05c2a8fb3a4e751df75261d266be72b,80e255da53db4d78
116_jpg.rf.8f5ff8b76ca4f05e9cc328f88a9b1768,train,Normal,116_jpg.rf.8f5ff8b76ca4f05e9cc328f88a9b1768.jpg,train/Normal/116_jpg.rf.8f5ff8b76ca4f05e9cc328f88a9b1768.jpg,640,640,3,JPEG,22434,8453a5e6eb0732e3adad9db8925f0b20bdefd2ca51b0095dd2fc140f31ed565b,f5a6d2c175869929
117_jpg.rf.3447f29bc22e17f518cb4e6f8f9c2dd0,train,Normal,117_jpg.rf.3447f29bc22e17f518cb4e6f8f9c2dd0.jpg,train/Normal/117_jpg.rf.3447f29bc22e17f518cb4e6f8f9c2dd0.jpg,640,640,3,JPEG,25849,c5b3a7f32a15ecfc012d874e46142496105af8a137b0d1342bbbf5000bd6d564,d56215fa0af50ef0
117_jpg.rf.623025882cb3afe10f1e9ffad24859f1,train,Normal,117_jpg.rf.623025882cb3afe10f1e9ffad24859f1.jpg,train/Normal/117_jpg.rf.623025882cb3afe10f1e9ffad24859f1.jpg,640,640,3,JPEG,25882,4be4cb9b6a47501c5c9e47c8f15e22c0f371b738ea4dbf54027a7482db037c02,c07f543f502a55ab
117_jpg.rf.6379e96af67a80ac2515256d10dc1b55,train,Normal,117_jpg.rf.6379e96af67a80ac2515256d10dc1b55.jpg,train/Normal/117_jpg.rf.6379e96af67a80ac2515256d10dc1b55.jpg,640,640,3,JPEG,23992,ce5b89cd30baf89ff8f4daef0a8dd9225b45c7c932063feb1144fbb8bc4e1bbe,852a2b4a073b717f
118_jpg.rf.126ac46d9b4653422a13756c8c1867d3,train,Normal,118_jpg.rf.126ac46d9b4653422a13756c8c1867d3.jpg,train/Normal/118_jpg.rf.126ac46d9b4653422a13756c8c1867d3.jpg,640,640,3,JPEG,21244,9bb76dfc838d240e97eccd41e9a1a28c79e9ad699141d9a0168b1bbe0a5c30d4,813f54bf4ba2588e
118_jpg.rf.1ae75795601454b20fc6bcbab5f3ec10,train,Normal,118_jpg.rf.1ae75795601454b20fc6bcbab5f3ec10.jpg,train/Normal/118_jpg.rf.1ae75795601454b20fc6bcbab5f3ec10.jpg,640,640,3,JPEG,21512,6a541f5368aef15e19914acafa6cb09b7003443f9ec2aeef95ec8b6e0aa46313,903f54bf5b2e180e
118_jpg.rf.68dd1220ae7ab51a6a49734f863f7443,train,Normal,118_jpg.rf.68dd1220ae7ab51a6a49734f863f7443.jpg,train/Normal/118_jpg.rf.68dd1220ae7ab51a6a49734f863f7443.jpg,640,640,3,JPEG,18787,7ae8653c1047eb71c3c22bf39bf1b20a13f15ba5e80059cb559349fd5ef3c4f0,9329747a72e3d80d
119,train,Normal,119.jpg,train/Normal/119.jpg,224,224,3,JPEG,18888,65e4c06c30d4745d7a816d17b4f74cc3b08943abfca70bf629f55c0435e67a02,909d4076a32cb7dd
119_jpg.rf.4bc5eb86a23f6f053d674e8178ab7895,train,Normal,119_jpg.rf.4bc5eb86a23f6f053d674e8178ab7895.jpg,train/Normal/119_jpg.rf.4bc5eb86a23f6f053d674e8178ab7895.jpg,640,640,3,JPEG,20484,272bc51b21e36d2df21e0404970efb6cfe241f054c86db9037873f4dd60550f2,c0af05854c3b5fad
119_jpg.rf.db7560ed6ab6b8695f6f3b984c97928b,train,Normal,119_jpg.rf.db7560ed6ab6b8695f6f3b984c97928b.jpg,train/Normal/119_jpg.rf.db7560ed6ab6b8695f6f3b984c97928b.jpg,640,640,3,JPEG,20949,9603ea9931e1a63116f3480ae9e8242844cab6142ea0e309c009726575e8b99b,c0a0155a4e7b5df9
119_jpg.rf.e9fd6e928cf1a0b22d625c23d199bbb7,train,Normal,119_jpg.rf.e9fd6e928cf1a0b22d625c23d199bbb7.jpg,train/Normal/119_jpg.rf.e9fd6e928cf1a0b22d625c23d199bbb7.jpg,640,640,3,JPEG,18023,d21cbe75e1fd5a427693345978baf091f364d49ac32d12f36f2f303dbfe40970,97f0f090b96f2aa8
11_bright_jpg.rf.e03a61b879775f5acceb42d7746754b6,train,Normal,11_bright_jpg.rf.e03a61b879775f5acceb42d7746754b6.jpg,train/Normal/11_bright_jpg.rf.e03a61b879775f5acceb42d7746754b6.jpg,640,640,3,JPEG,26566,c708971b3f9b39ffa28cc8093621a8bcdc8348a3a44201e56876ce0058e3e594,d78d8064d8f1f295
120,train,Normal,120.jpg,train/Normal/120.jpg,224,224,3,JPEG,41924,3e2ff1179d3cacc11c2224c30db036eabb529aff78c229ef83e8bcf4dfe5bb1e,94aa562a52b76b9a
121_bright_jpg.rf.35896a3b35eb45f870e44f5d672bf893,train,Normal,121_bright_jpg.rf.35896a3b35eb45f870e44f5d672bf893.jpg,train/Normal/121_bright_jpg.rf.35896a3b35eb45f870e44f5d672bf893.jpg,640,640,3,JPEG,20974,9299c1f9568816b4c06abe18e9812f4a6d127d44de9a120de257732d2eccb2be,908a45f66c575a5d
121_bright_jpg.rf.62c8c966da13d8ba325dcf91a57b02bc,train,Normal,121_bright_jpg.rf.62c8c966da13d8ba325dcf91a57b02bc.jpg,train/Normal/121_bright_jpg.rf.62c8c966da13d8ba325dcf91a57b02bc.jpg,640,640,3,JPEG,20161,37e53ab03886ce11ab791efa756453d309e20d69dc7b9408a7631bf12c409d20,c9cfb8a339422f58
121_bright_jpg.rf.7647beca35be8e4bb000e8642756fcf3,train,Normal,121_bright_jpg.rf.7647beca35be8e4bb000e8642756fcf3.jpg,train/Normal/121_bright_jpg.rf.7647beca35be8e4bb000e8642756fcf3.jpg,640,640,3,JPEG,22813,f052d4900973008687c3ea4c62bc1de6f58adcd80c350cd012c58c9145dd1a4c,c1ca14e25b72475f
123123as,train,Normal,123123as.jpg,train/Normal/123123as.jpg,224,224,3,JPEG,27778,7b69aade3134c2d4d2fd860ec6847f1dfa6362f06ecb4f354e1d617a3e9a4946,80713b7963720f67
123124,train,Normal,123124.jpg,train/Normal/123124.jpg,224,224,3,JPEG,25282,9f64048ac49a086e9dbcdd258b7f653b21f2f67295e3b20168da4bb2e660fb89,c5e86bb38a8c9ea8
123214123sad,train,Normal,123214123sad.jpg,train/Normal/123214123sad.jpg,224,224,3,JPEG,31253,097ad3a4afdc952270605831832498b76e31fa17e37e32ba02107a3a0d121649,c02e5d276f21719b
123321,train,Normal,123321.jpg,train/Normal/123321.jpg,224,224,3,JPEG,23754,6a749beb8b292266266096241daa59f5eabf69d8394ff7d12d00c8e1cffa2fd1,ebd74e8942aa249b
123412eascxz,train,Normal,123412eascxz.jpg,train/Normal/123412eascxz.jpg,224,224,3,JPEG,30447,d9d3c3b3ccae889254f6420e18bef3863b01fc79bfe389fe299ef35781132197,9109753a59595f1d
123413561,train,Normal,123413561.jpg,train/Normal/123413561.jpg,224,224,3,JPEG,26757,0a4e4baecc154b2160f46f8b4ebd49eb7e5091d42a7138534b3eaf36c2898d53,d0d475975e84678a
1234qdascz,train,Normal,1234qdascz.jpg,train/Normal/1234qdascz.jpg,224,224,3,JPEG,31881,8c1cf63afc5f7788f95d4dcad7618a9a28a7b1a95ae3ce76367fc30f5432fca3,807f1f7a121a794e
12363,train,Normal,12363.jpg,train/Normal/12363.jpg,224,224,3,JPEG,36329,c550295652c381af74f27d5a014c3f4cf6a49f155bb5008653e24ddb70892851,d6be1c5060f694ad
123asdczxa1,train,Normal,123asdczxa1.jpg,train/Normal/123asdczxa1.jpg,224,224,3,JPEG,32479,476dc55a091a717fba8515c122f4821cbb6473cb28979d63329f354f7a4c92f2,d5727a981c474a73
124,train,Normal,124.jpg,train/Normal/124.jpg,224,224,3,JPEG,17707,1c2eacb67d6c639a2e4fe501b652e17b6fb46ff246003d869eb58d44a3553dc7,d4f8e636063d80cf
128_jpg.rf.512a806a950f6d51880d8d93f1cdca7d,train,Normal,128_jpg.rf.512a806a950f6d51880d8d93f1cdca7d.jpg,train/Normal/128_jpg.rf.512a806a950f6d51880d8d93f1cdca7d.jpg,640,640,3,JPEG,31094,d628831ff37be1115ae183e8a2dc6ee88f9feb2d521c26fd47ffd7fc99cfbaaf,f1c4448477f91de4
128_jpg.rf.f41601a65e58b67e7ffe8f518edae217,train,Normal,128_jpg.rf.f41601a65e58b67e7ffe8f518edae217.jpg,train/Normal/128_jpg.rf.f41601a65e58b67e7ffe8f518edae217.jpg,640,640,3,JPEG,31076,a1ed499fc0ea075b123b55bbce2db7034f9e1d4d59558d6c5b05db8752666495,a49335d92bae48f1
12_bright_jpg.rf.bad408b325ea312376ac917167d5b387,train,Normal,12_bright_jpg.rf.bad408b325ea312376ac917167d5b387.jpg,train/Normal/12_bright_jpg.rf.bad408b325ea312376ac917167d5b387.jpg,640,640,3,JPEG,73300,1ed1ec9f73f12a2ad343c9340abec72a9015297b5a89859d4839c58eb7f56ac9,cbe549877e98ca44
12_bright_jpg.rf.beb6990bf2eb588d4dee9c181d794545,train,Normal,12_bright_jpg.rf.beb6990bf2eb588d4dee9c181d794545.jpg,train/Normal/12_bright_jpg.rf.beb6990bf2eb588d4dee9c181d794545.jpg,640,640,3,JPEG,68208,a0cd2269e4062560c2e2ea93e022b1c4f443f88f55cb68cd24ece84fd01193dc,c0fd413f1e0b0f0f
131,train,Normal,131.jpg,train/Normal/131.jpg,224,224,3,JPEG,24655,b43c37b0f288c2dd5b8d16842c2cc9e6ffc65e0f7b05f030a142da5f87cfb9cf,9dcdb81e43d83172
131_bright_jpg.rf.8a2929b1e2d77db2389d4db327aa1ac7,train,Normal,131_bright_jpg.rf.8a2929b1e2d77db2389d4db327aa1ac7.jpg,train/Normal/131_bright_jpg.rf.8a2929b1e2d77db2389d4db327aa1ac7.jpg,640,640,3,JPEG,34623,052ff98801653ffc35029c5ba5acb48c3c4a6974f910ad958ffd7ce4c43d5fd3,d49f15b711a61137
131_bright_jpg.rf.a1aeb5ac9187f6908d2eee95dca63783,train,Normal,131_bright_jpg.rf.a1aeb5ac9187f6908d2eee95dca63783.jpg,train/Normal/131_bright_jpg.rf.a1aeb5ac9187f6908d2eee95dca63783.jpg,640,640,3,JPEG,34133,3324541c3567e0a3dc40ad493302c72d6f912829b5477243c38eee4bf2f5003f,d0df15b713a61515
131_bright_jpg.rf.ca778fd20a2ee85866b35dc32085746b,train,Normal,131_bright_jpg.rf.ca778fd20a2ee85866b35dc32085746b.jpg,train/Normal/131_bright_jpg.rf.ca778fd20a2ee85866b35dc32085746b.jpg,640,640,3,JPEG,35025,206db4d34251c1e39392cf79c3fa97f421072c0e9bffc3f3e274977932bf4ace,a1d9e3f2b1f2a222
13241324xasfd,train,Normal,13241324xasfd.jpg,train/Normal/13241324xasfd.jpg,224,224,3,JPEG,39010,09d0da66514c147a23d0a0a58291a68666a7edea446d8346e7c4e79e4e81a879,fc1d570747b15858
132467345,train,Normal,132467345.jpg,train/Normal/132467345.jpg,224,224,3,JPEG,25315,10e51ab0e8ada3e28041d094f90bb5ddba144201de5a8062a360ad4837f7ab45,d59f659b03646296
134_jpg.rf.67f91b81bd1720817446cc34e71340de,train,Normal,134_jpg.rf.67f91b81bd1720817446cc34e71340de.jpg,train/Normal/134_jpg.rf.67f91b81bd1720817446cc34e71340de.jpg,640,640,3,JPEG,23376,fe2ce830831442ce4f31bd535f1b2e3a297e4dbd94ea6254aa1997ab88ff575f,ded1b7b16c065b01
134_jpg.rf.74eff2a342fffec0bb38730c830a7ca3,train,Normal,134_jpg.rf.74eff2a342fffec0bb38730c830a7ca3.jpg,train/Normal/134_jpg.rf.74eff2a342fffec0bb38730c830a7ca3.jpg,640,640,3,JPEG,24753,62befae1be6bfe5fb9dcd6589335359d758045b4640a4959839ecc5c0263138b,d4f715b54c265b09
134_jpg.rf.cb0ee129c7aa7b373ca395c3b99da138,train,Normal,134_jpg.rf.cb0ee129c7aa7b373ca395c3b99da138.jpg,train/Normal/134_jpg.rf.cb0ee129c7aa7b373ca395c3b99da138.jpg,640,640,3,JPEG,24876,c32db2740a2715d8c900a18dbf3c1d6f2df0d29e23f46aa3de317be82e92e0f4,d4f715b54c265b09
135_bright_jpg.rf.2da0621e2efac80fdc8940d29528fb32,train,Normal,135_bright_jpg.rf.2da0621e2efac80fdc8940d29528fb32.jpg,train/Normal/135_bright_jpg.rf.2da0621e2efac80fdc8940d29528fb32.jpg,640,640,3,JPEG,30204,9d2d24fb2c395d9952e672f4fda159fe8eb4e836129b790928b56c1ea2079520,8037159f451e173f
135_bright_jpg.rf.5c8576073eb4c68247cf61d3e6243d8d,train,Normal,135_bright_jpg.rf.5c8576073eb4c68247cf61d3e6243d8d.jpg,train/Normal/135_bright_jpg.rf.5c8576073eb4c68247cf61d3e6243d8d.jpg,640,640,3,JPEG,28417,3d8190a5fc84beaf99e6d57bea77a75d014bcf0a7141c6b04a1a87910d9fe469,9137159f4d0a52af
135_bright_jpg.rf.f847555fb0c0ae8ac97fb867dc9ee123,train,Normal,135_bright_jpg.rf.f847555fb0c0ae8ac97fb867dc9ee123.jpg,train/Normal/135_bright_jpg.rf.f847555fb0c0ae8ac97fb867dc9ee123.jpg,640,640,3,JPEG,28819,8ef4c96412f286aee396b4e170b961381d88a48bbc546f1e19b9396afdce1f01,f763614c510fe24e
135_jpg.rf.1cddb6be30d67ce59d4719882a833369,train,Normal,135_jpg.rf.1cddb6be30d67ce59d4719882a833369.jpg,train/Normal/135_jpg.rf.1cddb6be30d67ce59d4719882a833369.jpg,640,640,3,JPEG,27784,24f43fb54bc0f5fbad805aa37530ab17a83dbb1f02f9d55a27b596d1466a81ac,9008c277156f577b
135_jpg.rf.6ff7ba39d0287ee333cd597f4338001d,train,Normal,135_jpg.rf.6ff7ba39d0287ee333cd597f4338001d.jpg,train/Normal/135_jpg.rf.6ff7ba39d0287ee333cd597f4338001d.jpg,640,640,3,JPEG,26242,5dd1dd82fac2c1b87d36a88b0ecd3ec6150c92ef2bfb783e32d88617df0eca6d,9204e277356bc71b
135_jpg.rf.df3e17a8933882786b0881fa14cfc576,train,Normal,135_jpg.rf.df3e17a8933882786b0881fa14cfc576.jpg,train/Normal/135_jpg.rf.df3e17a8933882786b0881fa14cfc576.jpg,640,640,3,JPEG,27793,d3ccdc53f00295aacfb25714a1122a22891d92d377632bc564d5f1e34d344194,905d413f152f473b
136_bright_jpg.rf.3e52de9bd9f2a9dfc789369e30b1418e,train,Normal,136_bright_jpg.rf.3e52de9bd9f2a9dfc789369e30b1418e.jpg,train/Normal/136_bright_jpg.rf.3e52de9bd9f2a9dfc789369e30b1418e.jpg,640,640,3,JPEG,29636,7b062b9c94e8362e67e41438fc1d4e972eb33653ee31ae78a6ad6170ddc006b2,8e6d92c4f61a7478
136_bright_jpg.rf.537a45bc196fdf916565f973cdea2347,train,Normal,136_bright_jpg.rf.537a45bc196fdf916565f973cdea2347.jpg,train/Normal/136_bright_jpg.rf.537a45bc196fdf916565f973cdea2347.jpg,640,640,3,JPEG,30775,8ad1bbe220a49ae221e5de6f7c4a5d3412e8860ff340332fdca34b0aac216f75,857f10ad570b5c2b
136_bright_jpg.rf.8cc50869baba47789b8cf73da48f67a4,train,Normal,136_bright_jpg.rf.8cc50869baba47789b8cf73da48f67a4.jpg,train/Normal/136_bright_jpg.rf.8cc50869baba47789b8cf73da48f67a4.jpg,640,640,3,JPEG,30698,d9ccd2939de715553756ea41df39fd6988ae1026a9211a2137e524ef77347e04,d02a45f8075e197f
136_jpg.rf.2eed0961db64919d13e576e05980d0d5,train,Normal,136_jpg.rf.2eed0961db64919d13e576e05980d0d5.jpg,train/Normal/136_jpg.rf.2eed0961db64919d13e576e05980d0d5.jpg,640,640,3,JPEG,25890,704bb00d8a242b7bafc2a2c1f68c64ed63925f8666e4586d1d085d1dd0d55f47,c1c014ea1a7b597f
136_jpg.rf.91e1f6be9a78df562e0c2bccf93f7bc1,train,Normal,136_jpg.rf.91e1f6be9a78df562e0c2bccf93f7bc1.jpg,train/Normal/136_jpg.rf.91e1f6be9a78df562e0c2bccf93f7bc1.jpg,640,640,3,JPEG,24292,ee426f8c2ff03212c8ca7d19ce209bf9ceef89065b046bc8075681261d07b27d,b8a44bd0c724aebb
136_jpg.rf.df5606de58a5a8091c19e9dccfd984c7,train,Normal,136_jpg.rf.df5606de58a5a8091c19e9dccfd984c7.jpg,train/Normal/136_jpg.rf.df5606de58a5a8091c19e9dccfd984c7.jpg,640,640,3,JPEG,25581,c37749d38b4ca72dd3e2ad4c4e2b55f5d61c027602684672d119669655926412,c1e014ea1a73597f
137_bright_jpg.rf.241fac8ae842acb105baf061b47ede4f,train,Normal,137_bright_jpg.rf.241fac8ae842acb105baf061b47ede4f.jpg,train/Normal/137_bright_jpg.rf.241fac8ae842acb105baf061b47ede4f.jpg,640,640,3,JPEG,29572,1ad1e76f9c4bb10a75614b0fce6b42d76a9410a5cc8cdf25c3b27c540719c711,c06205da47fd11f7
137_bright_jpg.rf.24306818a22a9a8fa490ce81c89a3d45,train,Normal,137_bright_jpg.rf.24306818a22a9a8fa490ce81c89a3d45.jpg,train/Normal/137_bright_jpg.rf.24306818a22a9a8fa490ce81c89a3d45.jpg,640,640,3,JPEG,29986,530d8839af2d058eb79895426f54a00402040a3ce1ef7d02e212a159e63cc068,d07f059f4f38093c
137_bright_jpg.rf.b03cad89843e6e299a3c03a15c6d8e18,train,Normal,137_bright_jpg.rf.b03cad89843e6e299a3c03a15c6d8e18.jpg,train/Normal/137_bright_jpg.rf.b03cad89843e6e299a3c03a15c6d8e18.jpg,640,640,3,JPEG,28583,9c53fafa802eda71396a59caea94c74c86e17bed9d0fa0bef4fb8f4d725e391f,8d36fa4c1a2dfc41
13_jpg.rf.53f1de662343b32e36a65adec3a6edb8,train,Normal,13_jpg.rf.53f1de662343b32e36a65adec3a6edb8.jpg,train/Normal/13_jpg.rf.53f1de662343b32e36a65adec3a6edb8.jpg,640,640,3,JPEG,49307,c12285761870ed1ff820f92987cdaae82c0456af188b499feaaa65a4686b5929,d42ac4a6d3d45b4b
13_jpg.rf.66fd4d6b0a5ca5e97fa5fc93f5b8a07c,train,Normal,13_jpg.rf.66fd4d6b0a5ca5e97fa5fc93f5b8a07c.jpg,train/Normal/13_jpg.rf.66fd4d6b0a5ca5e97fa5fc93f5b8a07c.jpg,640,640,3,JPEG,46825,52808aa613bf75d81e224ce85a8aeb5e9d346d79064a1ea6627352d0af72616a,817551b55aa25dae
13_jpg.rf.a1ec33836234728fe2341add166e3940,train,Normal,13_jpg.rf.a1ec33836234728fe2341add166e3940.jpg,train/Normal/13_jpg.rf.a1ec33836234728fe2341add166e3940.jpg,640,640,3,JPEG,47297,d798985fa4bb1aebcd06ae36b3c91c9bb847b618e910d50a47cfe0bda50513ba,d03f44af53a4530f
140,train,Normal,140.jpg,train/Normal/140.jpg,224,224,3,JPEG,17975,7d9f84b09aa68d4784a300424cb834777059f0bb0727ced33d1c0dc5df50f747,a263491d789fec15
140_bright_jpg.rf.311184b0bab5e2ea726a9b30a337084f,train,Normal,140_bright_jpg.rf.311184b0bab5e2ea726a9b30a337084f.jpg,train/Normal/140_bright_jpg.rf.311184b0bab5e2ea726a9b30a337084f.jpg,640,640,3,JPEG,26941,fe1b2ffecc44d7fec4f954e436cd35ba6704eab49655a39f06632ea03e7b884d,d4d3604cbd7ad1c2
140_bright_jpg.rf.364e8c152b1fa4fb3fbbfcafe7a74851,train,Normal,140_bright_jpg.rf.364e8c152b1fa4fb3fbbfcafe7a74851.jpg,train/Normal/140_bright_jpg.rf.364e8c152b1fa4fb3fbbfcafe7a74851.jpg,640,640,3,JPEG,28598,056a883bbc9415f2517f8dff52c9e16cbd302f0f0cbefc72abb67f0812c1592f,d4c241485d7b55d7
140_bright_jpg.rf.9bcb6579fb9874ff54d6d9eeb27dd0d6,train,Normal,140_bright_jpg.rf.9bcb6579fb9874ff54d6d9eeb27dd0d6.jpg,train/Normal/140_bright_jpg.rf.9bcb6579fb9874ff54d6d9eeb27dd0d6.jpg,640,640,3,JPEG,28679,d7c903f3ef56e199f4b488ea1f9d7987f5374814efd8ed523738c0cdd6a74a52,819f151d4d2f0797
141_bright_jpg.rf.a9c1865962fc8e3c82ce704b4fefaf20,train,Normal,141_bright_jpg.rf.a9c1865962fc8e3c82ce704b4fefaf20.jpg,train/Normal/141_bright_jpg.rf.a9c1865962fc8e3c82ce704b4fefaf20.jpg,640,640,3,JPEG,36099,d810ae6820c684f7feca7f83fdcbcd3b23b43e23f304d36be154bdb28d80d27f,d257e74952374c70
141_bright_jpg.rf.d07eb895d1fceb33bc0f8ef562450f77,train,Normal,141_bright_jpg.rf.d07eb895d1fceb33bc0f8ef562450f77.jpg,train/Normal/141_bright_jpg.rf.d07eb895d1fceb33bc0f8ef562450f77.jpg,640,640,3,JPEG,35928,8657f3e7dec53b34c70008e66d760c1d893d3f4abaa1dd89868f9bcf982822ab,853f153f4f24182f
141_bright_jpg.rf.f8313b13d8f70d50b6b3ab9d05795128,train,Normal,141_bright_jpg.rf.f8313b13d8f70d50b6b3ab9d05795128.jpg,train/Normal/141_bright_jpg.rf.f8313b13d8f70d50b6b3ab9d05795128.jpg,640,640,3,JPEG,36102,734a10cc30a901bf069de68169a7579913fdfdf4de8e4f35b90d609f9dd33266,8502167e4f73596d
141_jpg.rf.6d40bc44f2fd1c2a9b849cbd2c06ee19,train,Normal,141_jpg.rf.6d40bc44f2fd1c2a9b849cbd2c06ee19.jpg,train/Normal/141_jpg.rf.6d40bc44f2fd1c2a9b849cbd2c06ee19.jpg,640,640,3,JPEG,29973,df20bbf9ab5fdb99788cb8a2e8d1d06c5f21e8cb0961077285edbd80237855b3,803f553f5b884d0f
141_jpg.rf.9ff1d378a41ec023821dc374b78af761,train,Normal,141_jpg.rf.9ff1d378a41ec023821dc374b78af761.jpg,train/Normal/141_jpg.rf.9ff1d378a41ec023821dc374b78af761.jpg,640,640,3,JPEG,29698,d43aa4170c99b98752f70ea1812cddc90b5fe7d9df657486445603a591e0944b,a80437321bb9fc8f
141_jpg.rf.a46a1292cb91d677598b601e42d352a3,train,Normal,141_jpg.rf.a46a1292cb91d677598b601e42d352a3.jpg,train/Normal/141_jpg.rf.a46a1292cb91d677598b601e42d352a3.jpg,640,640,3,JPEG,30011,3535597dc45261cd268befdabd3326de7276c9f33906688e78b82fb91510cdc9,c03f553f5b884c0f
142_bright_jpg.rf.325f2ebab4bf2277b0e20f4b886c34ec,train,Normal,142_bright_jpg.rf.325f2ebab4bf2277b0e20f4b886c34ec.jpg,train/Normal/142_bright_jpg.rf.325f2ebab4bf2277b0e20f4b886c34ec.jpg,640,640,3,JPEG,30151,585c0ea908bb01532f187f6effefda8320262ce17036b07beea27bd624262ba0,a3a636916794b5d1
142_bright_jpg.rf.4b5c5461587129c8d6b52106e0f5ccfb,train,Normal,142_bright_jpg.rf.4b5c5461587129c8d6b52106e0f5ccfb.jpg,train/Normal/142_bright_jpg.rf.4b5c5461587129c8d6b52106e0f5ccfb.jpg,640,640,3,JPEG,30872,615e0e42d9737949ee49d824a514d00e30b53d7f6bb1e3efaa0e0789f804008a,81b515974f0e1d1f
142_bright_jpg.rf.55f5bbb61e8557693c7e8b83e1a3c122,train,Normal,142_bright_jpg.rf.55f5bbb61e8557693c7e8b83e1a3c122.jpg,train/Normal/142_bright_jpg.rf.55f5bbb61e8557693c7e8b83e1a3c122.jpg,640,640,3,JPEG,30390,22f2df5df41034e8496fad2f6f342cac8db80eb0c9ad6fe68dd65b4199e0665d,d4e245d4175545de
142_jpg.rf.9361d525d2bfccb5fdfe68f873d1a794,train,Normal,142_jpg.rf.9361d525d2bfccb5fdfe68f873d1a794.jpg,train/Normal/142_jpg.rf.9361d525d2bfccb5fdfe68f873d1a794.jpg,640,640,3,JPEG,26595,2456cdf75acc07c6efc21051cf57da1df7346611e127a80676364151012815e5,d5c040da1b5b4d7b
142_jpg.rf.af7e02b92e5d8bbbb347bb9356c87af9,train,Normal,142_jpg.rf.af7e02b92e5d8bbbb347bb9356c87af9.jpg,train/Normal/142_jpg.rf.af7e02b92e5d8bbbb347bb9356c87af9.jpg,640,640,3,JPEG,26517,81e1621e3bbf766085a7da85b5aceffd37bb1b514f29bbab0a84a5ee6edb3a30,d1f7408d0f8e0d2f
142_jpg.rf.c6fd9b88dc20ace0ea53da0bacf83c9a,train,Normal,142_jpg.rf.c6fd9b88dc20ace0ea53da0bacf83c9a.jpg,train/Normal/142_jpg.rf.c6fd9b88dc20ace0ea53da0bacf83c9a.jpg,640,640,3,JPEG,25649,090bfda4d9c0ac5d5c0a2340a97f6fd59cb60afbe594de44e62ffb8447149c36,d7f6e2c9009bc86c
143_bright_jpg.rf.1a65cd34880f9e9cc07368baf2284fed,train,Normal,143_bright_jpg.rf.1a65cd34880f9e9cc07368baf2284fed.jpg,train/Normal/143_bright_jpg.rf.1a65cd34880f9e9cc07368baf2284fed.jpg,640,640,3,JPEG,22139,7d776d0a640a76b97136838f7293ea8afd1f54bd8fe24f8aa7547c2d0aae174a,cc526093c97bcd55
143_bright_jpg.rf.2c2b72c7995647f0f583fd11292639d3,train,Normal,143_bright_jpg.rf.2c2b72c7995647f0f583fd11292639d3.jpg,train/Normal/143_bright_jpg.rf.2c2b72c7995647f0f583fd11292639d3.jpg,640,640,3,JPEG,24581,714b1700f3c9c3d89dcb6384c877cf89c7eb3b724632a9113f53f582b733cc52,952215d25c7f5d58
143_bright_jpg.rf.d06a893059a2e8428c61bf0194e82b69,train,Normal,143_bright_jpg.rf.d06a893059a2e8428c61bf0194e82b69.jpg,train/Normal/143_bright_jpg.rf.d06a893059a2e8428c61bf0194e82b69.jpg,640,640,3,JPEG,22163,8629730b992e0f8431bdc1b530f6825b7391174c18fb1d375da7d8122601d92e,cc526093c97bcd55
1456264,train,Normal,1456264.jpg,train/Normal/1456264.jpg,224,224,3,JPEG,24943,a818f6b68b292ff13beaa2d2f1c56dab011b6e1dd8d530dd897cac618d51e077,891916fdf2e6c0c6
149_bright_jpg.rf.ec09d2ad12caae042c4bcb9903a0c7ba,train,Normal,149_bright_jpg.rf.ec09d2ad12caae042c4bcb9903a0c7ba.jpg,train/Normal/149_bright_jpg.rf.ec09d2ad12caae042c4bcb9903a0c7ba.jpg,640,640,3,JPEG,20362,b12de74320d03281279f2808173a2be51ec7899d7e2b8bf2139f5522a6ff016f,d5e2b99063e63b88
14_jpg.rf.5f5e4c09ba634a19be1fccb6c980cec5,train,Normal,14_jpg.rf.5f5e4c09ba634a19be1fccb6c980cec5.jpg,train/Normal/14_jpg.rf.5f5e4c09ba634a19be1fccb6c980cec5.jpg,640,640,3,JPEG,53559,1da329b75d288f73a647d8dc1a26de9a4fdbdcbee2ee1fb984d4a179d055e1ee,9437552f47a95586
14_jpg.rf.d4664b348eff2e834aaad2548c34134c,train,Normal,14_jpg.rf.d4664b348eff2e834aaad2548c34134c.jpg,train/Normal/14_jpg.rf.d4664b348eff2e834aaad2548c34134c.jpg,640,640,3,JPEG,54345,2443c9872eb0816cce38dbcbced5ed16685a0f5465941157ace14d0ba22e8992,9420457e4375567f
14_jpg.rf.fb8754fb23660af907e674ff43c1cf61,train,Normal,14_jpg.rf.fb8754fb23660af907e674ff43c1cf61.jpg,train/Normal/14_jpg.rf.fb8754fb23660af907e674ff43c1cf61.jpg,640,640,3,JPEG,56612,47c1cd14b2ae0ce18a480d511e376950c21e255e6c32e0004168d43d1a704ce2,cf60173a56e8235e
150_bright_jpg.rf.2ceb7dd29bd2247629e909142247f263,train,Normal,150_bright_jpg.rf.2ceb7dd29bd2247629e909142247f263.jpg,train/Normal/150_bright_jpg.rf.2ceb7dd29bd2247629e909142247f263.jpg,640,640,3,JPEG,29505,028e61cd6789e812a95a9d3b202d947faaaeb29b8708e157eb0f65878201f606,9981cfe09362d8b7
150_bright_jpg.rf.6ddd2f3d49c462d326a0c616ac81b052,train,Normal,150_bright_jpg.rf.6ddd2f3d49c462d326a0c616ac81b052.jpg,train/Normal/150_bright_jpg.rf.6ddd2f3d49c462d326a0c616ac81b052.jpg,640,640,3,JPEG,30663,3517d997fcb944667278f65a41adb72736983df93c407af61542a4768b51a5d1,c4d510bd47274da7
150_bright_jpg.rf.bc9e8b75fd538dabea5d15fc243a1687,train,Normal,150_bright_jpg.rf.bc9e8b75fd538dabea5d15fc243a1687.jpg,train/Normal/150_bright_jpg.rf.bc9e8b75fd538dabea5d15fc243a1687.jpg,640,640,3,JPEG,30347,14a29b79ba9e49536fc48375da62a624dbfe8d2c3280cd6eaeff765bdba1af8a,c4c098bc46774fe6
150_jpg.rf.692280c6b23d06b17939794ef8da5cf1,train,Normal,150_jpg.rf.692280c6b23d06b17939794ef8da5cf1.jpg,train/Normal/150_jpg.rf.692280c6b23d06b17939794ef8da5cf1.jpg,640,640,3,JPEG,25993,161b1293517dac5c48cef915ab67ec8283ea252bb395bf7c92696ac8942be82a,fbc81530a2de2f16
150_jpg.rf.987cd7b6f667f726987ca76c094d7760,train,Normal,150_jpg.rf.987cd7b6f667f726987ca76c094d7760.jpg,train/Normal/150_jpg.rf.987cd7b6f667f726987ca76c094d7760.jpg,640,640,3,JPEG,27053,dc2dc53a4aabb49717716be22037a11fd869fe8823661dcaedbcce237310a542,c1df54354e860fa5
150_jpg.rf.a049ba06caabc3897fe7027814b3112c,train,Normal,150_jpg.rf.a049ba06caabc3897fe7027814b3112c.jpg,train/Normal/150_jpg.rf.a049ba06caabc3897fe7027814b3112c.jpg,640,640,3,JPEG,27273,9b34801c79602c98c2d183bdd03c9906c9b569b87ce3c0445dd7e591d460f06b,d1df1535178e0527
152_jpg.rf.247c35dc77bf1acde3b7756c8ab0477d,train,Normal,152_jpg.rf.247c35dc77bf1acde3b7756c8ab0477d.jpg,train/Normal/152_jpg.rf.247c35dc77bf1acde3b7756c8ab0477d.jpg,640,640,3,JPEG,31419,9458b2376f83f484e01a6211af111ea916a7ec70ca5872e442ab9ea59b29c5b7,806855d259df4779
152_jpg.rf.a5b2d6b66cf1e3080201a3cbd0089997,train,Normal,152_jpg.rf.a5b2d6b66cf1e3080201a3cbd0089997.jpg,train/Normal/152_jpg.rf.a5b2d6b66cf1e3080201a3cbd0089997.jpg,640,640,3,JPEG,31001,07207fafdf7e5a14ac81b022b89351b34f8d1d5a37c36997c558153431133cab,a2b96392d98ba369
152_jpg.rf.d79ac304a9e5943c6021d9774e39984b,train,Normal,152_jpg.rf.d79ac304a9e5943c6021d9774e39984b.jpg,train/Normal/152_jpg.rf.d79ac304a9e5943c6021d9774e39984b.jpg,640,640,3,JPEG,31530,a02e2b33b87fd39044bf21c247f68d4fcd39346a046471c9e2aefe75a4a6a82c,84bd4597598f1a2d
153_bright_jpg.rf.560cb02ea0d59aa726d1c0c899495097,train,Normal,153_bright_jpg.rf.560cb02ea0d59aa726d1c0c899495097.jpg,train/Normal/153_bright_jpg.rf.560cb02ea0d59aa726d1c0c899495097.jpg,640,640,3,JPEG,37288,16c116a99e3a5a2acb4b3734843719a5197bafc5b6836681f1bc3b451c76080e,85b1475a36cd56ca
153_bright_jpg.rf.713db378deeafe4767f1ecc2b58ae1b4,train,Normal,153_bright_jpg.rf.713db378deeafe4767f1ecc2b58ae1b4.jpg,train/Normal/153_bright_jpg.rf.713db378deeafe4767f1ecc2b58ae1b4.jpg,640,640,3,JPEG,37524,9f36f9d8d0ebdb9088e0e267023b0d8fbb2a161660b3abb8006a1ede1cce6142,8db5225b36cdd48a
153_bright_jpg.rf.88ca0f23dc27637b733d51143424a1b3,train,Normal,153_bright_jpg.rf.88ca0f23dc27637b733d51143424a1b3.jpg,train/Normal/153_bright_jpg.rf.88ca0f23dc27637b733d51143424a1b3.jpg,640,640,3,JPEG,36919,fede9f8d9d94df1687fbbf6600950cbc1bc78395b98ce43ae80475517393d0b0,85b5551f16a9548f
154_bright_jpg.rf.9aa7ba983fca1263e5b2b1eba58fa258,train,Normal,154_bright_jpg.rf.9aa7ba983fca1263e5b2b1eba58fa258.jpg,train/Normal/154_bright_jpg.rf.9aa7ba983fca1263e5b2b1eba58fa258.jpg,640,640,3,JPEG,25705,7f02e747c320ac85ace7d93ac2a13dc83f45a22360866f629313c49c10fc042c,d0fd11b515a35c0f
157_bright_jpg.rf.8071caf24b6595ff74488a8d557bbb89,train,Normal,157_bright_jpg.rf.8071caf24b6595ff74488a8d557bbb89.jpg,train/Normal/157_bright_jpg.rf.8071caf24b6595ff74488a8d557bbb89.jpg,640,640,3,JPEG,30193,ea2fdaa34139c98773f3fd2e0f2b4c4316db89b4585fe3adcabc91db419f4694,c13f152f5aaa591c
157_bright_jpg.rf.d5a83128016b3676850913ee1beca2c8,train,Normal,157_bright_jpg.rf.d5a83128016b3676850913ee1beca2c8.jpg,train/Normal/157_bright_jpg.rf.d5a83128016b3676850913ee1beca2c8.jpg,640,640,3,JPEG,30314,595076bc0ea1c2f5fcd3b241bce74a98f47453d41832bb650d31816a54b9d9cb,946a54721fff0c49
157_jpg.rf.645b9392b112a97516393ba13741f5ef,train,Normal,157_jpg.rf.645b9392b112a97516393ba13741f5ef.jpg,train/Normal/157_jpg.rf.645b9392b112a97516393ba13741f5ef.jpg,640,640,3,JPEG,26370,743e1daf17375e3783857174467b49cf3f4138d8980df0760137c2c71ae15105,8597112d5f2c5d2e
157_jpg.rf.6639102282dd226c3978675db94e9c1c,train,Normal,157_jpg.rf.6639102282dd226c3978675db94e9c1c.jpg,train/Normal/157_jpg.rf.6639102282dd226c3978675db94e9c1c.jpg,640,640,3,JPEG,26548,70c9c05e317e789ac79d7c07c8bd16f28f7b58e75477f1400e5bf9f8cbfc809f,848a546b5f715cf2
157_jpg.rf.e659c318c670b283d44e51b981a3ea10,train,Normal,157_jpg.rf.e659c318c670b283d44e51b981a3ea10.jpg,train/Normal/157_jpg.rf.e659c318c670b283d44e51b981a3ea10.jpg,640,640,3,JPEG,25274,4f9ceefeb2d430b78ee8ccf94473962cebeeab949541c8330b0e449373864037,859a106bab397a57
158_bright_jpg.rf.3e066d8220f32588750a76694cd08e2c,train,Normal,158_bright_jpg.rf.3e066d8220f32588750a76694cd08e2c.jpg,train/Normal/158_bright_jpg.rf.3e066d8220f32588750a76694cd08e2c.jpg,640,640,3,JPEG,37754,bb91c24e4bc4fb22e01c35ff8ac5f6d830be65b35eb2073b5a6d8accb54fd854,cf3334ed808d1b93
158_bright_jpg.rf.91e51a72e655b051987b4ca789e14f8b,train,Normal,158_bright_jpg.rf.91e51a72e655b051987b4ca789e14f8b.jpg,train/Normal/158_bright_jpg.rf.91e51a72e655b051987b4ca789e14f8b.jpg,640,640,3,JPEG,37419,31d175499085cc762ccf8cbb138494f2850497ea5f8a0803c6adeabc4a0166d1,c53714af418f19ab
158_bright_jpg.rf.de36ea09997607169f9224a26430f6b6,train,Normal,158_bright_jpg.rf.de36ea09997607169f9224a26430f6b6.jpg,train/Normal/158_bright_jpg.rf.de36ea09997607169f9224a26430f6b6.jpg,640,640,3,JPEG,37268,f3aa974ca26924c80bc5fbef8e70a34ed22d3a36bf841ab5f7e3b426b35e7a3e,c13714af478c19af
159_bright_jpg.rf.47f64ff83fe475b91e209c19d4d9af26,train,Normal,159_bright_jpg.rf.47f64ff83fe475b91e209c19d4d9af26.jpg,train/Normal/159_bright_jpg.rf.47f64ff83fe475b91e209c19d4d9af26.jpg,640,640,3,JPEG,36400,0412c12bfd4dee8a611915f101251b947f7bcc3f018af74ff0d43348c8be91f3,c04a016a5fff1d6a
15_bright_jpg.rf.1fdd848bc9f580217e2a833cf485e0bb,train,Normal,15_bright_jpg.rf.1fdd848bc9f580217e2a833cf485e0bb.jpg,train/Normal/15_bright_jpg.rf.1fdd848bc9f580217e2a833cf485e0bb.jpg,640,640,3,JPEG,49885,2f9145e9ac503d3be323be5cb4d6b6694b5c05b4b006191c860028ee069b617d,d59681e4c07cc757
15_bright_jpg.rf.c19bc109e0b56afaf7efbd32e1eddcbb,train,Normal,15_bright_jpg.rf.c19bc109e0b56afaf7efbd32e1eddcbb.jpg,train/Normal/15_bright_jpg.rf.c19bc109e0b56afaf7efbd32e1eddcbb.jpg,640,640,3,JPEG,47425,76dd7293e95f10f3b9ee9db284881dcb4e8a0212d885cff5c596f724c9150f2f,d08000cb597f5ff3
15_bright_jpg.rf.f9df22976ba5ac7b569bbc7df3d6c881,train,Normal,15_bright_jpg.rf.f9df22976ba5ac7b569bbc7df3d6c881.jpg,train/Normal/15_bright_jpg.rf.f9df22976ba5ac7b569bbc7df3d6c881.jpg,640,640,3,JPEG,47335,6c2080a270703d46315af1f02110c3cf9930368fbca6415b8fa1f9e4f672acca,d59f01ac513e4717
167_jpg.rf.e5744e5f43ee82d4761b0da8d46e804f,train,Normal,167_jpg.rf.e5744e5f43ee82d4761b0da8d46e804f.jpg,train/Normal/167_jpg.rf.e5744e5f43ee82d4761b0da8d46e804f.jpg,640,640,3,JPEG,18177,5c5d68b7e25219413e675fa3eb41431bebcbf3251f1d424796c628152e82f1f9,d0aa057a585b15df
168_jpg.rf.0efe1fd516cecbd02917649622cf9cc6,train,Normal,168_jpg.rf.0efe1fd516cecbd02917649622cf9cc6.jpg,train/Normal/168_jpg.rf.0efe1fd516cecbd02917649622cf9cc6.jpg,640,640,3,JPEG,25665,000e2b194523ef3379446e6087fcf26ab1d518c54b5f75539e38665a4439db40,c022457a4dfc19df
168_jpg.rf.23c5f86555772f6333d81865fa448b54,train,Normal,168_jpg.rf.23c5f86555772f6333d81865fa448b54.jpg,train/Normal/168_jpg.rf.23c5f86555772f6333d81865fa448b54.jpg,640,640,3,JPEG,23976,368bb4497a582eb92ae5f4925c3ea912c63a1d098fa760ddc372d4e782d8f599,a8376a3b49241adf
168_jpg.rf.e1015fceddc61b8ad225b692d452d7fa,train,Normal,168_jpg.rf.e1015fceddc61b8ad225b692d452d7fa.jpg,train/Normal/168_jpg.rf.e1015fceddc61b8ad225b692d452d7fa.jpg,640,640,3,JPEG,25375,2f893304643425be5bcbc92877a152dcdc77b4ef0f14a6fd4156f5290282e800,dc621b6e1c794aca
169_bright_jpg.rf.0c192a7a31f6598c42666fca45eaab5d,train,Normal,169_bright_jpg.rf.0c192a7a31f6598c42666fca45eaab5d.jpg,train/Normal/169_bright_jpg.rf.0c192a7a31f6598c42666fca45eaab5d.jpg,640,640,3,JPEG,24658,5de7e0b076de61b553abab68db968f34b2a0d5638bb7f6e911d92fc85974b4d6,94c011e70ff3555b
169_bright_jpg.rf.78bc2d222dd157154e09a241fa601304,train,Normal,169_bright_jpg.rf.78bc2d222dd157154e09a241fa601304.jpg,train/Normal/169_bright_jpg.rf.78bc2d222dd157154e09a241fa601304.jpg,640,640,3,JPEG,22971,f60291e7c0084dfc10c7dec129ed1f7ad4c60bc0341cd663e3dba15b86e58969,c99046d27ee6c18f
169_bright_jpg.rf.c6cbe8d19d69f6564cd693c4cd7bb564,train,Normal,169_bright_jpg.rf.c6cbe8d19d69f6564cd693c4cd7bb564.jpg,train/Normal/169_bright_jpg.rf.c6cbe8d19d69f6564cd693c4cd7bb564.jpg,640,640,3,JPEG,24925,b1410358f1e28e2ca982b2c131d40b76686b8205f1354af8768754571e5216a2,94c215ea4f57585b
169_jpg.rf.ca15d8e6a76eb97fdbf970b5a8dc093e,train,Normal,169_jpg.rf.ca15d8e6a76eb97fdbf970b5a8dc093e.jpg,train/Normal/169_jpg.rf.ca15d8e6a76eb97fdbf970b5a8dc093e.jpg,640,640,3,JPEG,22744,829fe9936e95207691d3943f221e5d2fc99a72a1647e0e1f388f3e5baf5ba9ce,d4c004eb1f5b4d79
169_jpg.rf.cf5d29fdab279e95c0728b7c4cf86da3,train,Normal,169_jpg.rf.cf5d29fdab279e95c0728b7c4cf86da3.jpg,train/Normal/169_jpg.rf.cf5d29fdab279e95c0728b7c4cf86da3.jpg,640,640,3,JPEG,22873,93602e7c0de86e15355f1c478419f088124d9b2360bfe60c806b82145b74c7fe,819555bf5e0e512d
169_jpg.rf.d7ade456af697f2a4d3942146aba682c,train,Normal,169_jpg.rf.d7ade456af697f2a4d3942146aba682c.jpg,train/Normal/169_jpg.rf.d7ade456af697f2a4d3942146aba682c.jpg,640,640,3,JPEG,20663,9833f99505126de12655454ad987ef022889594d9f4da1d45c86ff47adaa19cd,d7410ce7899a3c7c
16_jpg.rf.1cc97bf6e5d18fbdf776d2a927c22db3,train,Normal,16_jpg.rf.1cc97bf6e5d18fbdf776d2a927c22db3.jpg,train/Normal/16_jpg.rf.1cc97bf6e5d18fbdf776d2a927c22db3.jpg,640,640,3,JPEG,38549,29d580984f847fc33f87a0af6cc43a62b0819226b3c73a24a1ec36a446864569,808851da4f5f55f9
16_jpg.rf.3fab1dfb027ff58db1147e10dd385c0a,train,Normal,16_jpg.rf.3fab1dfb027ff58db1147e10dd385c0a.jpg,train/Normal/16_jpg.rf.3fab1dfb027ff58db1147e10dd385c0a.jpg,640,640,3,JPEG,39435,006f2a515cc9b4d089df17cd42df07896e05b2b39828a636bad1558f013fe64e,89c9da818eabf499
16_jpg.rf.7d31a213acc5afd8f5d33c6d75eaed29,train,Normal,16_jpg.rf.7d31a213acc5afd8f5d33c6d75eaed29.jpg,train/Normal/16_jpg.rf.7d31a213acc5afd8f5d33c6d75eaed29.jpg,640,640,3,JPEG,38495,3ae68dac64eb8ddba31c477fae23c024d8403e0f7ea31943480151aad7843244,85dd55950daf150e
170_bright_jpg.rf.2aa9d25be220469ca1c41743b862073f,train,Normal,170_bright_jpg.rf.2aa9d25be220469ca1c41743b862073f.jpg,train/Normal/170_bright_jpg.rf.2aa9d25be220469ca1c41743b862073f.jpg,640,640,3,JPEG,30260,6f5e903b4eb5080d4514dd88932b64f6643e7b0b34d3bb1e7a40be2ca846e8c3,e8b95a02b44aae7e
170_bright_jpg.rf.a6142befec43f39e9eb4ecd1349fcf1b,train,Normal,170_bright_jpg.rf.a6142befec43f39e9eb4ecd1349fcf1b.jpg,train/Normal/170_bright_jpg.rf.a6142befec43f39e9eb4ecd1349fcf1b.jpg,640,640,3,JPEG,30930,7e36df9cf8a085bcce7ef5be68a39b9da1734e501279989e91a10345d294b425,c08051f2567f07fe
170_bright_jpg.rf.aab0b2fdd8d175b80615e3075101582c,train,Normal,170_bright_jpg.rf.aab0b2fdd8d175b80615e3075101582c.jpg,train/Normal/170_bright_jpg.rf.aab0b2fdd8d175b80615e3075101582c.jpg,640,640,3,JPEG,30964,6ade19744e59e5a7032947a7688ddeefbca858a1b6a46bf73a82d661619f8cd2,c08851f2567f05fe
189,train,Normal,189.jpg,train/Normal/189.jpg,224,224,3,JPEG,16688,5f3359f232fa737d8715c9bb3da09c7088ba25e9eee6e197315db6c319ed4c03,c44c696837372677
18_bright_jpg.rf.0d8f3c15e23e08aed1d873b893ad51b6,train,Normal,18_bright_jpg.rf.0d8f3c15e23e08aed1d873b893ad51b6.jpg,train/Normal/18_bright_jpg.rf.0d8f3c15e23e08aed1d873b893ad51b6.jpg,640,640,3,JPEG,42952,a2af72bca91f5f3519c98eb6de88f525d40b9487c62ac93094a051ee66c37ed0,c234629dacda85bd
18_bright_jpg.rf.2d015614aef4fd2a9b5bc12694fc1924,train,Normal,18_bright_jpg.rf.2d015614aef4fd2a9b5bc12694fc1924.jpg,train/Normal/18_bright_jpg.rf.2d015614aef4fd2a9b5bc12694fc1924.jpg,640,640,3,JPEG,41194,4935dfe5169261cb5a1acf4f068a2fb13d151ffc0824295be88d7ad1b674e40b,907714a55f8e543e
18_bright_jpg.rf.335368612469906495d665fbde4da482,train,Normal,18_bright_jpg.rf.335368612469906495d665fbde4da482.jpg,train/Normal/18_bright_jpg.rf.335368612469906495d665fbde4da482.jpg,640,640,3,JPEG,42959,5615bc27f63cf64209c10231b86754df477fd48029b8c191a0f4dec83d7520d9,976027c8f98fd0e8
18_jpg.rf.96c2434ba4ab6a0eb00281c28799154d,train,Normal,18_jpg.rf.96c2434ba4ab6a0eb00281c28799154d.jpg,train/Normal/18_jpg.rf.96c2434ba4ab6a0eb00281c28799154d.jpg,640,640,3,JPEG,34927,ef8ca1dcc3953867beddb11c4fc5606db6c9bb78572ad3db9a47ecd4e65cbf24,c03f15bf58a21da9
18_jpg.rf.d2a7bfb73ba735dd7226d10c530aab46,train,Normal,18_jpg.rf.d2a7bfb73ba735dd7226d10c530aab46.jpg,train/Normal/18_jpg.rf.d2a7bfb73ba735dd7226d10c530aab46.jpg,640,640,3,JPEG,35478,3bf595d677853401edbe25501565a8a55a8c86b05930893ffe136c075388bd21,9f5b698a1da4a4ac
18_jpg.rf.d9ed20b4dbc1a20bc7db14c38714b125,train,Normal,18_jpg.rf.d9ed20b4dbc1a20bc7db14c38714b125.jpg,train/Normal/18_jpg.rf.d9ed20b4dbc1a20bc7db14c38714b125.jpg,640,640,3,JPEG,34829,6ce13c1d371cfa29fabd316cf0448c81f0938dad7827ba4fcb65d9bb154a0257,944241ea1df54dfc
2134,train,Normal,2134.jpg,train/Normal/2134.jpg,224,224,3,JPEG,28360,0c06e4ecacce5689697cf967a90f5bc1e3096607605af0fedf96a2789848e428,c1b0a2b3b9ac0f1f
215,train,Normal,215.jpg,train/Normal/215.jpg,224,224,3,JPEG,23356,0281a980d68c154180df2f6eca19f42a161b6fc626f54e9e5d5bedb7eeaf1171,d5ae0cc2f0be86d4
21_jpg.rf.3178aaffb594012703ded65d6d3174b6,train,Normal,21_jpg.rf.3178aaffb594012703ded65d6d3174b6.jpg,train/Normal/21_jpg.rf.3178aaffb594012703ded65d6d3174b6.jpg,640,640,3,JPEG,18648,dab226e83ce16af46e1edf1ca010a1baf9e498ee2996ddef4902743e44635ce6,944080ff4e6e5e6e
21_jpg.rf.55ddf31ec25f81fef180027116145a4a,train,Normal,21_jpg.rf.55ddf31ec25f81fef180027116145a4a.jpg,train/Normal/21_jpg.rf.55ddf31ec25f81fef180027116145a4a.jpg,640,640,3,JPEG,16392,a653a360e6f1ccafffbb27102982a4cb86baa0de2dcdca25fc24b0d950737955,c110ddba533b2f19
21_jpg.rf.6df86b9ef3929448155564c31ffe740b,train,Normal,21_jpg.rf.6df86b9ef3929448155564c31ffe740b.jpg,train/Normal/21_jpg.rf.6df86b9ef3929448155564c31ffe740b.jpg,640,640,3,JPEG,18681,b04ab14af107214dc10cdbeaf0f9d246a4ec7d4d34eef2462e24993b0c15acd0,944080ff4e6e5e6e
23214132,train,Normal,23214132.jpg,train/Normal/23214132.jpg,224,224,3,JPEG,30861,8aee014e82734622ff2000ca3dee57e84df189ddc630fa32af222700d1a0a236,95ae5ac2d457c474
23_bright_jpg.rf.0223f6d16c23d1735bd81ca6cfc68947,train,Normal,23_bright_jpg.rf.0223f6d16c23d1735bd81ca6cfc68947.jpg,train/Normal/23_bright_jpg.rf.0223f6d16c23d1735bd81ca6cfc68947.jpg,640,640,3,JPEG,28662,1f82e1d7039e21d517b1a83d6e7a966e33da98914044f18a7e47966ce7cc98ea,f34f081d47fa560c
23_bright_jpg.rf.69349a3c536ef5c2a4fce24daa8e6757,train,Normal,23_bright_jpg.rf.69349a3c536ef5c2a4fce24daa8e6757.jpg,train/Normal/23_bright_jpg.rf.69349a3c536ef5c2a4fce24daa8e6757.jpg,640,640,3,JPEG,29249,9eb4f33accf204e9274fe425a30204a6c0038a54bf5ba6586f15d88a992dfcbc,d16205d91bf314eb
23_bright_jpg.rf.8b113047092db6fd6252354dfc443841,train,Normal,23_bright_jpg.rf.8b113047092db6fd6252354dfc443841.jpg,train/Normal/23_bright_jpg.rf.8b113047092db6fd6252354dfc443841.jpg,640,640,3,JPEG,29528,d914dbe7f21da5fb23c6524c6a886267c9c21477f30cfd8572fcbb774d638f57,843f551916af13b9
24_bright_jpg.rf.0aafe14986a2c558ca07812629e8b433,train,Normal,24_bright_jpg.rf.0aafe14986a2c558ca07812629e8b433.jpg,train/Normal/24_bright_jpg.rf.0aafe14986a2c558ca07812629e8b433.jpg,640,640,3,JPEG,27798,5d0ac1c2fe3b0241ff4837f8465f7bc3091c6b924eb6d3791e9655ac77a802eb,952c2ab5d7c96869
24_bright_jpg.rf.8d4910f284f4c8cb166b20a0a4350e61,train,Normal,24_bright_jpg.rf.8d4910f284f4c8cb166b20a0a4350e61.jpg,train/Normal/24_bright_jpg.rf.8d4910f284f4c8cb166b20a0a4350e61.jpg,640,640,3,JPEG,29274,cd114a59d071b62d49df4dbc835b32ccd9f360627a1309a048acca74b3eff78a,c06a11f25bdd1979
24_bright_jpg.rf.c9c541cc3ba8024634e9d2eb86593193,train,Normal,24_bright_jpg.rf.c9c541cc3ba8024634e9d2eb86593193.jpg,train/Normal/24_bright_jpg.rf.c9c541cc3ba8024634e9d2eb86593193.jpg,640,640,3,JPEG,27911,813d1718d06c6d68dba544934b84e5710a1d053d1ac76e0853244a13c29bd776,957f44a75e804d2d
25_bright_jpg.rf.2af0ff8b95a1c334fdc129003dba2362,train,Normal,25_bright_jpg.rf.2af0ff8b95a1c334fdc129003dba2362.jpg,train/Normal/25_bright_jpg.rf.2af0ff8b95a1c334fdc129003dba2362.jpg,640,640,3,JPEG,38700,9d9564bb33bad7c140199b1d22ab2b631c537a3e6d98809835a7d72d27cfedf0,951545ad5dac5da4
25_bright_jpg.rf.3d5aa4c15c584a03837b131a721bd7ef,train,Normal,25_bright_jpg.rf.3d5aa4c15c584a03837b131a721bd7ef.jpg,train/Normal/25_bright_jpg.rf.3d5aa4c15c584a03837b131a721bd7ef.jpg,640,640,3,JPEG,39512,82983eb2e7d1f85bfc21085d36ee1f12a57576739a4ad7180e09616de6e6a581,bb2ce5a9d1a99426
25_bright_jpg.rf.e4084424b65c691ad88d1cb7511b64d4,train,Normal,25_bright_jpg.rf.e4084424b65c691ad88d1cb7511b64d4.jpg,train/Normal/25_bright_jpg.rf.e4084424b65c691ad88d1cb7511b64d4.jpg,640,640,3,JPEG,39028,552e2cab99b28b32ade11c5a2ebaded41f816559439fe25c6575e0cda82cb173,913f45ad51ab1527
25_jpg.rf.6c504a8aa349e8d8559eea190f233de4,train,Normal,25_jpg.rf.6c504a8aa349e8d8559eea190f233de4.jpg,train/Normal/25_jpg.rf.6c504a8aa349e8d8559eea190f233de4.jpg,640,640,3,JPEG,33399,92d1d785cc036eceb4349da157ec5f53e0c3ce1f40605151171d79965a9fa0e2,c19785210dab1f3f
25_jpg.rf.92b112c78e8fb052412c2d89f0699102,train,Normal,25_jpg.rf.92b112c78e8fb052412c2d89f0699102.jpg,train/Normal/25_jpg.rf.92b112c78e8fb052412c2d89f0699102.jpg,640,640,3,JPEG,33187,2cdbcb9ab1cb26c8fe856466ef8357cae1a0884d31ce7b3b56e2fcca2dc370f6,c082456843df577f
25_jpg.rf.f93fccf437fc15404333d827f5c4698a,train,Normal,25_jpg.rf.f93fccf437fc15404333d827f5c4698a.jpg,train/Normal/25_jpg.rf.f93fccf437fc15404333d827f5c4698a.jpg,640,640,3,JPEG,33391,39ce891c2af388957ef0bd11410b4650874798131f7c485ce02514e16dcbce64,bed7f075d49c8041
265,train,Normal,265.jpg,train/Normal/265.jpg,224,224,3,JPEG,16526,fd2fa1b177a708874a3a92acb3f7845b65f5a39eb85e42097a1c6ada881f964d,a495ded3883e73c0
268,train,Normal,268.jpg,train/Normal/268.jpg,224,224,3,JPEG,13607,6a49c05f29399a54076c0004b24c2a3b57550e717c5d5497c586b8738bef2636,e2a473cd340956ed
26_bright_jpg.rf.5791e6b93ddfc274775fdbd49088ab51,train,Normal,26_bright_jpg.rf.5791e6b93ddfc274775fdbd49088ab51.jpg,train/Normal/26_bright_jpg.rf.5791e6b93ddfc274775fdbd49088ab51.jpg,640,640,3,JPEG,35693,0f7d51000dd1c3ecc29eb5bb762d13da9233aa2294882f859791b110e19935cd,c03f543f1b8c0f2b
26_bright_jpg.rf.9de80c655a7c732efa54a1197bd85283,train,Normal,26_bright_jpg.rf.9de80c655a7c732efa54a1197bd85283.jpg,train/Normal/26_bright_jpg.rf.9de80c655a7c732efa54a1197bd85283.jpg,640,640,3,JPEG,36064,c3fcb494b5349a851c0c294b27165f2be60911a3c2c1cf48b64ce20e57959592,9457012f5da955ae
26_bright_jpg.rf.f46cb6928a38644bb4fd5938bcd76a93,train,Normal,26_bright_jpg.rf.f46cb6928a38644bb4fd5938bcd76a93.jpg,train/Normal/26_bright_jpg.rf.f46cb6928a38644bb4fd5938bcd76a93.jpg,640,640,3,JPEG,36323,2717a025e2e890ea0f3caee7400a67b4bb575ff4b93d7d708f82da7dce9c91bc,e311d67f2a9c2233
27,train,Normal,27.jpg,train/Normal/27.jpg,224,224,3,JPEG,29633,c29afa97e09f21dbecd00ed5b1286e49ecb201f86dc6fbd725d2a9f66154792e,90b25aea2ecf6343
270,train,Normal,270.jpg,train/Normal/270.jpg,224,224,3,JPEG,14497,3cb2ac2ffca3c403504239824278f9205764ed88e1a1d50008c53f4a3f71b5c6,ca8536e30576a976
272,train,Normal,272.jpg,train/Normal/272.jpg,224,224,3,JPEG,19145,c18fb610eba6f8aaa824ec7bd495f7dfb8bb38e2cd1c93595bade72530360b13,c6dc48ba34e914f5
273,train,Normal,273.jpg,train/Normal/273.jpg,224,224,3,JPEG,16818,a5bf0018dc65e5ad57d7409490ed11e789043c9a1ed744d78ad1e48c1a58e982,d2d62dad292172e6
274,train,Normal,274.jpg,train/Normal/274.jpg,224,224,3,JPEG,33002,f70f06a31599d2ce949200b4a81b1a93ae651d6feeb4584d0462dde629202887,af9828699226fb6a
275,train,Normal,275.jpg,train/Normal/275.jpg,224,224,3,JPEG,27582,872bf1c1f0abb0698892bb7c1e9cb6e4ea400a2c41997df45451a1cf9e6eff76,d06658276f331f52
277,train,Normal,277.jpg,train/Normal/277.jpg,224,224,3,JPEG,23716,fd3f74123e062c9fee22063b144340e2fd5e905888ca38193d1468554e5d8a7d,8ac762fb59584c95
279,train,Normal,279.jpg,train/Normal/279.jpg,224,224,3,JPEG,24102,75191879ffb74bf193f6feba318fad2903291738c76a13c0c75460de2dfff135,fdb439e0238715a3
292,train,Normal,292.jpg,train/Normal/292.jpg,224,224,3,JPEG,34895,d3eabd77ff495eb7571f45f581a072ea8b2dbb3d1e0b194d21c4ad8c8634fb59,821e7d38457d4f2c
296,train,Normal,296.jpg,train/Normal/296.jpg,224,224,3,JPEG,30996,92ce576cf4fd864599358e0e3b34f9d937c6b32b9a26bda895651cb04298579e,9bad788a49962dd2
29_bright_jpg.rf.018e0b15093e5d32807d36e0ba3acf8f,train,Normal,29_bright_jpg.rf.018e0b15093e5d32807d36e0ba3acf8f.jpg,train/Normal/29_bright_jpg.rf.018e0b15093e5d32807d36e0ba3acf8f.jpg,640,640,3,JPEG,21008,ff2a216a1819d19d23ab24a1f30c8cef2e9d7cf3dc68ad8bf163fedf152f8cb4,d26867613e5ab0b5
29_bright_jpg.rf.0894c5db3efe93c4a3c2839198465d13,train,Normal,29_bright_jpg.rf.0894c5db3efe93c4a3c2839198465d13.jpg,train/Normal/29_bright_jpg.rf.0894c5db3efe93c4a3c2839198465d13.jpg,640,640,3,JPEG,23619,ea376dc0b3d58c2d8465050640e367fe780b8fc7f2fdba8d3a76e17cdb8bf8d9,853d1437492f55ad
29_bright_jpg.rf.97fa4f2d285df8f7702e5350ca388ee5,train,Normal,29_bright_jpg.rf.97fa4f2d285df8f7702e5350ca388ee5.jpg,train/Normal/29_bright_jpg.rf.97fa4f2d285df8f7702e5350ca388ee5.jpg,640,640,3,JPEG,22677,d19fb0f62f69993fc7c6d6c91679c2ae272c5416b411f47a9e54850465e837c6,d47d45371d0e50ad
306,train,Normal,306.jpg,train/Normal/306.jpg,224,224,3,JPEG,21579,2ee46503c8b2852a821ad60a2573669355d9ecb57516f4428447e20ccb7e46c3,f3d63906a5e9d320
309,train,Normal,309.jpg,train/Normal/309.jpg,224,224,3,JPEG,27555,ebca6cef901437a147d883224ad178bf1d96d6e4ac2da9ff763bf52a9b7b0c99,d4ff846a24f231d8
311,train,Normal,311.jpg,train/Normal/311.jpg,224,224,3,JPEG,24492,50bab0b78ded649f367021945d0bda76a3cce2a4d295cc277810410416e8cc7b,d1bb4ca64b3914ad
31241325,train,Normal,31241325.jpg,train/Normal/31241325.jpg,224,224,3,JPEG,31353,18a654a91e8f2dac5c5a373e47f68935335466a4c537c9e3a24b019b8ac3aac5,f5153d1939377442
3124s,train,Normal,3124s.jpg,train/Normal/3124s.jpg,224,224,3,JPEG,28897,faaefd110b73794132c5e53e108d6be5e70a84ebed63d738f4c8a07df04f17be,81807ede3f4d4cc3
312asd,train,Normal,312asd.jpg,train/Normal/312asd.jpg,224,224,3,JPEG,31138,e65d6f4aee29ae480ae25ba13bf1053c9c49bca47a4eb3fef1c7a6712bafa9a3,d31d27a72e69ea08
314 - Copy,train,Normal,314 - Copy.jpg,train/Normal/314 - Copy.jpg,224,224,3,JPEG,20239,49d717433e0eeb194d03e7be3041788dba3f2607e0c6c8ae989884d03ae44b89,bcde540aa7971b88
317,train,Normal,317.jpg,train/Normal/317.jpg,224,224,3,JPEG,16534,5d69b2580cc7082f6d561b7c753b7003f1e709908fdaef7cef9ded37cb55f080,9388339369c3ecdc
319,train,Normal,319.jpg,train/Normal/319.jpg,224,224,3,JPEG,19556,2260b3c39f8b4e032f8bc1573ecfb141eb12059d3ffefbc84d6ac76341c83113,8087ec8af0bccece
31_bright_jpg.rf.1fb6a97e66f0c771cf75342fc9005816,train,Normal,31_bright_jpg.rf.1fb6a97e66f0c771cf75342fc9005816.jpg,train/Normal/31_bright_jpg.rf.1fb6a97e66f0c771cf75342fc9005816.jpg,640,640,3,JPEG,38815,e9d0aed542ab9f197ff9ed9c84fc987ac42c738b6844c1464a6b5ad932cd14f5,c07f103f1d2f190f
31_bright_jpg.rf.5c6f8ed164ce537c01e9d706b56b944e,train,Normal,31_bright_jpg.rf.5c6f8ed164ce537c01e9d706b56b944e.jpg,train/Normal/31_bright_jpg.rf.5c6f8ed164ce537c01e9d706b56b944e.jpg,640,640,3,JPEG,38327,409f92a32a3dda3344664c2b8ba4f209cb3345a7a22680f84491adaad680ad00,c07f003f1d2f0f0f
31_bright_jpg.rf.ef5a0663fbd9e15e10ec06b4496b668b,train,Normal,31_bright_jpg.rf.ef5a0663fbd9e15e10ec06b4496b668b.jpg,train/Normal/31_bright_jpg.rf.ef5a0663fbd9e15e10ec06b4496b668b.jpg,640,640,3,JPEG,41461,2f2b7b53d4f060109b504a0bb5a5dd5af4e25aeb81e0fe11a62a6e364609d43f,b818e67bd81e9d81
320,train,Normal,320.jpg,train/Normal/320.jpg,224,224,3,JPEG,27267,66bfe0a0bc8ca834e646b9184249758020d8bd13988df8908bb4aa5d22bd2388,9782d25280fb7fc4
321 - Copy,train,Normal,321 - Copy.jpg,train/Normal/321 - Copy.jpg,224,224,3,JPEG,22196,38ebfa424023c69343de0195791a88af07c4af9dc087f803a33e04c41aee9e05,80da66fe41be43b8
321412,train,Normal,321412.jpg,train/Normal/321412.jpg,224,224,3,JPEG,26200,70a584b5fc2f8603346504cabb7d23f1555eaa20406f35a30f202a8fb70eb48b,f59f6af914558a02
322 - Copy,train,Normal,322 - Copy.jpg,train/Normal/322 - Copy.jpg,224,224,3,JPEG,21304,fe1bc21b1b2a9ea469fe0e232e5696e424b2b463ac4050961e7d67cde8bc7e0d,927f664b3fa0a524
32412,train,Normal,32412.jpg,train/Normal/32412.jpg,224,224,3,JPEG,28721,272fab8e90ef2ebd514ac235763922816acc5c10e6ba3179ec764d74d390551d,d4a023869fbc8be3
324rwesfsv4,train,Normal,324rwesfsv4.jpg,train/Normal/324rwesfsv4.jpg,224,224,3,JPEG,42124,fb9f273004dc68448183b86b0a4b9f31949189e503a233253e3cb5504ee13c12,d011696d77547a2e
325,train,Normal,325.jpg,train/Normal/325.jpg,224,224,3,JPEG,25842,d4e7cede72bb3780f88018545a7d3be091e93efbdbc3a6b4c25fdff06629ca98,90961f3ff096127a
325423456354fgd,train,Normal,325423456354fgd.jpg,train/Normal/325423456354fgd.jpg,224,224,3,JPEG,27904,114c51adcf1c4214226fdff0c2a0c30132bffe7e3b736eee8a71601e25d77775,c05b7a7b70707931
330,train,Normal,330.jpg,train/Normal/330.jpg,224,224,3,JPEG,35729,33336459a0e37490cbddecd38ac3e20245dff7d505bf6014a9683efdce2091d4,c035da8aeba9931d
333,train,Normal,333.jpg,train/Normal/333.jpg,224,224,3,JPEG,18101,72429c901670b32b75eb02779512e4de6a9a1af7818ebc3e3d1e83ba04ace445,ca732c9095dd46a7
337,train,Normal,337.jpg,train/Normal/337.jpg,224,224,3,JPEG,27740,0abac5d1c63b56a4a5f14848fb0528e6e85ef04a39a0d879f5774a7de49a732b,81a3f4d2e597590d
343,train,Normal,343.jpg,train/Normal/343.jpg,224,224,3,JPEG,17608,edaf533ba5b07dc63376c07248627c73047cd2b52cc326fd0c67a60b78fec4f9,b5d00e65cff063d0
3432153125,train,Normal,3432153125.jpg,train/Normal/3432153125.jpg,224,224,3,JPEG,27411,21eba3671022dfe8e44efbb2f35581e28e310b77cd62971463387952bd16f453,d1a3c6814ec5f2bc
344,train,Normal,344.jpg,train/Normal/344.jpg,224,224,3,JPEG,35054,3c87c8fe33f0e4f37cc3ca9257480ce58621f829ed3a98034645a8b8f4249991,d5a572246b39332e
34cvfsdv,train,Normal,34cvfsdv.jpg,train/Normal/34cvfsdv.jpg,224,224,3,JPEG,36681,e01baea74eb2bf56cf9daf3356179e03ee0e03bafab38023c3ed375773f84e0e,d515334c73363d29
351,train,Normal,351.jpg,train/Normal/351.jpg,224,224,3,JPEG,21331,5a9f11c94ae36f27aa3ede5e7a871b489f2e81fe9765c16347d556db4912d5af,f9c460fc909c4ecb
352,train,Normal,352.jpg,train/Normal/352.jpg,224,224,3,JPEG,23659,99f2fe8da2618530ad2afd0e77d184e8fabe487a241455bb6d152b06fe9b53ec,d5b74ec208073fe4
354,train,Normal,354.jpg,train/Normal/354.jpg,224,224,3,JPEG,18328,4dd1ad5d46eca84915fc0edf8186151846e018dd2cc835bdb2186f7de14e2461,d57f1dd80b84158d
357,train,Normal,357.jpg,train/Normal/357.jpg,224,224,3,JPEG,24077,e5c33fa31a7ae499643f4558790ab4eb9e300991f19dac9e1e39942e391e20dc,8c7c1e4aabb54633
35_bright_jpg.rf.1e4b2c23a490255618284017a1cb09c1,train,Normal,35_bright_jpg.rf.1e4b2c23a490255618284017a1cb09c1.jpg,train/Normal/35_bright_jpg.rf.1e4b2c23a490255618284017a1cb09c1.jpg,640,640,3,JPEG,20357,7b2e8d360576923b9d2a2f9ae08901c46e652d638404d1af9ae532d48ca19eb0,a2a34ae9538d6cb3
35_bright_jpg.rf.348542f393651925772e6941e9cfaf74,train,Normal,35_bright_jpg.rf.348542f393651925772e6941e9cfaf74.jpg,train/Normal/35_bright_jpg.rf.348542f393651925772e6941e9cfaf74.jpg,640,640,3,JPEG,22130,0ce174c82a0022f93f52d00149f4a65eee57c291fcd62ba8908eeb0688eec6f6,85ea554a5bdd4d50
35_bright_jpg.rf.442c04644ff77f982cb04d9973c10fef,train,Normal,35_bright_jpg.rf.442c04644ff77f982cb04d9973c10fef.jpg,train/Normal/35_bright_jpg.rf.442c04644ff77f982cb04d9973c10fef.jpg,640,640,3,JPEG,22185,22d88b7cfb56a98068fb30f62990e704822a86b075ca359cd3749c60f38b8bb9,d4ff15bc069c19a4
360_F_209385308_bwLtx5gSQz3TvxpxD9dTAPmh6tDb2szT_jpg.rf.4e885be84bac2a0b0bf17c264b9f6d06,train,Normal,360_F_209385308_bwLtx5gSQz3TvxpxD9dTAPmh6tDb2szT_jpg.rf.4e885be84bac2a0b0bf17c264b9f6d06.jpg,train/Normal/360_F_209385308_bwLtx5gSQz3TvxpxD9dTAPmh6tDb2szT_jpg.rf.4e885be84bac2a0b0bf17c264b9f6d06.jpg,640,359,3,JPEG,35372,880ec977400b999dbdd908fec0414d1fe0d4da641517337648abb215f6fba815,f0a2fd8f10bc11e3
360_F_209385308_bwLtx5gSQz3TvxpxD9dTAPmh6tDb2szT_jpg.rf.5da1bb0e40969fe9b9382c4d295cda8f,train,Normal,360_F_209385308_bwLtx5gSQz3TvxpxD9dTAPmh6tDb2szT_jpg.rf.5da1bb0e40969fe9b9382c4d295cda8f.jpg,train/Normal/360_F_209385308_bwLtx5gSQz3TvxpxD9dTAPmh6tDb2szT_jpg.rf.5da1bb0e40969fe9b9382c4d295cda8f.jpg,640,359,3,JPEG,37498,a41b852eab46cd17d9ca8e46e66f25c7d2217fae49bd5307cee4126b532f79ff,a5f7a8dac5c944a2
360_F_209385308_bwLtx5gSQz3TvxpxD9dTAPmh6tDb2szT_jpg.rf.70fed058efd8e899fe9615ebcfa76175,train,Normal,360_F_209385308_bwLtx5gSQz3TvxpxD9dTAPmh6tDb2szT_jpg.rf.70fed058efd8e899fe9615ebcfa76175.jpg,train/Normal/360_F_209385308_bwLtx5gSQz3TvxpxD9dTAPmh6tDb2szT_jpg.rf.70fed058efd8e899fe9615ebcfa76175.jpg,640,359,3,JPEG,33637,f28fc838fd5feded32932a0e8f728db416e96945c738cf87c3620145be04cebb,d09f150f181e1f1f
360_F_256801673_WXNw73UqDFlx16qVDkNWXu3NXXixaYcx_jpg.rf.450535aa90c7da8519db13967590b933,train,Normal,360_F_256801673_WXNw73UqDFlx16qVDkNWXu3NXXixaYcx_jpg.rf.450535aa90c7da8519db13967590b933.jpg,train/Normal/360_F_256801673_WXNw73UqDFlx16qVDkNWXu3NXXixaYcx_jpg.rf.450535aa90c7da8519db13967590b933.jpg,640,407,3,JPEG,43370,1cfec7211079ee4aac8f463f5c5e34a796d09477177eb34bc0f146a29d767d76,ec28d3154c3e463f
360_F_256801673_WXNw73UqDFlx16qVDkNWXu3NXXixaYcx_jpg.rf.6abac5c7dbb288d0cee741107a7f6f15,train,Normal,360_F_256801673_WXNw73UqDFlx16qVDkNWXu3NXXixaYcx_jpg.rf.6abac5c7dbb288d0cee741107a7f6f15.jpg,train/Normal/360_F_256801673_WXNw73UqDFlx16qVDkNWXu3NXXixaYcx_jpg.rf.6abac5c7dbb288d0cee741107a7f6f15.jpg,640,407,3,JPEG,39442,e0977aa385e82fb32deaaa51818cc42b8cf21cb09cf13aa6d99961a27819d120,c5685155447e547f
360_F_256801673_WXNw73UqDFlx16qVDkNWXu3NXXixaYcx_jpg.rf.6cbacbabda88fe9b10338de7f0273134,train,Normal,360_F_256801673_WXNw73UqDFlx16qVDkNWXu3NXXixaYcx_jpg.rf.6cbacbabda88fe9b10338de7f0273134.jpg,train/Normal/360_F_256801673_WXNw73UqDFlx16qVDkNWXu3NXXixaYcx_jpg.rf.6cbacbabda88fe9b10338de7f0273134.jpg,640,407,3,JPEG,38506,df751a57e0cb6f6c2b591de499cda995a43909c69c1a6b60e414864720bf7de1,913d05255da659bd
363,train,Normal,363.jpg,train/Normal/363.jpg,224,224,3,JPEG,22469,a5f3060cc67e5beef7be5ad2817aa5d55e995fe286d78c78b3f73f770b50d297,a43d86bd4f0a0d7a
367,train,Normal,367.jpg,train/Normal/367.jpg,224,224,3,JPEG,19716,3b81265050278d44317f89e4263a6b5099a63e9359857666e7b3d791472885ee,c58b2ed3425574b3
36_bright_jpg.rf.a30bcc6de7391d1fb4d9cc8fed361bf6,train,Normal,36_bright_jpg.rf.a30bcc6de7391d1fb4d9cc8fed361bf6.jpg,train/Normal/36_bright_jpg.rf.a30bcc6de7391d1fb4d9cc8fed361bf6.jpg,640,640,3,JPEG,24709,5ada6ee11e5e7c8814c2aee5c896fc61314723b39187bb6f2d750f7d86b0ab27,d19d148d57065d8f
36_bright_jpg.rf.c9031e3f7f9e3daf51399aa8c39e66cc,train,Normal,36_bright_jpg.rf.c9031e3f7f9e3daf51399aa8c39e66cc.jpg,train/Normal/36_bright_jpg.rf.c9031e3f7f9e3daf51399aa8c39e66cc.jpg,640,640,3,JPEG,22530,cf141bd6f1c0d67240df4bc3236f4fc6cae2471da2cb86ee4d282863d34fd418,a6cd4ad8027358fb
36_bright_jpg.rf.dabfe7a402c8527364f1cd2d6e1ad8b8,train,Normal,36_bright_jpg.rf.dabfe7a402c8527364f1cd2d6e1ad8b8.jpg,train/Normal/36_bright_jpg.rf.dabfe7a402c8527364f1cd2d6e1ad8b8.jpg,640,640,3,JPEG,24734,4ddb340be1acc17c95cd4aab86b876bb268859192bad6dc06aa6296e4c318d77,94d7549d1f22590f
371,train,Normal,371.jpg,train/Normal/371.jpg,224,224,3,JPEG,17552,0b62e707712cba19a4af8152e274c9f82d8883f9086549ba80f1b987056fdce0,aad1b0f1bdd06a46
373,train,Normal,373.jpg,train/Normal/373.jpg,224,224,3,JPEG,32023,87ebe1a6f08013361e3c7e032679e47358cc4318bbe50837c2e3024798d7abd7,943d0bc55f893c2e
383,train,Normal,383.jpg,train/Normal/383.jpg,224,224,3,JPEG,23140,05197375a3280554ee2177f34febc0b0862eeaf653a9907ca6162a907c9c0234,8a759cd079e0136f
384,train,Normal,384.jpg,train/Normal/384.jpg,224,224,3,JPEG,15245,348b58cc3861ae84a8a56a9f3e2e851a69af970e50ed04c09aa16fafc989d280,e1e0f3a9c8b8b938
385,train,Normal,385.jpg,train/Normal/385.jpg,224,224,3,JPEG,21616,7f2bca4a60be0933dc5c5fee2e27cee2368a863964826ff782a15743bf705985,d1114f5f764378c8
393,train,Normal,393.jpg,train/Normal/393.jpg,224,224,3,JPEG,28956,2b02cf0ce770c594d8e06941e83c0b63ff0cf255cdabf15a0e9b723fbbf321dc,d89336b867af7880
398,train,Normal,398.jpg,train/Normal/398.jpg,224,224,3,JPEG,19277,0dd61b1f379a0d4bffc73195b6b5e5a4601e2fa9c5bb7702dba73bba0bb91cc6,d5926cf8758255c6
406,train,Normal,406.jpg,train/Normal/406.jpg,224,224,3,JPEG,24278,4bdebeb8f8cd84508ed74b01d7ae738eb9debf50614041cefdfe73a3cea39407,c13c78f150d9c4fc
407,train,Normal,407.jpg,train/Normal/407.jpg,224,224,3,JPEG,20923,16725289462efd96e6cfb1448bdc31390c589b29f8091571397d6a410aa3af7a,d7813099a68653fd
408,train,Normal,408.jpg,train/Normal/408.jpg,224,224,3,JPEG,20598,989754075e71d5304212113233d8f1d4ddd67596a8e7513d9bef3d50d52a2714,dd23b44aab61e239
410,train,Normal,410.jpg,train/Normal/410.jpg,224,224,3,JPEG,34030,5a9d3075aaa2acb34d76c8c90f44dee0c0a47e19080809c226ada2fb1104f3b1,8cce529a343d267d
412,train,Normal,412.jpg,train/Normal/412.jpg,224,224,3,JPEG,23421,6e710d31dbe6fe7bbcb6e5ed0a94ed4e2ea1eaaac78c114bb3279f0f46b51fdb,b8b286f740bf6a0a
415,train,Normal,415.jpg,train/Normal/415.jpg,224,224,3,JPEG,19598,622d1b4a31069be1c54828d88b997de7bed1705cfe955eda310ec76d703fd91e,a0ef363700db03bd
416,train,Normal,416.jpg,train/Normal/416.jpg,224,224,3,JPEG,21611,c2020196afd3a6abd1cbffead950291cfc5e558beb06772a1a99a6a1e7db24bb,cd08c9d2f0f51d6a
419,train,Normal,419.jpg,train/Normal/419.jpg,224,224,3,JPEG,18522,4259cd3e56416fb1c0f9379c58a3dd61bcaf82f5a82f1c8bdfa1ebdd8353ac8d,f861572e714f3942
420,train,Normal,420.jpg,train/Normal/420.jpg,224,224,3,JPEG,35031,607db60dc0798c6d5a4bbd54b038a1c27e59b52f2b3b914e0145262748758396,81277777246c5b07
428,train,Normal,428.jpg,train/Normal/428.jpg,224,224,3,JPEG,14932,af8d3ea5237f46249d0d79980f5e4137985ab856e9336d6d2c56fe7b262178b4,d49e7ac81aa7e2b0
43,train,Normal,43.jpg,train/Normal/43.jpg,224,224,3,JPEG,25285,e698c0a85ca1660f546d04e801904d548fdb3eef3d37c201fbb6041c412cc757,c4075bfe34a45497
430,train,Normal,430.jpg,train/Normal/430.jpg,224,224,3,JPEG,23276,1fd9fce0d0eca21a17b8df689abecfe45a258ea098a0d4c54263abad85fd66a7,80a1eca7c0cf8bee
431,train,Normal,431.jpg,train/Normal/431.jpg,224,224,3,JPEG,25462,2608ce66911441e0a0b67c664849c2329e7d8b3c117634ded5c1c1f8b8f8a6d3,85d5456512fb3387
432,train,Normal,432.jpg,train/Normal/432.jpg,224,224,3,JPEG,18364,ecff13f447cc8e58f202b09eaf59248d014e68b666cb49837794e3392af8ab10,8219572e3f7c3463
4321,train,Normal,4321.jpg,train/Normal/4321.jpg,224,224,3,JPEG,22343,580383d3ef20691f41076ab2b2f23de38edffbf63b629ad05a2abace646b6ed1,d4ccc9b7ed520ca2
43256245,train,Normal,43256245.jpg,train/Normal/43256245.jpg,224,224,3,JPEG,31159,dbfbeb1c1e597ea3bc5a74445cd7f3c6fff0807fb2ebc312fcce289e6353da9c,80855f78b58bc6f2
432sdcxvxcv,train,Normal,432sdcxvxcv.jpg,train/Normal/432sdcxvxcv.jpg,224,224,3,JPEG,27057,6cb2d0f2ba36d661a4de675b4704c5eceba4e728233b66cca1a64303c2c6ae09,811d72465b6b0f1f
433,train,Normal,433.jpg,train/Normal/433.jpg,224,224,3,JPEG,28947,3fbddb90bfaebb1f5a570ee313e312500c719c435965b87e8ff8c298e82bfa37,d1ffa5cd21f11118
434,train,Normal,434.jpg,train/Normal/434.jpg,224,224,3,JPEG,21174,a5cdc8bef9b2c996b30d14a6765a0332424ef78d38ec5d13d6ec5672f17a9e4e,81ab11d8ccbf58f4
435,train,Normal,435.jpg,train/Normal/435.jpg,224,224,3,JPEG,34524,cc427c2f1ecfce06aa95bbf367fc7806d361366318ce4abe6ed5127b5a5db424,c4cf803d0dd916e7
436,train,Normal,436.jpg,train/Normal/436.jpg,224,224,3,JPEG,26351,e4b82ab45e59a9425a4bfec8e0c128c202ae2a55aaf147239cb7341b80236fc0,e04b9adba9b61a43
439,train,Normal,439.jpg,train/Normal/439.jpg,224,224,3,JPEG,16242,35458e9a31d04beba0cee40b5950145c18f1c21851b63271cd84661e53ddbb3a,cae09eaba497c945
44,train,Normal,44.jpg,train/Normal/44.jpg,224,224,3,JPEG,27019,7ea271f84d71bba50c18afa77eb2701a49e29086783b33aaf5a51806ea622c10,9531706f56656e46
445,train,Normal,445.jpg,train/Normal/445.jpg,224,224,3,JPEG,24192,1be7f029fbc712890c6fd73371c011fa89ac7a308664742fa1b072624d6b606e,d7c07c71e1c7131a
446,train,Normal,446.jpg,train/Normal/446.jpg,224,224,3,JPEG,18869,eb3f7b5b95f4e31babadad2113956ea2bd28e0c2cfbc23f50cdd29dae5ee9937,95b25139dc842f3b
447,train,Normal,447.jpg,train/Normal/447.jpg,224,224,3,JPEG,21448,90afcd5f4189b5e00a8c88f885e737a96c0b446da63c942ed24f3c8a763c0271,d56871be2c0a4abe
448,train,Normal,448.jpg,train/Normal/448.jpg,224,224,3,JPEG,33537,d3f39eec5db9871fe046639c7106d23f0f681ae8e15b5c952df04bbbb839f52b,82c666aa52f22bed
452,train,Normal,452.jpg,train/Normal/452.jpg,224,224,3,JPEG,22852,1725372639add3346a2cff634c4e2527a5c51b2167294fab490a91a46c07093f,80dec3289a766b5e
454,train,Normal,454.jpg,train/Normal/454.jpg,224,224,3,JPEG,22598,48260abc4c80338b1ec27c133d0edcb5532b5f5cfdee6fdacbd03ab6f7688160,c51319f62daaf431
456,train,Normal,456.jpg,train/Normal/456.jpg,224,224,3,JPEG,19335,3e0b970c1b5ca2db493dfebb7e237a937b0d2765b4623709c850fb59bd8e637b,eee22ec7e1c33150
457,train,Normal,457.jpg,train/Normal/457.jpg,224,224,3,JPEG,19476,d3b2d89565dc52be5868d7304976dfc7b245e747a5297024984ceeeb02abd5cd,d57871972c085f74
460,train,Normal,460.jpg,train/Normal/460.jpg,224,224,3,JPEG,21432,8527c6abf466a3971650cf179b623e49cd28331c06041e9d16b7186938621376,84f56cc03f407dc7
461,train,Normal,461.jpg,train/Normal/461.jpg,224,224,3,JPEG,27882,b22eb35a072862b2acd31117a74e46b971fab48eba9bc649e56edc0a236cb9e6,a176680c737b7d06
462,train,Normal,462.jpg,train/Normal/462.jpg,224,224,3,JPEG,24037,f78692196774b9da2e84c7a404e2e2fca6513eb0da8b108e4ed750f8de4381ba,c4d05ab908fb1ccf
467,train,Normal,467.jpg,train/Normal/467.jpg,224,224,3,JPEG,20264,49d9d6228463075dfd6ad6c9f50ea138c37cef4564c6f24449ac57df93a84b19,f696858930e65ce3
468,train,Normal,468.jpg,train/Normal/468.jpg,224,224,3,JPEG,18102,0426b514ebf5953d5237ec3db1217f97ddcd92ff50e7a7c130ad3fb44fd2dc7e,94f8df88e2c8c197
470 (2),train,Normal,470 (2).jpg,train/Normal/470 (2).jpg,224,224,3,JPEG,17164,36f8f3c33880d080b2bab570540c551c73199aa1c6b18584e48b19ad5a06246c,b0e91998e4b16cde
478,train,Normal,478.jpg,train/Normal/478.jpg,224,224,3,JPEG,19041,bb2bba15c3c7ec1fb1badf1df3a2b582832a7c795ac03fa1fdd93defe508f73e,8cf137a27e807f03
482,train,Normal,482.jpg,train/Normal/482.jpg,224,224,3,JPEG,16810,f0e782874fe25c4902834c6e6bd38dcf384f9cb793057ea1763be1fee7018944,d5960ed017630efc
483,train,Normal,483.jpg,train/Normal/483.jpg,224,224,3,JPEG,18806,abfe27fa75080f3e968a1f3f7cf1bb89e66a2d23dd98dd455188c0adbf5061d1,944fc33070be9f98
485,train,Normal,485.jpg,train/Normal/485.jpg,224,224,3,JPEG,18259,e2076bd8fadc92cb31b5f56497fd9c34a507a45a336cfdc033021a5a4e9a8b5f,958f408ce3a3c7d9
486,train,Normal,486.jpg,train/Normal/486.jpg,224,224,3,JPEG,29702,2c73cb78db522c4f1636bd0d99cae0acab273ab458100e5c318f42dbdfa7f3cc,e5d16fd5c88458b4
487,train,Normal,487.jpg,train/Normal/487.jpg,224,224,3,JPEG,20047,282d4b4e78f1ca798c15aff3e0ab1d001474fd41e89988d74525000b92af54e5,88eda5d57b9e0486
489,train,Normal,489.jpg,train/Normal/489.jpg,224,224,3,JPEG,16140,a651f6be9a0a2a916f746c782cf3817eb7a7244e02a42dfd3045c4513094293c,9568786e5cc666b4
493,train,Normal,493.jpg,train/Normal/493.jpg,224,224,3,JPEG,18266,82b337156a5d3de70ba918f5b9e0e3125e243760958c17f303e635eefe382484,9f7853be4c1e7801
497,train,Normal,497.jpg,train/Normal/497.jpg,224,224,3,JPEG,19322,78a258f56fcd2bf359990a4f0aaf5d737b16681247242a4c3b64b65ea2879763,8edf0cd329c762c4
498,train,Normal,498.jpg,train/Normal/498.jpg,224,224,3,JPEG,27159,7e66a9bae90db45bae5f766242065ab0907fb41798ba33e1d6c0cfdc19432f66,c17e276934b2ba38
499,train,Normal,499.jpg,train/Normal/499.jpg,224,224,3,JPEG,22988,af34623fb4fbf9c35dbd803e2b917009afa621b17e1dba2661b79294a66b2ce3,cb34691fe847649a
500,train,Normal,500.jpg,train/Normal/500.jpg,224,224,3,JPEG,27494,07fae070c787d9c5662d58959531ff782d36721168eb170759f26e22c0f82ecc,d5133aeace2db031
501,train,Normal,501.jpg,train/Normal/501.jpg,224,224,3,JPEG,13960,9c3574cf2cb379a3912045d3f8b251ca0ab205397217676f962404986b1c2fa7,c7497764f0076077
502,train,Normal,502.jpg,train/Normal/502.jpg,224,224,3,JPEG,15878,5eb2b4e171a10f228f078e6149bf3dd9092d878fdf2bb5a5141f6be23f68f199,c051848933f7ed7a
503,train,Normal,503.jpg,train/Normal/503.jpg,224,224,3,JPEG,16925,5363cbc0dca4da7582d78a131dc6535832de3866d330f34fd3849c9b7cbe926c,d5ad39cb1de31a02
506,train,Normal,506.jpg,train/Normal/506.jpg,224,224,3,JPEG,24532,4e643f6c11e2754b7b07801414a31c6ec59b55df8442be36e68e7c6062525822,dd4a5533309c1c7d
508,train,Normal,508.jpg,train/Normal/508.jpg,224,224,3,JPEG,21437,e3a401d24f2c71e94e5da12f7e1d670314a2a8581ef1e5e6c268bfb3550d1018,868653d0503a7df7
511,train,Normal,511.jpg,train/Normal/511.jpg,224,224,3,JPEG,27259,3dbcd2407aae3b76d0add3e52189522ac1cd809c60b719bb371c196d28b04fb0,a32c7ee062b16787
513,train,Normal,513.jpg,train/Normal/513.jpg,224,224,3,JPEG,18570,49385d13f519837f3b42ef0c195bce4700f6fa136b08b13a1f4cd5641c10a114,bb9fc3704ee106a1
516,train,Normal,516.jpg,train/Normal/516.jpg,224,224,3,JPEG,17395,c9a0a79065b4253511c84431cd294870c3c684e4fb000ff4e595276ca0983ff8,d56f85fa2f0ac320
519,train,Normal,519.jpg,train/Normal/519.jpg,224,224,3,JPEG,22922,dbb92b1437fece7b196c9bcdda5fc445da1574a29b999e850a0da485ce49a733,8223b71532eab1db
522,train,Normal,522.jpg,train/Normal/522.jpg,224,224,3,JPEG,15400,5f08de29d1581549db1fcd2b70ccf6e30f05426fa33ec0ff5f7f04709260103b,b9f1d3998b83e058
525,train,Normal,525.jpg,train/Normal/525.jpg,224,224,3,JPEG,24263,ad8d7cdc9d8b523cc48f0b44b7be511595b03c72a0f8c8f0bd27985410cd4fd0,cd9b06de35ae5428
527,train,Normal,527.jpg,train/Normal/527.jpg,224,224,3,JPEG,16311,cd0d43974ca51dceb3210bea8ec540ce48347a73e78e2027aba2bb4fd5b51b98,89d55ec4e2865ab5
531,train,Normal,531.jpg,train/Normal/531.jpg,224,224,3,JPEG,28707,57ea1e0a086d1c1539782f3734050c40214e781aa355d6d14f309373aaa42125,8231363f74766762
532,train,Normal,532.jpg,train/Normal/532.jpg,224,224,3,JPEG,18225,4b206550b8817b9cb5a41f8173dabfcb006744211f115a13b3aea60dc508ebaa,afc07f807780ff80
533,train,Normal,533.jpg,train/Normal/533.jpg,224,224,3,JPEG,21192,ea60561af3179960e658560a3dd1e9bef513d7eec4992d2aca25c65eb0180639,c71d44ec7b548572
534,train,Normal,534.jpg,train/Normal/534.jpg,224,224,3,JPEG,16841,ecb7d677e7feb7aa0eeabaf034cce169ec3cd5485eaaab40280713780c2251be,878537ce3a45e598
535,train,Normal,535.jpg,train/Normal/535.jpg,224,224,3,JPEG,19583,38c9fcd9df6e6150bbafdcf1072dabf80095414b2c442f788666fecd919bef77,ec4c57311a275e59
54,train,Normal,54.jpg,train/Normal/54.jpg,224,224,3,JPEG,24368,949c948fd3cff02329a83339839a6b7d6f988ba022821d83c483d07f70ba95b9,898a1ebe5aad429d
55646,train,Normal,55646.jpg,train/Normal/55646.jpg,224,224,3,JPEG,28887,0c2ced0969458075da48bc9fc175151f6d4374b6d84ea87de734f72f806cd4bd,e68a542d4e6a79ca
56,train,Normal,56.jpg,train/Normal/56.jpg,224,224,3,JPEG,25244,57e5b3398d93fbfff39b7457dd4f67db0e5fcab9bdf771ab46ea9349fd8584a7,dc8c4d1d0c9876af
59,train,Normal,59.jpg,train/Normal/59.jpg,224,224,3,JPEG,19435,ff158d5ebf4b638c440c10a74852ec0ca8006c8ab7e008c8efe5eb638b535bae,ed42d2993625e5c9
61,train,Normal,61.jpg,train/Normal/61.jpg,224,224,3,JPEG,30541,9a0d006404d1a646aaf200588ce3dc80a496bf7e3717dd19d680bd513ea0da88,f14e4df503e018de
63,train,Normal,63.jpg,train/Normal/63.jpg,224,224,3,JPEG,21730,b6e8bfe8096069424bb89844091e83b1364b3acdc7d8b0ee46d703e66a5cf3c7,c1811d8be94f3f8c
65,train,Normal,65.jpg,train/Normal/65.jpg,224,224,3,JPEG,20203,5a98e2d016b74d123d3b01783d0374d3e84b3ab8c25a17a7c62f70403c8caeab,80fc13da2ff03fa0
69_jpg.rf.61c8ea19eeb43c4e23062b525b1a3d6d,train,Normal,69_jpg.rf.61c8ea19eeb43c4e23062b525b1a3d6d.jpg,train/Normal/69_jpg.rf.61c8ea19eeb43c4e23062b525b1a3d6d.jpg,640,640,3,JPEG,32200,de34cbe070e0d757ad715acdad0f2f3cefbc46c9df5c279a11b19eb0750fc02d,88f30fc13ca51ff0
69_jpg.rf.775256b9e7d92799118b550ce61268b4,train,Normal,69_jpg.rf.775256b9e7d92799118b550ce61268b4.jpg,train/Normal/69_jpg.rf.775256b9e7d92799118b550ce61268b4.jpg,640,640,3,JPEG,32207,eac4c4da39daf3bf2d38ba18e9e794ff9f3a0a9357b28f601193605029280d49,88f30fc13ca51ff0
69_jpg.rf.8778d27912209a784e087b0dbf5a49fd,train,Normal,69_jpg.rf.8778d27912209a784e087b0dbf5a49fd.jpg,train/Normal/69_jpg.rf.8778d27912209a784e087b0dbf5a49fd.jpg,640,640,3,JPEG,32205,e2c50543b2bbad38fa29b9802d87f8795dadd47ea6fb1ff41a7b020aba05f759,d0bf409f1da8172d
6_bright_jpg.rf.7a03db717b67da7a207b88066dbcaee5,train,Normal,6_bright_jpg.rf.7a03db717b67da7a207b88066dbcaee5.jpg,train/Normal/6_bright_jpg.rf.7a03db717b67da7a207b88066dbcaee5.jpg,640,640,3,JPEG,24621,d794024e79523598731f9ca8b6bc4099fa9d03ae8763d6a3e39e660068ec6c5d,97940d762d5e3839
6_bright_jpg.rf.965d39c367e0ccb5229d8b8e86d1a47b,train,Normal,6_bright_jpg.rf.965d39c367e0ccb5229d8b8e86d1a47b.jpg,train/Normal/6_bright_jpg.rf.965d39c367e0ccb5229d8b8e86d1a47b.jpg,640,640,3,JPEG,26141,2595063d0b216e91810dfbe9778b5650358ead7105fd0c1f1f4bff937a1ab031,c0c05433795b5d7e
6_bright_jpg.rf.a39b245794769dc623eecc89c3156361,train,Normal,6_bright_jpg.rf.a39b245794769dc623eecc89c3156361.jpg,train/Normal/6_bright_jpg.rf.a39b245794769dc623eecc89c3156361.jpg,640,640,3,JPEG,26159,2a773b0cb96ac1e99a43430d4b4f2b6ded7d9de27b06a715df2d6a4d8775b19b,c0df103f590f1d2d
72_bright_jpg.rf.7fc8f48d01e1b4eb7c24fc0089279a0b,train,Normal,72_bright_jpg.rf.7fc8f48d01e1b4eb7c24fc0089279a0b.jpg,train/Normal/72_bright_jpg.rf.7fc8f48d01e1b4eb7c24fc0089279a0b.jpg,640,640,3,JPEG,24772,92cae724424ff4fbd65cdb2f16cdbbeffd40030f33ba2cfb090e7fbcbbcf36e2,95d555254baa4d87
72_bright_jpg.rf.9c0dfbd27476a50401fd1651fbc5d498,train,Normal,72_bright_jpg.rf.9c0dfbd27476a50401fd1651fbc5d498.jpg,train/Normal/72_bright_jpg.rf.9c0dfbd27476a50401fd1651fbc5d498.jpg,640,640,3,JPEG,22725,37eac7c4c9743742c13071b46c34a688bcca1921112dd08fb728f94e9d1f7290,a8f0d624eaaa8e9e
72_bright_jpg.rf.aa4b7f1bcda9594e8c82145e64383523,train,Normal,72_bright_jpg.rf.aa4b7f1bcda9594e8c82145e64383523.jpg,train/Normal/72_bright_jpg.rf.aa4b7f1bcda9594e8c82145e64383523.jpg,640,640,3,JPEG,24803,f116025bf0f42895e3ae24fc7ffde4b94a09a5b9989b3271375c5283d7eeb0a8,d180007b1eff5bca
77_bright_jpg.rf.11f39154d5c8cfc70296cd3f1cccc730,train,Normal,77_bright_jpg.rf.11f39154d5c8cfc70296cd3f1cccc730.jpg,train/Normal/77_bright_jpg.rf.11f39154d5c8cfc70296cd3f1cccc730.jpg,640,640,3,JPEG,25707,3fe9e615fcb3482d3ad589bb9642ebcea6a8ff649e30b93cd982f0f3ba397601,d07f001f1f0e1d2f
77_bright_jpg.rf.a9910198d501ffe59c47a721ba99c44c,train,Normal,77_bright_jpg.rf.a9910198d501ffe59c47a721ba99c44c.jpg,train/Normal/77_bright_jpg.rf.a9910198d501ffe59c47a721ba99c44c.jpg,640,640,3,JPEG,26545,44c34dc4e326b17bdafea3235da881829050d2121908051f69d154fb00fffefb,85d555055eaa58af
77_bright_jpg.rf.dd8e4df6a229a7e2c507be4554d779d9,train,Normal,77_bright_jpg.rf.dd8e4df6a229a7e2c507be4554d779d9.jpg,train/Normal/77_bright_jpg.rf.dd8e4df6a229a7e2c507be4554d779d9.jpg,640,640,3,JPEG,24716,08af8b3fcd624e6d91d3ce1ecdf245742201cd53d0a8edf3aabfa1b01b3dfb34,84f3f10d4f03f874
78ht,train,Normal,78ht.jpg,train/Normal/78ht.jpg,224,224,3,JPEG,31482,bbd21ca4edf8b9f557072f06a16de2c2f76e67f480b255c37d16974df42af321,d5ea15f110aa55e5
79,train,Normal,79.jpg,train/Normal/79.jpg,224,224,3,JPEG,20917,ee0a751b400ddd696811134e39a0b731bd5fc58738bce13b862731e27d9e8e06,ac2cfe93032d65c5
79_jpg.rf.1d9a94255c2cf2d1f0e5d6b0bcfc06a2,train,Normal,79_jpg.rf.1d9a94255c2cf2d1f0e5d6b0bcfc06a2.jpg,train/Normal/79_jpg.rf.1d9a94255c2cf2d1f0e5d6b0bcfc06a2.jpg,640,640,3,JPEG,35854,b8b54a2519df98b51f8991ae2467b104e40b6c4f4c1b64e49f3a6298119d17b8,c434327a3bda445f
79_jpg.rf.adfbec15a6f6d06c0620f50898990436,train,Normal,79_jpg.rf.adfbec15a6f6d06c0620f50898990436.jpg,train/Normal/79_jpg.rf.adfbec15a6f6d06c0620f50898990436.jpg,640,640,3,JPEG,35418,da5f56841c5e96bc6b54217d1acd200f1503d8943239d53859ad2a04d0de000a,916a55784cd71b5a
79_jpg.rf.be7772a98cbfe1172a0c157a707c1620,train,Normal,79_jpg.rf.be7772a98cbfe1172a0c157a707c1620.jpg,train/Normal/79_jpg.rf.be7772a98cbfe1172a0c157a707c1620.jpg,640,640,3,JPEG,35874,137bdda2c487a05dfc1db290c04d75cc105b66eed526087883762673e4e5d4c6,c6352a58bbd2641f
81_bright_jpg.rf.3345f15d06cad35ef6be91103fb85c1a,train,Normal,81_bright_jpg.rf.3345f15d06cad35ef6be91103fb85c1a.jpg,train/Normal/81_bright_jpg.rf.3345f15d06cad35ef6be91103fb85c1a.jpg,640,640,3,JPEG,16385,5a8ed6dbe2c2fce39a9c81ad8ad25fc9f09c1aa44b67e293938563eb89cb9a94,a03dcc3fc91b236c
81_bright_jpg.rf.4b717720f23b36b482062c1bc65692b0,train,Normal,81_bright_jpg.rf.4b717720f23b36b482062c1bc65692b0.jpg,train/Normal/81_bright_jpg.rf.4b717720f23b36b482062c1bc65692b0.jpg,640,640,3,JPEG,18628,387214fadf50d011443f07f99e92cdc5ec86505fb3c82196585303df345f44d1,8068457e415f577e
81_bright_jpg.rf.d605f65ab5d5ca825dd21ed7e3d22706,train,Normal,81_bright_jpg.rf.d605f65ab5d5ca825dd21ed7e3d22706.jpg,train/Normal/81_bright_jpg.rf.d605f65ab5d5ca825dd21ed7e3d22706.jpg,640,640,3,JPEG,14211,79e866c3e359008d30aed9c86e7d733d74b95c6117505332a26e032a7bcc87e4,c04001fa55ff45fb
82_jpg.rf.4b5c9d636efc061b070b73f55237318c,train,Normal,82_jpg.rf.4b5c9d636efc061b070b73f55237318c.jpg,train/Normal/82_jpg.rf.4b5c9d636efc061b070b73f55237318c.jpg,640,640,3,JPEG,26258,70088c792bfa4fae109525601587f04f05044174439b5c779a48fefab5e516a4,c48045d8547f55fe
82_jpg.rf.80551b4a35797992e61393e4e8b0d830,train,Normal,82_jpg.rf.80551b4a35797992e61393e4e8b0d830.jpg,train/Normal/82_jpg.rf.80551b4a35797992e61393e4e8b0d830.jpg,640,640,3,JPEG,26112,35eab9f1f850aba2c56ee012fc21999b3c5e58323bdb758ed02715172dc940b0,80c2405a577b55ff
82_jpg.rf.dcc1d9802086289b6f6253af3f02a1f8,train,Normal,82_jpg.rf.dcc1d9802086289b6f6253af3f02a1f8.jpg,train/Normal/82_jpg.rf.dcc1d9802086289b6f6253af3f02a1f8.jpg,640,640,3,JPEG,24518,66dc9c7ea9c2baa62a44a1797ddb9f821f181f574c6f62aa258d063fd009a9ef,ccb35d88443632fe
85,train,Normal,85.jpg,train/Normal/85.jpg,224,224,3,JPEG,18588,56ad51911546196b30ac572b208c709903c32833be8cf60fcc575f7c8a86a2c8,80acff97429309fc
89,train,Normal,89.jpg,train/Normal/89.jpg,224,224,3,JPEG,22233,ea2a74e4e53e2da195a6aded672c3555bf8962051568bd47ee1830d0e41c78aa,d5a557940a4fd02f
8_jpg.rf.2e5a3c81053f7bfa8932d0cad9433f3d,train,Normal,8_jpg.rf.2e5a3c81053f7bfa8932d0cad9433f3d.jpg,train/Normal/8_jpg.rf.2e5a3c81053f7bfa8932d0cad9433f3d.jpg,640,640,3,JPEG,34375,465d0c4e056d7210e7c07667e3bfc671a3780a97c32b612f74edd6e7e33aeff6,81d187eee9796168
8_jpg.rf.9a4f3c9501ec4e44316393e6b261857d,train,Normal,8_jpg.rf.9a4f3c9501ec4e44316393e6b261857d.jpg,train/Normal/8_jpg.rf.9a4f3c9501ec4e44316393e6b261857d.jpg,640,640,3,JPEG,34041,a9cff133d07fa493d293ccfd86e9114076919757ecb14c55678f59dde8d5609e,81ea55ce5d795152
90_bright_jpg.rf.5007ffbb052f30a9a2a4834ea2fbe373,train,Normal,90_bright_jpg.rf.5007ffbb052f30a9a2a4834ea2fbe373.jpg,train/Normal/90_bright_jpg.rf.5007ffbb052f30a9a2a4834ea2fbe373.jpg,640,640,3,JPEG,19996,da10f7a5607690addf2d9edfbc57e9d9f779ad279cff35054a902496ce7f9238,ca361ec4a62db457
90_bright_jpg.rf.de6d1ac0c3d3d664c02e52d378964f3a,train,Normal,90_bright_jpg.rf.de6d1ac0c3d3d664c02e52d378964f3a.jpg,train/Normal/90_bright_jpg.rf.de6d1ac0c3d3d664c02e52d378964f3a.jpg,640,640,3,JPEG,22531,39335a808b6a007fb0245edfc9cea16b97e2291bb7b185e674bd1e8e7c722406,c02215d04bfd1ff3
90_bright_jpg.rf.eb135c8fc45ab69a0bfb51f7ae1c58a1,train,Normal,90_bright_jpg.rf.eb135c8fc45ab69a0bfb51f7ae1c58a1.jpg,train/Normal/90_bright_jpg.rf.eb135c8fc45ab69a0bfb51f7ae1c58a1.jpg,640,640,3,JPEG,22556,8f0091b856593fc0bb787d3e130405583965ddc967bd5fe72ffc99a738ce3cb1,c02215d45f7d157b
91,train,Normal,91.jpg,train/Normal/91.jpg,224,224,3,JPEG,24892,2e7aea59872d280d60e063d9a31f32377c40afe767bb5385f3725ac393b49407,eba57652a552ab11
92_bright_jpg.rf.13698ef96478e677f334f444aa26081a,train,Normal,92_bright_jpg.rf.13698ef96478e677f334f444aa26081a.jpg,train/Normal/92_bright_jpg.rf.13698ef96478e677f334f444aa26081a.jpg,640,640,3,JPEG,17996,c39b727225e5bb2014ebde09a5669379c6253605a6f4b0072a71c706ba5db388,c17f55255aaa4d26
92_bright_jpg.rf.5a731d5c8efcf4943b7fa09953342ace,train,Normal,92_bright_jpg.rf.5a731d5c8efcf4943b7fa09953342ace.jpg,train/Normal/92_bright_jpg.rf.5a731d5c8efcf4943b7fa09953342ace.jpg,640,640,3,JPEG,13695,4e789cb4720c36b051eeefa2a005022bab3745e32a693959e8bcab59b5a072f1,803f01371fbf112f
92_bright_jpg.rf.5fb58e0ae1259e7539f798212123562a,train,Normal,92_bright_jpg.rf.5fb58e0ae1259e7539f798212123562a.jpg,train/Normal/92_bright_jpg.rf.5fb58e0ae1259e7539f798212123562a.jpg,640,640,3,JPEG,14722,4e165aa3906db4d221e6f59efdded718e7298cc49bacdd570cc039b68a4251d0,c147f6252ab8e476
93,train,Normal,93.jpg,train/Normal/93.jpg,224,224,3,JPEG,27844,335943274da9cd2d2429d56e20e119f51c7609d645bba90a161d637ab4f570c4,d9f52ac70a158ad5
94,train,Normal,94.jpg,train/Normal/94.jpg,224,224,3,JPEG,25563,2686a63c9b43d00b37d12269c89cda9981e7909c6f219648ab083821f5647a2e,cdc7939130b472da
98,train,Normal,98.jpg,train/Normal/98.jpg,224,224,3,JPEG,24038,66a478f0de54b3525776c541174007e244014cf2c2b0f1feaa2638d342274b0f,87bc1c807654b4fd
e2345344f,train,Normal,e2345344f.jpg,train/Normal/e2345344f.jpg,224,224,3,JPEG,32796,89d79308ac2dc66d425d34f5098c7bce1765053f4de493652df162cc156b112b,d57f152e05852d2d
HEALTHY_105_01,train,Normal,HEALTHY_105_01.jpg,train/Normal/HEALTHY_105_01.jpg,334,334,3,JPEG,25504,5cdee14fef1e2839395a6f4526c7460ffa1154e671168a2b28b5c6251c0ea01c,d5a413b36b4c7585
HEALTHY_27_01,train,Normal,HEALTHY_27_01.jpg,train/Normal/HEALTHY_27_01.jpg,183,183,3,JPEG,3152,448577c09d8ee88114467569686f46bab1fa11272cd444f2b0c37a3dd0512d9c,9a07978ba57278b4
HEALTHY_32_02,train,Normal,HEALTHY_32_02.jpg,train/Normal/HEALTHY_32_02.jpg,300,300,3,JPEG,14843,9e52e8332944aead1d6599bcd51bb2b6132c69bc43f08a5fb00869dd250bc368,c4ed0ef50ab42f15
HEALTHY_32_03,train,Normal,HEALTHY_32_03.jpg,train/Normal/HEALTHY_32_03.jpg,300,300,3,JPEG,19812,bb3bf2c556abaa9aeaaa10b1be0b89a0248704f71897b941661f343bc869f7e9,94b7386a07b72c5a
HEALTHY_32_03_10,train,Normal,HEALTHY_32_03_10.jpg,train/Normal/HEALTHY_32_03_10.jpg,224,224,3,JPEG,46495,5b26f8c00d60d1b46d94852c9ddae44b4fe2b5c238cc5e13165a0e3272bf319c,d4b330620faf2e5a
HEALTHY_32_03_11,train,Normal,HEALTHY_32_03_11.jpg,train/Normal/HEALTHY_32_03_11.jpg,224,224,3,JPEG,41658,cf9e68040720083bfcde10281f85c0a794ba5e4adad22068c36d5051c1b0bd1a,94b7322a67a72e58
HEALTHY_32_03_ORIGINAL,train,Normal,HEALTHY_32_03_ORIGINAL.jpg,train/Normal/HEALTHY_32_03_ORIGINAL.jpg,224,224,3,JPEG,31764,524600b6bb6d75e12d291c402320e90a3f795387b9bc6e70fa6c9cf3f40eb15e,95953e7f20e30b32
HEALTHY_32_04,train,Normal,HEALTHY_32_04.jpg,train/Normal/HEALTHY_32_04.jpg,350,350,3,JPEG,19724,7608478e120950172c649cc710bcf2a4cd2baf2714c94e9bb5d817234f981fd6,cb070f1f4b174f12
HEALTHY_32_04_10,train,Normal,HEALTHY_32_04_10.jpg,train/Normal/HEALTHY_32_04_10.jpg,224,224,3,JPEG,46162,f52e4508274b3cb13e53cb1882440bbe3d049bb66f2dbc71738899fd5e8a20bb,8b070f1f4c174f1e
HEALTHY_32_04_11,train,Normal,HEALTHY_32_04_11.jpg,train/Normal/HEALTHY_32_04_11.jpg,224,224,3,JPEG,41640,23dbc5b289133e1daf2cf2e03eeaa425f7a731ab2bc37c28cc891e933211d5e1,eb070f1a4a174f5a
HEALTHY_32_04_ORIGINAL,train,Normal,HEALTHY_32_04_ORIGINAL.jpg,train/Normal/HEALTHY_32_04_ORIGINAL.jpg,224,224,3,JPEG,28642,8b23dc9cb5bd1f4d539973eeb7cfb05a8376c78a3b613650c4de052f4e819b7b,cac0479e5f990f91
HEALTHY_92_01,train,Normal,HEALTHY_92_01.jpg,train/Normal/HEALTHY_92_01.jpg,183,183,3,JPEG,6782,fdc916257c35cf408d7a81ff8858b5895db06d13591c7c21a48c29ac4d8e7dba,acac1a190d9f8fc3
HEALTHY_92_02,train,Normal,HEALTHY_92_02.jpg,train/Normal/HEALTHY_92_02.jpg,183,183,3,JPEG,7100,616a47e04811850f6833694cfcf0b4c83d2dc60137c0a2f8586ea4162211ac4e,958fcafc2e1462e1
HEALTHY_93_01,train,Normal,HEALTHY_93_01.jpg,train/Normal/HEALTHY_93_01.jpg,334,334,3,JPEG,20794,5f9d322685646ab7948260d5b60691a24dde17297b0abeb6863294aa66d26656,d5eb4a97a4b0469c
HEALTHY_93_01_1,train,Normal,HEALTHY_93_01_1.jpg,train/Normal/HEALTHY_93_01_1.jpg,224,224,3,JPEG,33317,f1aca1cf366a44d3103d24e1f2780594854d3367e5f1c2a681ae645a63051b7f,8ab719e030de0f8f
HEALTHY_93_01_10,train,Normal,HEALTHY_93_01_10.jpg,train/Normal/HEALTHY_93_01_10.jpg,224,224,3,JPEG,46622,f114ceafd0516c32a11b77a62c8c427f743498a00fd74ae5ab60c9433dcac722,d5eb58b324b0469d
HEALTHY_93_01_11,train,Normal,HEALTHY_93_01_11.jpg,train/Normal/HEALTHY_93_01_11.jpg,224,224,3,JPEG,42187,305fc4afb4124670462ae94b2b99d938e8580360afdb47c25d596a4ef4dfe6b3,d5ab4a9365b8079c
HEALTHY_93_01_13,train,Normal,HEALTHY_93_01_13.jpg,train/Normal/HEALTHY_93_01_13.jpg,224,224,3,JPEG,28207,eb5a9d2674ec6e378524585c7e75397160c9e97a594e179d7e80d80527dfa4d1,f3eadab0ccb24492
HEALTHY_93_01_5,train,Normal,HEALTHY_93_01_5.jpg,train/Normal/HEALTHY_93_01_5.jpg,224,224,3,JPEG,32828,5bdd9a7520af33a9f8f8aab942e77cce64d6bda81470cbaea9482c8677b87190,d5eb48b3a4b8079c
HEALTHY_93_01_8,train,Normal,HEALTHY_93_01_8.jpg,train/Normal/HEALTHY_93_01_8.jpg,224,224,3,JPEG,33329,e896fd96e6f37935808fb6f818687ab0fbbfddf7904052bec40b6f882b95609a,d5eb48b3a6b8069c
HEALTHY_94_01,train,Normal,HEALTHY_94_01.jpg,train/Normal/HEALTHY_94_01.jpg,563,563,3,JPEG,49614,3ffd0420c7b55e93384007cc862e7af9a0b69e20625a4112eb30554641178450,b35b7bbc451a4311
HEALTHY_94_01_1,train,Normal,HEALTHY_94_01_1.jpg,train/Normal/HEALTHY_94_01_1.jpg,224,224,3,JPEG,35210,c3167ed4740714261fdc4011bd43c9a9a0e708bc52cd745a7df78ca4fce4401c,b3db62fc659a4301
HEALTHY_94_01_10,train,Normal,HEALTHY_94_01_10.jpg,train/Normal/HEALTHY_94_01_10.jpg,224,224,3,JPEG,45818,4d5fd697af94ea23ce0b6dc41e81b81874eafbe7ab6a0d553e7b449b51279108,b75b7bf4051a4311
HEALTHY_94_01_11,train,Normal,HEALTHY_94_01_11.jpg,train/Normal/HEALTHY_94_01_11.jpg,224,224,3,JPEG,42732,4b4a535949afe56251feb0c34fd2f6e696e523f7a2f04c9b4bffab69b45cc6ba,b35b7efc445a4301
HEALTHY_94_01_13,train,Normal,HEALTHY_94_01_13.jpg,train/Normal/HEALTHY_94_01_13.jpg,224,224,3,JPEG,33420,4e36a362dd9de13103ec70881dad79e136f6360bbc5a138fda8d6719c267f475,b1cb37ee4d172290
HEALTHY_94_01_4,train,Normal,HEALTHY_94_01_4.jpg,train/Normal/HEALTHY_94_01_4.jpg,224,224,3,JPEG,35317,f9c1544981df82ddb21154f931b45a594baf7bbea885e5fd87318068e2d4f7f5,c4717f1a50b217ab
HEALTHY_95_01,train,Normal,HEALTHY_95_01.jpg,train/Normal/HEALTHY_95_01.jpg,175,175,3,JPEG,9131,eb2d91e7309a83e6ff4443463a3939a8d675b7319ee88cdca1b1d5870399f60b,d65f1e041063a3bf
photo_11_2023-06-24_12-13-13,train,Normal,photo_11_2023-06-24_12-13-13.jpg,train/Normal/photo_11_2023-06-24_12-13-13.jpg,224,224,3,JPEG,25936,7d9c2e4fa104dd429841fa1e1904f15b512ed9919e8b5d36ca3ed29e1a6d864e,d52a2a766a3629b6
sdcvzx,train,Normal,sdcvzx.jpg,train/Normal/sdcvzx.jpg,224,224,3,JPEG,29013,7d10c3db1a03e82efd786a1ec29aaffc846842a32a1bf896b1bea5c6e4e0fef7,c16ed218355ecb53
sdf43f,train,Normal,sdf43f.jpg,train/Normal/sdf43f.jpg,224,224,3,JPEG,31928,db5e6b9dd55487b9fecf3a20ef31e0f82832e7b6ebc04f047581d8c7fc1d6caa,cd2f634362725c1d
